ISO-10303-21;
HEADER;
/* Generated by software containing ST-Developer
 * from STEP Tools, Inc. (www.steptools.com) 
 */

FILE_DESCRIPTION(
/* description */ (''),
/* implementation_level */ '2;1');

FILE_NAME(
/* name */ 'FluxKeeb Case.step',
/* time_stamp */ '2026-04-11T02:13:12+05:30',
/* author */ (''),
/* organization */ (''),
/* preprocessor_version */ 'ST-DEVELOPER v20.1',
/* originating_system */ 'Autodesk Translation Framework v14.24.0.0',
/* authorisation */ '');

FILE_SCHEMA (('AUTOMOTIVE_DESIGN { 1 0 10303 214 3 1 1 }'));
ENDSEC;

DATA;
#10=MECHANICAL_DESIGN_GEOMETRIC_PRESENTATION_REPRESENTATION('',(#13),#10485);
#11=SHAPE_REPRESENTATION_RELATIONSHIP('SRR','None',#10492,#12);
#12=ADVANCED_BREP_SHAPE_REPRESENTATION('',(#14),#10484);
#13=STYLED_ITEM('',(#10501),#14);
#14=MANIFOLD_SOLID_BREP('Body1',#4757);
#15=FACE_BOUND('',#997,.T.);
#16=FACE_BOUND('',#1125,.T.);
#17=FACE_BOUND('',#1179,.T.);
#18=FACE_BOUND('',#1214,.T.);
#19=FACE_BOUND('',#1216,.T.);
#20=FACE_BOUND('',#1217,.T.);
#21=FACE_BOUND('',#1218,.T.);
#22=FACE_BOUND('',#1219,.T.);
#23=FACE_BOUND('',#1220,.T.);
#24=FACE_BOUND('',#1221,.T.);
#25=FACE_BOUND('',#1222,.T.);
#26=B_SPLINE_CURVE_WITH_KNOTS('',3,(#5194,#5195,#5196,#5197,#5198),
 .UNSPECIFIED.,.F.,.F.,(4,1,4),(0.,0.336019495796729,0.720507940328214),
 .UNSPECIFIED.);
#27=B_SPLINE_CURVE_WITH_KNOTS('',3,(#5202,#5203,#5204,#5205,#5206),
 .UNSPECIFIED.,.F.,.F.,(4,1,4),(0.,0.336019495796729,0.720507940328214),
 .UNSPECIFIED.);
#28=B_SPLINE_CURVE_WITH_KNOTS('',3,(#5219,#5220,#5221,#5222,#5223),
 .UNSPECIFIED.,.F.,.F.,(4,1,4),(0.,0.0959258216310364,0.246013858952076),
 .UNSPECIFIED.);
#29=B_SPLINE_CURVE_WITH_KNOTS('',3,(#5226,#5227,#5228,#5229,#5230),
 .UNSPECIFIED.,.F.,.F.,(4,1,4),(0.,0.0959258216310364,0.246013858952076),
 .UNSPECIFIED.);
#30=B_SPLINE_CURVE_WITH_KNOTS('',3,(#5242,#5243,#5244,#5245,#5246),
 .UNSPECIFIED.,.F.,.F.,(4,1,4),(0.,0.0457721115756789,0.089704219331835),
 .UNSPECIFIED.);
#31=B_SPLINE_CURVE_WITH_KNOTS('',3,(#5249,#5250,#5251,#5252,#5253),
 .UNSPECIFIED.,.F.,.F.,(4,1,4),(0.,0.0457721115756789,0.089704219331835),
 .UNSPECIFIED.);
#32=B_SPLINE_CURVE_WITH_KNOTS('',3,(#5265,#5266,#5267,#5268,#5269),
 .UNSPECIFIED.,.F.,.F.,(4,1,4),(0.,0.0738314595392794,0.133742454810164),
 .UNSPECIFIED.);
#33=B_SPLINE_CURVE_WITH_KNOTS('',3,(#5272,#5273,#5274,#5275,#5276),
 .UNSPECIFIED.,.F.,.F.,(4,1,4),(0.,0.0738314595392794,0.133742454810164),
 .UNSPECIFIED.);
#34=B_SPLINE_CURVE_WITH_KNOTS('',3,(#5288,#5289,#5290,#5291,#5292),
 .UNSPECIFIED.,.F.,.F.,(4,1,4),(0.,0.247594649318769,0.481922526478443),
 .UNSPECIFIED.);
#35=B_SPLINE_CURVE_WITH_KNOTS('',3,(#5295,#5296,#5297,#5298,#5299),
 .UNSPECIFIED.,.F.,.F.,(4,1,4),(0.,0.247594649318769,0.481922526478443),
 .UNSPECIFIED.);
#36=B_SPLINE_CURVE_WITH_KNOTS('',3,(#5310,#5311,#5312,#5313,#5314),
 .UNSPECIFIED.,.F.,.F.,(4,1,4),(0.,0.196368944303336,0.357515146600489),
 .UNSPECIFIED.);
#37=B_SPLINE_CURVE_WITH_KNOTS('',3,(#5315,#5316,#5317,#5318,#5319),
 .UNSPECIFIED.,.F.,.F.,(4,1,4),(0.,0.196368944303336,0.357515146600489),
 .UNSPECIFIED.);
#38=B_SPLINE_CURVE_WITH_KNOTS('',3,(#5332,#5333,#5334,#5335,#5336),
 .UNSPECIFIED.,.F.,.F.,(4,1,4),(0.,0.53873045831088,1.11219226446496),
 .UNSPECIFIED.);
#39=B_SPLINE_CURVE_WITH_KNOTS('',3,(#5340,#5341,#5342,#5343,#5344),
 .UNSPECIFIED.,.F.,.F.,(4,1,4),(0.,0.53873045831088,1.11219226446496),
 .UNSPECIFIED.);
#40=B_SPLINE_CURVE_WITH_KNOTS('',3,(#5357,#5358,#5359,#5360,#5361),
 .UNSPECIFIED.,.F.,.F.,(4,1,4),(0.,0.175296956656601,0.407870544915756),
 .UNSPECIFIED.);
#41=B_SPLINE_CURVE_WITH_KNOTS('',3,(#5364,#5365,#5366,#5367,#5368),
 .UNSPECIFIED.,.F.,.F.,(4,1,4),(0.,0.175296956656601,0.407870544915756),
 .UNSPECIFIED.);
#42=B_SPLINE_CURVE_WITH_KNOTS('',3,(#5380,#5381,#5382,#5383,#5384),
 .UNSPECIFIED.,.F.,.F.,(4,1,4),(0.,0.0905245326101803,0.181955508248977),
 .UNSPECIFIED.);
#43=B_SPLINE_CURVE_WITH_KNOTS('',3,(#5387,#5388,#5389,#5390,#5391),
 .UNSPECIFIED.,.F.,.F.,(4,1,4),(0.,0.0905245326101803,0.181955508248977),
 .UNSPECIFIED.);
#44=B_SPLINE_CURVE_WITH_KNOTS('',3,(#5403,#5404,#5405,#5406,#5407),
 .UNSPECIFIED.,.F.,.F.,(4,1,4),(0.,0.0729347690723715,0.14647597008969),
 .UNSPECIFIED.);
#45=B_SPLINE_CURVE_WITH_KNOTS('',3,(#5410,#5411,#5412,#5413,#5414),
 .UNSPECIFIED.,.F.,.F.,(4,1,4),(0.,0.0729347690723715,0.14647597008969),
 .UNSPECIFIED.);
#46=B_SPLINE_CURVE_WITH_KNOTS('',3,(#5426,#5427,#5428,#5429,#5430),
 .UNSPECIFIED.,.F.,.F.,(4,1,4),(0.,0.454242764495407,0.772346595922048),
 .UNSPECIFIED.);
#47=B_SPLINE_CURVE_WITH_KNOTS('',3,(#5433,#5434,#5435,#5436,#5437),
 .UNSPECIFIED.,.F.,.F.,(4,1,4),(0.,0.454242764495407,0.772346595922048),
 .UNSPECIFIED.);
#48=B_SPLINE_CURVE_WITH_KNOTS('',3,(#5449,#5450,#5451,#5452,#5453),
 .UNSPECIFIED.,.F.,.F.,(4,1,4),(0.,0.500098450359485,1.08939285132058),
 .UNSPECIFIED.);
#49=B_SPLINE_CURVE_WITH_KNOTS('',3,(#5456,#5457,#5458,#5459,#5460),
 .UNSPECIFIED.,.F.,.F.,(4,1,4),(0.,0.500098450359485,1.08939285132058),
 .UNSPECIFIED.);
#50=B_SPLINE_CURVE_WITH_KNOTS('',3,(#5472,#5473,#5474,#5475,#5476),
 .UNSPECIFIED.,.F.,.F.,(4,1,4),(0.,0.138886023420683,0.301712030780882),
 .UNSPECIFIED.);
#51=B_SPLINE_CURVE_WITH_KNOTS('',3,(#5479,#5480,#5481,#5482,#5483),
 .UNSPECIFIED.,.F.,.F.,(4,1,4),(0.,0.138886023420683,0.301712030780882),
 .UNSPECIFIED.);
#52=B_SPLINE_CURVE_WITH_KNOTS('',3,(#5495,#5496,#5497,#5498,#5499),
 .UNSPECIFIED.,.F.,.F.,(4,1,4),(0.,0.198543147891307,0.385314690988166),
 .UNSPECIFIED.);
#53=B_SPLINE_CURVE_WITH_KNOTS('',3,(#5502,#5503,#5504,#5505,#5506),
 .UNSPECIFIED.,.F.,.F.,(4,1,4),(0.,0.198543147891307,0.385314690988166),
 .UNSPECIFIED.);
#54=B_SPLINE_CURVE_WITH_KNOTS('',3,(#5518,#5519,#5520,#5521,#5522),
 .UNSPECIFIED.,.F.,.F.,(4,1,4),(0.,0.258798753713968,0.482406776744652),
 .UNSPECIFIED.);
#55=B_SPLINE_CURVE_WITH_KNOTS('',3,(#5525,#5526,#5527,#5528,#5529),
 .UNSPECIFIED.,.F.,.F.,(4,1,4),(0.,0.258798753713968,0.482406776744652),
 .UNSPECIFIED.);
#56=B_SPLINE_CURVE_WITH_KNOTS('',3,(#5541,#5542,#5543,#5544,#5545),
 .UNSPECIFIED.,.F.,.F.,(4,1,4),(0.,0.296603387913815,0.581468467334838),
 .UNSPECIFIED.);
#57=B_SPLINE_CURVE_WITH_KNOTS('',3,(#5548,#5549,#5550,#5551,#5552),
 .UNSPECIFIED.,.F.,.F.,(4,1,4),(0.,0.296603387913815,0.581468467334838),
 .UNSPECIFIED.);
#58=B_SPLINE_CURVE_WITH_KNOTS('',3,(#5564,#5565,#5566,#5567,#5568),
 .UNSPECIFIED.,.F.,.F.,(4,1,4),(0.,0.167929145256753,0.479952642646609),
 .UNSPECIFIED.);
#59=B_SPLINE_CURVE_WITH_KNOTS('',3,(#5571,#5572,#5573,#5574,#5575),
 .UNSPECIFIED.,.F.,.F.,(4,1,4),(0.,0.167929145256753,0.479952642646609),
 .UNSPECIFIED.);
#60=B_SPLINE_CURVE_WITH_KNOTS('',3,(#5587,#5588,#5589,#5590,#5591),
 .UNSPECIFIED.,.F.,.F.,(4,1,4),(0.,0.0260699798693778,0.0476077196752979),
 .UNSPECIFIED.);
#61=B_SPLINE_CURVE_WITH_KNOTS('',3,(#5594,#5595,#5596,#5597,#5598),
 .UNSPECIFIED.,.F.,.F.,(4,1,4),(0.,0.0260699798693778,0.0476077196752979),
 .UNSPECIFIED.);
#62=B_SPLINE_CURVE_WITH_KNOTS('',3,(#5610,#5611,#5612,#5613,#5614),
 .UNSPECIFIED.,.F.,.F.,(4,1,4),(0.,0.0315763831850563,0.0681801869601239),
 .UNSPECIFIED.);
#63=B_SPLINE_CURVE_WITH_KNOTS('',3,(#5617,#5618,#5619,#5620,#5621),
 .UNSPECIFIED.,.F.,.F.,(4,1,4),(0.,0.0315763831850563,0.0681801869601239),
 .UNSPECIFIED.);
#64=B_SPLINE_CURVE_WITH_KNOTS('',3,(#5633,#5634,#5635,#5636,#5637),
 .UNSPECIFIED.,.F.,.F.,(4,1,4),(0.,0.106017130838464,0.175049348402439),
 .UNSPECIFIED.);
#65=B_SPLINE_CURVE_WITH_KNOTS('',3,(#5640,#5641,#5642,#5643,#5644),
 .UNSPECIFIED.,.F.,.F.,(4,1,4),(0.,0.106017130838464,0.175049348402439),
 .UNSPECIFIED.);
#66=B_SPLINE_CURVE_WITH_KNOTS('',3,(#5656,#5657,#5658,#5659,#5660),
 .UNSPECIFIED.,.F.,.F.,(4,1,4),(0.,0.416128738243507,1.03000272960839),
 .UNSPECIFIED.);
#67=B_SPLINE_CURVE_WITH_KNOTS('',3,(#5663,#5664,#5665,#5666,#5667),
 .UNSPECIFIED.,.F.,.F.,(4,1,4),(0.,0.416128738243507,1.03000272960839),
 .UNSPECIFIED.);
#68=B_SPLINE_CURVE_WITH_KNOTS('',3,(#5679,#5680,#5681,#5682,#5683),
 .UNSPECIFIED.,.F.,.F.,(4,1,4),(0.,0.125430500817714,0.27049287448305),
 .UNSPECIFIED.);
#69=B_SPLINE_CURVE_WITH_KNOTS('',3,(#5686,#5687,#5688,#5689,#5690),
 .UNSPECIFIED.,.F.,.F.,(4,1,4),(0.,0.125430500817714,0.27049287448305),
 .UNSPECIFIED.);
#70=B_SPLINE_CURVE_WITH_KNOTS('',3,(#5702,#5703,#5704,#5705,#5706),
 .UNSPECIFIED.,.F.,.F.,(4,1,4),(0.,0.0601707065899767,0.116453373997608),
 .UNSPECIFIED.);
#71=B_SPLINE_CURVE_WITH_KNOTS('',3,(#5709,#5710,#5711,#5712,#5713),
 .UNSPECIFIED.,.F.,.F.,(4,1,4),(0.,0.0601707065899767,0.116453373997608),
 .UNSPECIFIED.);
#72=B_SPLINE_CURVE_WITH_KNOTS('',3,(#5730,#5731,#5732,#5733,#5734),
 .UNSPECIFIED.,.F.,.F.,(4,1,4),(0.,0.451556727164504,1.33560230520188),
 .UNSPECIFIED.);
#73=B_SPLINE_CURVE_WITH_KNOTS('',3,(#5738,#5739,#5740,#5741,#5742),
 .UNSPECIFIED.,.F.,.F.,(4,1,4),(0.,0.451556727164504,1.33560230520188),
 .UNSPECIFIED.);
#74=B_SPLINE_CURVE_WITH_KNOTS('',3,(#5755,#5756,#5757,#5758,#5759),
 .UNSPECIFIED.,.F.,.F.,(4,1,4),(0.,0.0545454025268555,0.110884486688814),
 .UNSPECIFIED.);
#75=B_SPLINE_CURVE_WITH_KNOTS('',3,(#5762,#5763,#5764,#5765,#5766),
 .UNSPECIFIED.,.F.,.F.,(4,1,4),(0.,0.0545454025268555,0.110884486688814),
 .UNSPECIFIED.);
#76=B_SPLINE_CURVE_WITH_KNOTS('',3,(#5778,#5779,#5780,#5781,#5782),
 .UNSPECIFIED.,.F.,.F.,(4,1,4),(0.,0.03909692772925,0.078517699628687),
 .UNSPECIFIED.);
#77=B_SPLINE_CURVE_WITH_KNOTS('',3,(#5785,#5786,#5787,#5788,#5789),
 .UNSPECIFIED.,.F.,.F.,(4,1,4),(0.,0.03909692772925,0.078517699628687),
 .UNSPECIFIED.);
#78=B_SPLINE_CURVE_WITH_KNOTS('',3,(#5801,#5802,#5803,#5804,#5805),
 .UNSPECIFIED.,.F.,.F.,(4,1,4),(0.,0.0768330217169422,0.148627325153921),
 .UNSPECIFIED.);
#79=B_SPLINE_CURVE_WITH_KNOTS('',3,(#5808,#5809,#5810,#5811,#5812),
 .UNSPECIFIED.,.F.,.F.,(4,1,4),(0.,0.0768330217169422,0.148627325153921),
 .UNSPECIFIED.);
#80=B_SPLINE_CURVE_WITH_KNOTS('',3,(#5824,#5825,#5826,#5827,#5828),
 .UNSPECIFIED.,.F.,.F.,(4,1,4),(0.,0.149501716939532,0.232120312141182),
 .UNSPECIFIED.);
#81=B_SPLINE_CURVE_WITH_KNOTS('',3,(#5831,#5832,#5833,#5834,#5835),
 .UNSPECIFIED.,.F.,.F.,(4,1,4),(0.,0.149501716939532,0.232120312141182),
 .UNSPECIFIED.);
#82=B_SPLINE_CURVE_WITH_KNOTS('',3,(#5847,#5848,#5849,#5850,#5851),
 .UNSPECIFIED.,.F.,.F.,(4,1,4),(0.,1.05631286367692,1.74502160827991),
 .UNSPECIFIED.);
#83=B_SPLINE_CURVE_WITH_KNOTS('',3,(#5854,#5855,#5856,#5857,#5858),
 .UNSPECIFIED.,.F.,.F.,(4,1,4),(0.,1.05631286367692,1.74502160827991),
 .UNSPECIFIED.);
#84=B_SPLINE_CURVE_WITH_KNOTS('',3,(#5870,#5871,#5872,#5873,#5874),
 .UNSPECIFIED.,.F.,.F.,(4,1,4),(0.,0.277147162923729,0.744473137988496),
 .UNSPECIFIED.);
#85=B_SPLINE_CURVE_WITH_KNOTS('',3,(#5877,#5878,#5879,#5880,#5881),
 .UNSPECIFIED.,.F.,.F.,(4,1,4),(0.,0.277147162923729,0.744473137988496),
 .UNSPECIFIED.);
#86=B_SPLINE_CURVE_WITH_KNOTS('',3,(#5893,#5894,#5895,#5896,#5897),
 .UNSPECIFIED.,.F.,.F.,(4,1,4),(0.,0.364963389281342,0.814521399535254),
 .UNSPECIFIED.);
#87=B_SPLINE_CURVE_WITH_KNOTS('',3,(#5900,#5901,#5902,#5903,#5904),
 .UNSPECIFIED.,.F.,.F.,(4,1,4),(0.,0.364963389281342,0.814521399535254),
 .UNSPECIFIED.);
#88=B_SPLINE_CURVE_WITH_KNOTS('',3,(#5916,#5917,#5918,#5919,#5920),
 .UNSPECIFIED.,.F.,.F.,(4,1,4),(0.,0.306799418497448,0.789750906728348),
 .UNSPECIFIED.);
#89=B_SPLINE_CURVE_WITH_KNOTS('',3,(#5923,#5924,#5925,#5926,#5927),
 .UNSPECIFIED.,.F.,.F.,(4,1,4),(0.,0.306799418497448,0.789750906728348),
 .UNSPECIFIED.);
#90=B_SPLINE_CURVE_WITH_KNOTS('',3,(#5939,#5940,#5941,#5942,#5943),
 .UNSPECIFIED.,.F.,.F.,(4,1,4),(0.,0.0524445437750456,0.113811893019616),
 .UNSPECIFIED.);
#91=B_SPLINE_CURVE_WITH_KNOTS('',3,(#5946,#5947,#5948,#5949,#5950),
 .UNSPECIFIED.,.F.,.F.,(4,1,4),(0.,0.0524445437750456,0.113811893019616),
 .UNSPECIFIED.);
#92=B_SPLINE_CURVE_WITH_KNOTS('',3,(#5962,#5963,#5964,#5965,#5966),
 .UNSPECIFIED.,.F.,.F.,(4,1,4),(0.,0.0744411486429739,0.152137410518091),
 .UNSPECIFIED.);
#93=B_SPLINE_CURVE_WITH_KNOTS('',3,(#5969,#5970,#5971,#5972,#5973),
 .UNSPECIFIED.,.F.,.F.,(4,1,4),(0.,0.0744411486429739,0.152137410518091),
 .UNSPECIFIED.);
#94=B_SPLINE_CURVE_WITH_KNOTS('',3,(#5985,#5986,#5987,#5988,#5989),
 .UNSPECIFIED.,.F.,.F.,(4,1,4),(0.,0.146442175533142,0.257505411535044),
 .UNSPECIFIED.);
#95=B_SPLINE_CURVE_WITH_KNOTS('',3,(#5992,#5993,#5994,#5995,#5996),
 .UNSPECIFIED.,.F.,.F.,(4,1,4),(0.,0.146442175533142,0.257505411535044),
 .UNSPECIFIED.);
#96=B_SPLINE_CURVE_WITH_KNOTS('',3,(#6008,#6009,#6010,#6011,#6012),
 .UNSPECIFIED.,.F.,.F.,(4,1,4),(0.,0.928648002292563,1.60066158608961),
 .UNSPECIFIED.);
#97=B_SPLINE_CURVE_WITH_KNOTS('',3,(#6015,#6016,#6017,#6018,#6019),
 .UNSPECIFIED.,.F.,.F.,(4,1,4),(0.,0.928648002292563,1.60066158608961),
 .UNSPECIFIED.);
#98=B_SPLINE_CURVE_WITH_KNOTS('',3,(#6031,#6032,#6033,#6034,#6035),
 .UNSPECIFIED.,.F.,.F.,(4,1,4),(0.,0.467546634620238,1.18847660061363),
 .UNSPECIFIED.);
#99=B_SPLINE_CURVE_WITH_KNOTS('',3,(#6038,#6039,#6040,#6041,#6042),
 .UNSPECIFIED.,.F.,.F.,(4,1,4),(0.,0.467546634620238,1.18847660061363),
 .UNSPECIFIED.);
#100=B_SPLINE_CURVE_WITH_KNOTS('',3,(#6054,#6055,#6056,#6057,#6058),
 .UNSPECIFIED.,.F.,.F.,(4,1,4),(0.,0.478037447903401,0.732068211556449),
 .UNSPECIFIED.);
#101=B_SPLINE_CURVE_WITH_KNOTS('',3,(#6061,#6062,#6063,#6064,#6065),
 .UNSPECIFIED.,.F.,.F.,(4,1,4),(0.,0.478037447903401,0.732068211556449),
 .UNSPECIFIED.);
#102=B_SPLINE_CURVE_WITH_KNOTS('',3,(#6077,#6078,#6079,#6080,#6081),
 .UNSPECIFIED.,.F.,.F.,(4,1,4),(0.,0.523887390947642,1.08847253231846),
 .UNSPECIFIED.);
#103=B_SPLINE_CURVE_WITH_KNOTS('',3,(#6084,#6085,#6086,#6087,#6088),
 .UNSPECIFIED.,.F.,.F.,(4,1,4),(0.,0.523887390947642,1.08847253231846),
 .UNSPECIFIED.);
#104=B_SPLINE_CURVE_WITH_KNOTS('',3,(#6100,#6101,#6102,#6103,#6104),
 .UNSPECIFIED.,.F.,.F.,(4,1,4),(0.,0.191702271869168,0.42334518057347),
 .UNSPECIFIED.);
#105=B_SPLINE_CURVE_WITH_KNOTS('',3,(#6107,#6108,#6109,#6110,#6111),
 .UNSPECIFIED.,.F.,.F.,(4,1,4),(0.,0.191702271869168,0.42334518057347),
 .UNSPECIFIED.);
#106=B_SPLINE_CURVE_WITH_KNOTS('',3,(#6123,#6124,#6125,#6126,#6127),
 .UNSPECIFIED.,.F.,.F.,(4,1,4),(0.,0.218496838777116,0.454245509117166),
 .UNSPECIFIED.);
#107=B_SPLINE_CURVE_WITH_KNOTS('',3,(#6130,#6131,#6132,#6133,#6134),
 .UNSPECIFIED.,.F.,.F.,(4,1,4),(0.,0.218496838777116,0.454245509117166),
 .UNSPECIFIED.);
#108=B_SPLINE_CURVE_WITH_KNOTS('',3,(#6146,#6147,#6148,#6149,#6150),
 .UNSPECIFIED.,.F.,.F.,(4,1,4),(0.,0.531052680383934,0.873884244543094),
 .UNSPECIFIED.);
#109=B_SPLINE_CURVE_WITH_KNOTS('',3,(#6153,#6154,#6155,#6156,#6157),
 .UNSPECIFIED.,.F.,.F.,(4,1,4),(0.,0.531052680383934,0.873884244543094),
 .UNSPECIFIED.);
#110=B_SPLINE_CURVE_WITH_KNOTS('',3,(#6169,#6170,#6171,#6172,#6173),
 .UNSPECIFIED.,.F.,.F.,(4,1,4),(0.,0.189768133519508,0.548162603194147),
 .UNSPECIFIED.);
#111=B_SPLINE_CURVE_WITH_KNOTS('',3,(#6176,#6177,#6178,#6179,#6180),
 .UNSPECIFIED.,.F.,.F.,(4,1,4),(0.,0.189768133519508,0.548162603194147),
 .UNSPECIFIED.);
#112=B_SPLINE_CURVE_WITH_KNOTS('',3,(#6192,#6193,#6194,#6195,#6196),
 .UNSPECIFIED.,.F.,.F.,(4,1,4),(0.,0.0541558533361852,0.11749550290499),
 .UNSPECIFIED.);
#113=B_SPLINE_CURVE_WITH_KNOTS('',3,(#6199,#6200,#6201,#6202,#6203),
 .UNSPECIFIED.,.F.,.F.,(4,1,4),(0.,0.0541558533361852,0.11749550290499),
 .UNSPECIFIED.);
#114=B_SPLINE_CURVE_WITH_KNOTS('',3,(#6215,#6216,#6217,#6218,#6219),
 .UNSPECIFIED.,.F.,.F.,(4,1,4),(0.,0.120692517011004,0.188993738144561),
 .UNSPECIFIED.);
#115=B_SPLINE_CURVE_WITH_KNOTS('',3,(#6222,#6223,#6224,#6225,#6226),
 .UNSPECIFIED.,.F.,.F.,(4,1,4),(0.,0.120692517011004,0.188993738144561),
 .UNSPECIFIED.);
#116=B_SPLINE_CURVE_WITH_KNOTS('',3,(#6238,#6239,#6240,#6241,#6242),
 .UNSPECIFIED.,.F.,.F.,(4,1,4),(0.,0.281875807998985,0.901250389927681),
 .UNSPECIFIED.);
#117=B_SPLINE_CURVE_WITH_KNOTS('',3,(#6245,#6246,#6247,#6248,#6249),
 .UNSPECIFIED.,.F.,.F.,(4,1,4),(0.,0.281875807998985,0.901250389927681),
 .UNSPECIFIED.);
#118=B_SPLINE_CURVE_WITH_KNOTS('',3,(#6261,#6262,#6263,#6264,#6265),
 .UNSPECIFIED.,.F.,.F.,(4,1,4),(0.,0.0775235828143264,0.149101526533314),
 .UNSPECIFIED.);
#119=B_SPLINE_CURVE_WITH_KNOTS('',3,(#6268,#6269,#6270,#6271,#6272),
 .UNSPECIFIED.,.F.,.F.,(4,1,4),(0.,0.0775235828143264,0.149101526533314),
 .UNSPECIFIED.);
#120=B_SPLINE_CURVE_WITH_KNOTS('',3,(#6284,#6285,#6286,#6287,#6288),
 .UNSPECIFIED.,.F.,.F.,(4,1,4),(0.,0.138167610204735,0.241717996189131),
 .UNSPECIFIED.);
#121=B_SPLINE_CURVE_WITH_KNOTS('',3,(#6291,#6292,#6293,#6294,#6295),
 .UNSPECIFIED.,.F.,.F.,(4,1,4),(0.,0.138167610204735,0.241717996189131),
 .UNSPECIFIED.);
#122=B_SPLINE_CURVE_WITH_KNOTS('',3,(#6307,#6308,#6309,#6310,#6311),
 .UNSPECIFIED.,.F.,.F.,(4,1,4),(0.,0.594196271648398,1.08423908271671),
 .UNSPECIFIED.);
#123=B_SPLINE_CURVE_WITH_KNOTS('',3,(#6314,#6315,#6316,#6317,#6318),
 .UNSPECIFIED.,.F.,.F.,(4,1,4),(0.,0.594196271648398,1.08423908271671),
 .UNSPECIFIED.);
#124=B_SPLINE_CURVE_WITH_KNOTS('',3,(#6330,#6331,#6332,#6333,#6334),
 .UNSPECIFIED.,.F.,.F.,(4,1,4),(0.,0.319452554075471,0.627852248103213),
 .UNSPECIFIED.);
#125=B_SPLINE_CURVE_WITH_KNOTS('',3,(#6337,#6338,#6339,#6340,#6341),
 .UNSPECIFIED.,.F.,.F.,(4,1,4),(0.,0.319452554075471,0.627852248103213),
 .UNSPECIFIED.);
#126=B_SPLINE_CURVE_WITH_KNOTS('',3,(#6353,#6354,#6355,#6356,#6357),
 .UNSPECIFIED.,.F.,.F.,(4,1,4),(0.,0.945077012312012,1.79261439888006),
 .UNSPECIFIED.);
#127=B_SPLINE_CURVE_WITH_KNOTS('',3,(#6360,#6361,#6362,#6363,#6364),
 .UNSPECIFIED.,.F.,.F.,(4,1,4),(0.,0.945077012312012,1.79261439888006),
 .UNSPECIFIED.);
#128=B_SPLINE_CURVE_WITH_KNOTS('',3,(#6376,#6377,#6378,#6379,#6380),
 .UNSPECIFIED.,.F.,.F.,(4,1,4),(0.,0.0699273442153208,0.194825432917026),
 .UNSPECIFIED.);
#129=B_SPLINE_CURVE_WITH_KNOTS('',3,(#6383,#6384,#6385,#6386,#6387),
 .UNSPECIFIED.,.F.,.F.,(4,1,4),(0.,0.0699273442153208,0.194825432917026),
 .UNSPECIFIED.);
#130=B_SPLINE_CURVE_WITH_KNOTS('',3,(#6399,#6400,#6401,#6402,#6403),
 .UNSPECIFIED.,.F.,.F.,(4,1,4),(0.,0.0756713872879851,0.154894050665244),
 .UNSPECIFIED.);
#131=B_SPLINE_CURVE_WITH_KNOTS('',3,(#6406,#6407,#6408,#6409,#6410),
 .UNSPECIFIED.,.F.,.F.,(4,1,4),(0.,0.0756713872879851,0.154894050665244),
 .UNSPECIFIED.);
#132=B_SPLINE_CURVE_WITH_KNOTS('',3,(#6422,#6423,#6424,#6425,#6426),
 .UNSPECIFIED.,.F.,.F.,(4,1,4),(0.,0.0593027404267616,0.121360066704806),
 .UNSPECIFIED.);
#133=B_SPLINE_CURVE_WITH_KNOTS('',3,(#6429,#6430,#6431,#6432,#6433),
 .UNSPECIFIED.,.F.,.F.,(4,1,4),(0.,0.0593027404267616,0.121360066704806),
 .UNSPECIFIED.);
#134=B_SPLINE_CURVE_WITH_KNOTS('',3,(#6445,#6446,#6447,#6448,#6449),
 .UNSPECIFIED.,.F.,.F.,(4,1,4),(0.,0.0407921218820904,0.0861979888136789),
 .UNSPECIFIED.);
#135=B_SPLINE_CURVE_WITH_KNOTS('',3,(#6452,#6453,#6454,#6455,#6456),
 .UNSPECIFIED.,.F.,.F.,(4,1,4),(0.,0.0407921218820904,0.0861979888136789),
 .UNSPECIFIED.);
#136=B_SPLINE_CURVE_WITH_KNOTS('',3,(#6468,#6469,#6470,#6471,#6472),
 .UNSPECIFIED.,.F.,.F.,(4,1,4),(0.,0.172198213957098,0.2741951755068),
 .UNSPECIFIED.);
#137=B_SPLINE_CURVE_WITH_KNOTS('',3,(#6475,#6476,#6477,#6478,#6479),
 .UNSPECIFIED.,.F.,.F.,(4,1,4),(0.,0.172198213957098,0.2741951755068),
 .UNSPECIFIED.);
#138=B_SPLINE_CURVE_WITH_KNOTS('',3,(#6491,#6492,#6493,#6494,#6495),
 .UNSPECIFIED.,.F.,.F.,(4,1,4),(0.,0.257298892202622,0.57122872878862),
 .UNSPECIFIED.);
#139=B_SPLINE_CURVE_WITH_KNOTS('',3,(#6498,#6499,#6500,#6501,#6502),
 .UNSPECIFIED.,.F.,.F.,(4,1,4),(0.,0.257298892202622,0.57122872878862),
 .UNSPECIFIED.);
#140=B_SPLINE_CURVE_WITH_KNOTS('',3,(#6514,#6515,#6516,#6517,#6518),
 .UNSPECIFIED.,.F.,.F.,(4,1,4),(0.,0.238981944204305,0.694621341349477),
 .UNSPECIFIED.);
#141=B_SPLINE_CURVE_WITH_KNOTS('',3,(#6521,#6522,#6523,#6524,#6525),
 .UNSPECIFIED.,.F.,.F.,(4,1,4),(0.,0.238981944204305,0.694621341349477),
 .UNSPECIFIED.);
#142=B_SPLINE_CURVE_WITH_KNOTS('',3,(#6536,#6537,#6538,#6539,#6540),
 .UNSPECIFIED.,.F.,.F.,(4,1,4),(0.,0.217673221836196,0.587256786568993),
 .UNSPECIFIED.);
#143=B_SPLINE_CURVE_WITH_KNOTS('',3,(#6541,#6542,#6543,#6544,#6545),
 .UNSPECIFIED.,.F.,.F.,(4,1,4),(0.,0.217673221836196,0.587256786568993),
 .UNSPECIFIED.);
#144=B_SPLINE_CURVE_WITH_KNOTS('',3,(#6559,#6560,#6561,#6562,#6563),
 .UNSPECIFIED.,.F.,.F.,(4,1,4),(0.,0.0696550680743015,0.150406868488913),
 .UNSPECIFIED.);
#145=B_SPLINE_CURVE_WITH_KNOTS('',3,(#6567,#6568,#6569,#6570,#6571),
 .UNSPECIFIED.,.F.,.F.,(4,1,4),(0.,0.0696550680743015,0.150406868488913),
 .UNSPECIFIED.);
#146=B_SPLINE_CURVE_WITH_KNOTS('',3,(#6584,#6585,#6586,#6587,#6588),
 .UNSPECIFIED.,.F.,.F.,(4,1,4),(0.,0.168985561448369,0.327386230545208),
 .UNSPECIFIED.);
#147=B_SPLINE_CURVE_WITH_KNOTS('',3,(#6591,#6592,#6593,#6594,#6595),
 .UNSPECIFIED.,.F.,.F.,(4,1,4),(0.,0.168985561448369,0.327386230545208),
 .UNSPECIFIED.);
#148=B_SPLINE_CURVE_WITH_KNOTS('',3,(#6607,#6608,#6609,#6610,#6611),
 .UNSPECIFIED.,.F.,.F.,(4,1,4),(0.,0.253652362730842,0.446523394629961),
 .UNSPECIFIED.);
#149=B_SPLINE_CURVE_WITH_KNOTS('',3,(#6614,#6615,#6616,#6617,#6618),
 .UNSPECIFIED.,.F.,.F.,(4,1,4),(0.,0.253652362730842,0.446523394629961),
 .UNSPECIFIED.);
#150=B_SPLINE_CURVE_WITH_KNOTS('',3,(#6630,#6631,#6632,#6633,#6634),
 .UNSPECIFIED.,.F.,.F.,(4,1,4),(0.,0.177426405172161,0.514056380700277),
 .UNSPECIFIED.);
#151=B_SPLINE_CURVE_WITH_KNOTS('',3,(#6637,#6638,#6639,#6640,#6641),
 .UNSPECIFIED.,.F.,.F.,(4,1,4),(0.,0.177426405172161,0.514056380700277),
 .UNSPECIFIED.);
#152=B_SPLINE_CURVE_WITH_KNOTS('',3,(#6653,#6654,#6655,#6656,#6657),
 .UNSPECIFIED.,.F.,.F.,(4,1,4),(0.,0.0514364464489378,0.0996453028866907),
 .UNSPECIFIED.);
#153=B_SPLINE_CURVE_WITH_KNOTS('',3,(#6660,#6661,#6662,#6663,#6664),
 .UNSPECIFIED.,.F.,.F.,(4,1,4),(0.,0.0514364464489378,0.0996453028866907),
 .UNSPECIFIED.);
#154=B_SPLINE_CURVE_WITH_KNOTS('',3,(#6676,#6677,#6678,#6679,#6680),
 .UNSPECIFIED.,.F.,.F.,(4,1,4),(0.,0.0425192560994474,0.0892119970461126),
 .UNSPECIFIED.);
#155=B_SPLINE_CURVE_WITH_KNOTS('',3,(#6683,#6684,#6685,#6686,#6687),
 .UNSPECIFIED.,.F.,.F.,(4,1,4),(0.,0.0425192560994474,0.0892119970461126),
 .UNSPECIFIED.);
#156=B_SPLINE_CURVE_WITH_KNOTS('',3,(#6699,#6700,#6701,#6702,#6703),
 .UNSPECIFIED.,.F.,.F.,(4,1,4),(0.,0.111122718517333,0.194381958675394),
 .UNSPECIFIED.);
#157=B_SPLINE_CURVE_WITH_KNOTS('',3,(#6706,#6707,#6708,#6709,#6710),
 .UNSPECIFIED.,.F.,.F.,(4,1,4),(0.,0.111122718517333,0.194381958675394),
 .UNSPECIFIED.);
#158=B_SPLINE_CURVE_WITH_KNOTS('',3,(#6722,#6723,#6724,#6725,#6726),
 .UNSPECIFIED.,.F.,.F.,(4,1,4),(0.,0.150125037613786,0.293591353851605),
 .UNSPECIFIED.);
#159=B_SPLINE_CURVE_WITH_KNOTS('',3,(#6729,#6730,#6731,#6732,#6733),
 .UNSPECIFIED.,.F.,.F.,(4,1,4),(0.,0.150125037613786,0.293591353851605),
 .UNSPECIFIED.);
#160=B_SPLINE_CURVE_WITH_KNOTS('',3,(#6745,#6746,#6747,#6748,#6749),
 .UNSPECIFIED.,.F.,.F.,(4,1,4),(0.,0.265254964848721,0.543245647268221),
 .UNSPECIFIED.);
#161=B_SPLINE_CURVE_WITH_KNOTS('',3,(#6752,#6753,#6754,#6755,#6756),
 .UNSPECIFIED.,.F.,.F.,(4,1,4),(0.,0.265254964848721,0.543245647268221),
 .UNSPECIFIED.);
#162=B_SPLINE_CURVE_WITH_KNOTS('',3,(#6768,#6769,#6770,#6771,#6772),
 .UNSPECIFIED.,.F.,.F.,(4,1,4),(0.,0.206796098227053,0.603023287655359),
 .UNSPECIFIED.);
#163=B_SPLINE_CURVE_WITH_KNOTS('',3,(#6775,#6776,#6777,#6778,#6779),
 .UNSPECIFIED.,.F.,.F.,(4,1,4),(0.,0.206796098227053,0.603023287655359),
 .UNSPECIFIED.);
#164=B_SPLINE_CURVE_WITH_KNOTS('',3,(#6791,#6792,#6793,#6794,#6795),
 .UNSPECIFIED.,.F.,.F.,(4,1,4),(0.,0.028153392423071,0.059540047038818),
 .UNSPECIFIED.);
#165=B_SPLINE_CURVE_WITH_KNOTS('',3,(#6798,#6799,#6800,#6801,#6802),
 .UNSPECIFIED.,.F.,.F.,(4,1,4),(0.,0.028153392423071,0.059540047038818),
 .UNSPECIFIED.);
#166=B_SPLINE_CURVE_WITH_KNOTS('',3,(#6814,#6815,#6816,#6817,#6818),
 .UNSPECIFIED.,.F.,.F.,(4,1,4),(0.,0.0363088075756993,0.0664051497446776),
 .UNSPECIFIED.);
#167=B_SPLINE_CURVE_WITH_KNOTS('',3,(#6821,#6822,#6823,#6824,#6825),
 .UNSPECIFIED.,.F.,.F.,(4,1,4),(0.,0.0363088075756993,0.0664051497446776),
 .UNSPECIFIED.);
#168=B_SPLINE_CURVE_WITH_KNOTS('',3,(#6837,#6838,#6839,#6840,#6841),
 .UNSPECIFIED.,.F.,.F.,(4,1,4),(0.,0.274265467201643,0.468249800474225),
 .UNSPECIFIED.);
#169=B_SPLINE_CURVE_WITH_KNOTS('',3,(#6844,#6845,#6846,#6847,#6848),
 .UNSPECIFIED.,.F.,.F.,(4,1,4),(0.,0.274265467201643,0.468249800474225),
 .UNSPECIFIED.);
#170=B_SPLINE_CURVE_WITH_KNOTS('',3,(#6860,#6861,#6862,#6863,#6864),
 .UNSPECIFIED.,.F.,.F.,(4,1,4),(0.,0.348532962102236,0.644889141481009),
 .UNSPECIFIED.);
#171=B_SPLINE_CURVE_WITH_KNOTS('',3,(#6867,#6868,#6869,#6870,#6871),
 .UNSPECIFIED.,.F.,.F.,(4,1,4),(0.,0.348532962102236,0.644889141481009),
 .UNSPECIFIED.);
#172=B_SPLINE_CURVE_WITH_KNOTS('',3,(#6883,#6884,#6885,#6886,#6887),
 .UNSPECIFIED.,.F.,.F.,(4,1,4),(0.,0.0775458528866221,0.212091274487099),
 .UNSPECIFIED.);
#173=B_SPLINE_CURVE_WITH_KNOTS('',3,(#6890,#6891,#6892,#6893,#6894),
 .UNSPECIFIED.,.F.,.F.,(4,1,4),(0.,0.0775458528866221,0.212091274487099),
 .UNSPECIFIED.);
#174=B_SPLINE_CURVE_WITH_KNOTS('',3,(#6906,#6907,#6908,#6909,#6910),
 .UNSPECIFIED.,.F.,.F.,(4,1,4),(0.,0.0387301051060071,0.0715462080357243),
 .UNSPECIFIED.);
#175=B_SPLINE_CURVE_WITH_KNOTS('',3,(#6913,#6914,#6915,#6916,#6917),
 .UNSPECIFIED.,.F.,.F.,(4,1,4),(0.,0.0387301051060071,0.0715462080357243),
 .UNSPECIFIED.);
#176=B_SPLINE_CURVE_WITH_KNOTS('',3,(#6929,#6930,#6931,#6932,#6933),
 .UNSPECIFIED.,.F.,.F.,(4,1,4),(0.,0.0402307528037658,0.0850392934406605),
 .UNSPECIFIED.);
#177=B_SPLINE_CURVE_WITH_KNOTS('',3,(#6936,#6937,#6938,#6939,#6940),
 .UNSPECIFIED.,.F.,.F.,(4,1,4),(0.,0.0402307528037658,0.0850392934406605),
 .UNSPECIFIED.);
#178=B_SPLINE_CURVE_WITH_KNOTS('',3,(#6952,#6953,#6954,#6955,#6956),
 .UNSPECIFIED.,.F.,.F.,(4,1,4),(0.,0.125893529959682,0.212206267030476),
 .UNSPECIFIED.);
#179=B_SPLINE_CURVE_WITH_KNOTS('',3,(#6959,#6960,#6961,#6962,#6963),
 .UNSPECIFIED.,.F.,.F.,(4,1,4),(0.,0.125893529959682,0.212206267030476),
 .UNSPECIFIED.);
#180=B_SPLINE_CURVE_WITH_KNOTS('',3,(#6975,#6976,#6977,#6978,#6979),
 .UNSPECIFIED.,.F.,.F.,(4,1,4),(0.,0.248589269788657,0.455321584783596),
 .UNSPECIFIED.);
#181=B_SPLINE_CURVE_WITH_KNOTS('',3,(#6982,#6983,#6984,#6985,#6986),
 .UNSPECIFIED.,.F.,.F.,(4,1,4),(0.,0.248589269788657,0.455321584783596),
 .UNSPECIFIED.);
#182=B_SPLINE_CURVE_WITH_KNOTS('',3,(#6998,#6999,#7000,#7001,#7002),
 .UNSPECIFIED.,.F.,.F.,(4,1,4),(0.,0.410774771546662,0.928008282830105),
 .UNSPECIFIED.);
#183=B_SPLINE_CURVE_WITH_KNOTS('',3,(#7005,#7006,#7007,#7008,#7009),
 .UNSPECIFIED.,.F.,.F.,(4,1,4),(0.,0.410774771546662,0.928008282830105),
 .UNSPECIFIED.);
#184=B_SPLINE_CURVE_WITH_KNOTS('',3,(#7021,#7022,#7023,#7024,#7025),
 .UNSPECIFIED.,.F.,.F.,(4,1,4),(0.,0.107244816909708,0.224425935105079),
 .UNSPECIFIED.);
#185=B_SPLINE_CURVE_WITH_KNOTS('',3,(#7028,#7029,#7030,#7031,#7032),
 .UNSPECIFIED.,.F.,.F.,(4,1,4),(0.,0.107244816909708,0.224425935105079),
 .UNSPECIFIED.);
#186=B_SPLINE_CURVE_WITH_KNOTS('',3,(#7044,#7045,#7046,#7047,#7048),
 .UNSPECIFIED.,.F.,.F.,(4,1,4),(0.,0.130528731738775,0.265268715705221),
 .UNSPECIFIED.);
#187=B_SPLINE_CURVE_WITH_KNOTS('',3,(#7051,#7052,#7053,#7054,#7055),
 .UNSPECIFIED.,.F.,.F.,(4,1,4),(0.,0.130528731738775,0.265268715705221),
 .UNSPECIFIED.);
#188=B_SPLINE_CURVE_WITH_KNOTS('',3,(#7067,#7068,#7069,#7070,#7071),
 .UNSPECIFIED.,.F.,.F.,(4,1,4),(0.,0.218454643120637,0.391381943959359),
 .UNSPECIFIED.);
#189=B_SPLINE_CURVE_WITH_KNOTS('',3,(#7074,#7075,#7076,#7077,#7078),
 .UNSPECIFIED.,.F.,.F.,(4,1,4),(0.,0.218454643120637,0.391381943959359),
 .UNSPECIFIED.);
#190=B_SPLINE_CURVE_WITH_KNOTS('',3,(#7090,#7091,#7092,#7093,#7094),
 .UNSPECIFIED.,.F.,.F.,(4,1,4),(0.,0.196363401412987,0.35634358935534),
 .UNSPECIFIED.);
#191=B_SPLINE_CURVE_WITH_KNOTS('',3,(#7097,#7098,#7099,#7100,#7101),
 .UNSPECIFIED.,.F.,.F.,(4,1,4),(0.,0.196363401412987,0.35634358935534),
 .UNSPECIFIED.);
#192=B_SPLINE_CURVE_WITH_KNOTS('',3,(#7113,#7114,#7115,#7116,#7117),
 .UNSPECIFIED.,.F.,.F.,(4,1,4),(0.,0.0513281086325383,0.152010167259867),
 .UNSPECIFIED.);
#193=B_SPLINE_CURVE_WITH_KNOTS('',3,(#7120,#7121,#7122,#7123,#7124),
 .UNSPECIFIED.,.F.,.F.,(4,1,4),(0.,0.0513281086325383,0.152010167259867),
 .UNSPECIFIED.);
#194=B_SPLINE_CURVE_WITH_KNOTS('',3,(#7136,#7137,#7138,#7139,#7140),
 .UNSPECIFIED.,.F.,.F.,(4,1,4),(0.,0.155332014894463,0.336551296577621),
 .UNSPECIFIED.);
#195=B_SPLINE_CURVE_WITH_KNOTS('',3,(#7143,#7144,#7145,#7146,#7147),
 .UNSPECIFIED.,.F.,.F.,(4,1,4),(0.,0.155332014894463,0.336551296577621),
 .UNSPECIFIED.);
#196=B_SPLINE_CURVE_WITH_KNOTS('',3,(#7159,#7160,#7161,#7162,#7163),
 .UNSPECIFIED.,.F.,.F.,(4,1,4),(0.,0.141922343612005,0.295045650382652),
 .UNSPECIFIED.);
#197=B_SPLINE_CURVE_WITH_KNOTS('',3,(#7166,#7167,#7168,#7169,#7170),
 .UNSPECIFIED.,.F.,.F.,(4,1,4),(0.,0.141922343612005,0.295045650382652),
 .UNSPECIFIED.);
#198=B_SPLINE_CURVE_WITH_KNOTS('',3,(#7182,#7183,#7184,#7185,#7186),
 .UNSPECIFIED.,.F.,.F.,(4,1,4),(0.00905882027360851,0.057326579761256,0.11734868126256),
 .UNSPECIFIED.);
#199=B_SPLINE_CURVE_WITH_KNOTS('',3,(#7189,#7190,#7191,#7192,#7193),
 .UNSPECIFIED.,.F.,.F.,(4,1,4),(0.00905882027360851,0.057326579761256,0.11734868126256),
 .UNSPECIFIED.);
#200=B_SPLINE_CURVE_WITH_KNOTS('',3,(#7203,#7204,#7205,#7206),
 .UNSPECIFIED.,.F.,.F.,(4,4),(0.,0.00900823397342652),.UNSPECIFIED.);
#201=B_SPLINE_CURVE_WITH_KNOTS('',3,(#7209,#7210,#7211,#7212),
 .UNSPECIFIED.,.F.,.F.,(4,4),(0.,0.00900823397342652),.UNSPECIFIED.);
#202=B_SPLINE_CURVE_WITH_KNOTS('',3,(#7224,#7225,#7226,#7227,#7228),
 .UNSPECIFIED.,.F.,.F.,(4,1,4),(0.,0.341060724456442,0.507696451213151),
 .UNSPECIFIED.);
#203=B_SPLINE_CURVE_WITH_KNOTS('',3,(#7231,#7232,#7233,#7234,#7235),
 .UNSPECIFIED.,.F.,.F.,(4,1,4),(0.,0.341060724456442,0.507696451213151),
 .UNSPECIFIED.);
#204=B_SPLINE_CURVE_WITH_KNOTS('',3,(#7247,#7248,#7249,#7250,#7251),
 .UNSPECIFIED.,.F.,.F.,(4,1,4),(0.,0.137907596600641,0.374383435153711),
 .UNSPECIFIED.);
#205=B_SPLINE_CURVE_WITH_KNOTS('',3,(#7254,#7255,#7256,#7257,#7258),
 .UNSPECIFIED.,.F.,.F.,(4,1,4),(0.,0.137907596600641,0.374383435153711),
 .UNSPECIFIED.);
#206=B_SPLINE_CURVE_WITH_KNOTS('',3,(#7270,#7271,#7272,#7273,#7274),
 .UNSPECIFIED.,.F.,.F.,(4,1,4),(0.,0.137516209169941,0.330791439147772),
 .UNSPECIFIED.);
#207=B_SPLINE_CURVE_WITH_KNOTS('',3,(#7277,#7278,#7279,#7280,#7281),
 .UNSPECIFIED.,.F.,.F.,(4,1,4),(0.,0.137516209169941,0.330791439147772),
 .UNSPECIFIED.);
#208=B_SPLINE_CURVE_WITH_KNOTS('',3,(#7293,#7294,#7295,#7296,#7297),
 .UNSPECIFIED.,.F.,.F.,(4,1,4),(0.,0.148970042872796,0.326348815309655),
 .UNSPECIFIED.);
#209=B_SPLINE_CURVE_WITH_KNOTS('',3,(#7300,#7301,#7302,#7303,#7304),
 .UNSPECIFIED.,.F.,.F.,(4,1,4),(0.,0.148970042872796,0.326348815309655),
 .UNSPECIFIED.);
#210=B_SPLINE_CURVE_WITH_KNOTS('',3,(#7316,#7317,#7318,#7319,#7320),
 .UNSPECIFIED.,.F.,.F.,(4,1,4),(0.,0.158553751011861,0.287149605738382),
 .UNSPECIFIED.);
#211=B_SPLINE_CURVE_WITH_KNOTS('',3,(#7323,#7324,#7325,#7326,#7327),
 .UNSPECIFIED.,.F.,.F.,(4,1,4),(0.,0.158553751011861,0.287149605738382),
 .UNSPECIFIED.);
#212=B_SPLINE_CURVE_WITH_KNOTS('',3,(#7339,#7340,#7341,#7342,#7343),
 .UNSPECIFIED.,.F.,.F.,(4,1,4),(0.,0.242722659214434,0.435603715480273),
 .UNSPECIFIED.);
#213=B_SPLINE_CURVE_WITH_KNOTS('',3,(#7346,#7347,#7348,#7349,#7350),
 .UNSPECIFIED.,.F.,.F.,(4,1,4),(0.,0.242722659214434,0.435603715480273),
 .UNSPECIFIED.);
#214=B_SPLINE_CURVE_WITH_KNOTS('',3,(#7362,#7363,#7364,#7365,#7366),
 .UNSPECIFIED.,.F.,.F.,(4,1,4),(0.,0.207966766201664,0.59101411547077),
 .UNSPECIFIED.);
#215=B_SPLINE_CURVE_WITH_KNOTS('',3,(#7369,#7370,#7371,#7372,#7373),
 .UNSPECIFIED.,.F.,.F.,(4,1,4),(0.,0.207966766201664,0.59101411547077),
 .UNSPECIFIED.);
#216=B_SPLINE_CURVE_WITH_KNOTS('',3,(#7385,#7386,#7387,#7388,#7389),
 .UNSPECIFIED.,.F.,.F.,(4,1,4),(0.,0.0492939868661014,0.105937201616268),
 .UNSPECIFIED.);
#217=B_SPLINE_CURVE_WITH_KNOTS('',3,(#7392,#7393,#7394,#7395,#7396),
 .UNSPECIFIED.,.F.,.F.,(4,1,4),(0.,0.0492939868661014,0.105937201616268),
 .UNSPECIFIED.);
#218=B_SPLINE_CURVE_WITH_KNOTS('',3,(#7408,#7409,#7410,#7411,#7412),
 .UNSPECIFIED.,.F.,.F.,(4,1,4),(0.,0.122216237954748,0.204343378227289),
 .UNSPECIFIED.);
#219=B_SPLINE_CURVE_WITH_KNOTS('',3,(#7415,#7416,#7417,#7418,#7419),
 .UNSPECIFIED.,.F.,.F.,(4,1,4),(0.,0.122216237954748,0.204343378227289),
 .UNSPECIFIED.);
#220=B_SPLINE_CURVE_WITH_KNOTS('',3,(#7431,#7432,#7433,#7434,#7435),
 .UNSPECIFIED.,.F.,.F.,(4,1,4),(0.,0.249021442079062,0.436833964788735),
 .UNSPECIFIED.);
#221=B_SPLINE_CURVE_WITH_KNOTS('',3,(#7438,#7439,#7440,#7441,#7442),
 .UNSPECIFIED.,.F.,.F.,(4,1,4),(0.,0.249021442079062,0.436833964788735),
 .UNSPECIFIED.);
#222=B_SPLINE_CURVE_WITH_KNOTS('',3,(#7454,#7455,#7456,#7457,#7458),
 .UNSPECIFIED.,.F.,.F.,(4,1,4),(0.,0.110027485571813,0.295263887787153),
 .UNSPECIFIED.);
#223=B_SPLINE_CURVE_WITH_KNOTS('',3,(#7461,#7462,#7463,#7464,#7465),
 .UNSPECIFIED.,.F.,.F.,(4,1,4),(0.,0.110027485571813,0.295263887787153),
 .UNSPECIFIED.);
#224=B_SPLINE_CURVE_WITH_KNOTS('',3,(#7477,#7478,#7479,#7480,#7481),
 .UNSPECIFIED.,.F.,.F.,(4,1,4),(0.,0.0929543896147221,0.165913773940988),
 .UNSPECIFIED.);
#225=B_SPLINE_CURVE_WITH_KNOTS('',3,(#7484,#7485,#7486,#7487,#7488),
 .UNSPECIFIED.,.F.,.F.,(4,1,4),(0.,0.0929543896147221,0.165913773940988),
 .UNSPECIFIED.);
#226=B_SPLINE_CURVE_WITH_KNOTS('',3,(#7500,#7501,#7502,#7503,#7504),
 .UNSPECIFIED.,.F.,.F.,(4,1,4),(0.,0.186921929303679,0.305648057832186),
 .UNSPECIFIED.);
#227=B_SPLINE_CURVE_WITH_KNOTS('',3,(#7507,#7508,#7509,#7510,#7511),
 .UNSPECIFIED.,.F.,.F.,(4,1,4),(0.,0.186921929303679,0.305648057832186),
 .UNSPECIFIED.);
#228=B_SPLINE_CURVE_WITH_KNOTS('',3,(#7523,#7524,#7525,#7526,#7527),
 .UNSPECIFIED.,.F.,.F.,(4,1,4),(0.,0.039333354931382,0.0640709128334779),
 .UNSPECIFIED.);
#229=B_SPLINE_CURVE_WITH_KNOTS('',3,(#7530,#7531,#7532,#7533,#7534),
 .UNSPECIFIED.,.F.,.F.,(4,1,4),(0.,0.039333354931382,0.0640709128334779),
 .UNSPECIFIED.);
#230=B_SPLINE_CURVE_WITH_KNOTS('',3,(#7546,#7547,#7548,#7549,#7550),
 .UNSPECIFIED.,.F.,.F.,(4,1,4),(0.,0.477753922805677,0.934576782596008),
 .UNSPECIFIED.);
#231=B_SPLINE_CURVE_WITH_KNOTS('',3,(#7553,#7554,#7555,#7556,#7557),
 .UNSPECIFIED.,.F.,.F.,(4,1,4),(0.,0.477753922805677,0.934576782596008),
 .UNSPECIFIED.);
#232=B_SPLINE_CURVE_WITH_KNOTS('',3,(#7569,#7570,#7571,#7572,#7573),
 .UNSPECIFIED.,.F.,.F.,(4,1,4),(0.,0.0775323567997544,0.180088083050729),
 .UNSPECIFIED.);
#233=B_SPLINE_CURVE_WITH_KNOTS('',3,(#7576,#7577,#7578,#7579,#7580),
 .UNSPECIFIED.,.F.,.F.,(4,1,4),(0.,0.0775323567997544,0.180088083050729),
 .UNSPECIFIED.);
#234=B_SPLINE_CURVE_WITH_KNOTS('',3,(#7592,#7593,#7594,#7595,#7596),
 .UNSPECIFIED.,.F.,.F.,(4,1,4),(0.,0.0377338754337263,0.0745600199790343),
 .UNSPECIFIED.);
#235=B_SPLINE_CURVE_WITH_KNOTS('',3,(#7599,#7600,#7601,#7602,#7603),
 .UNSPECIFIED.,.F.,.F.,(4,1,4),(0.,0.0377338754337263,0.0745600199790343),
 .UNSPECIFIED.);
#236=B_SPLINE_CURVE_WITH_KNOTS('',3,(#7615,#7616,#7617,#7618,#7619),
 .UNSPECIFIED.,.F.,.F.,(4,1,4),(0.,0.0306921658541756,0.0642177500899943),
 .UNSPECIFIED.);
#237=B_SPLINE_CURVE_WITH_KNOTS('',3,(#7622,#7623,#7624,#7625,#7626),
 .UNSPECIFIED.,.F.,.F.,(4,1,4),(0.,0.0306921658541756,0.0642177500899943),
 .UNSPECIFIED.);
#238=B_SPLINE_CURVE_WITH_KNOTS('',3,(#7638,#7639,#7640,#7641,#7642),
 .UNSPECIFIED.,.F.,.F.,(4,1,4),(0.,0.34404295715542,0.515211923055943),
 .UNSPECIFIED.);
#239=B_SPLINE_CURVE_WITH_KNOTS('',3,(#7645,#7646,#7647,#7648,#7649),
 .UNSPECIFIED.,.F.,.F.,(4,1,4),(0.,0.34404295715542,0.515211923055943),
 .UNSPECIFIED.);
#240=B_SPLINE_CURVE_WITH_KNOTS('',3,(#7661,#7662,#7663,#7664,#7665),
 .UNSPECIFIED.,.F.,.F.,(4,1,4),(0.,0.134987059581092,0.362624573563495),
 .UNSPECIFIED.);
#241=B_SPLINE_CURVE_WITH_KNOTS('',3,(#7668,#7669,#7670,#7671,#7672),
 .UNSPECIFIED.,.F.,.F.,(4,1,4),(0.,0.134987059581092,0.362624573563495),
 .UNSPECIFIED.);
#242=B_SPLINE_CURVE_WITH_KNOTS('',3,(#7684,#7685,#7686,#7687,#7688),
 .UNSPECIFIED.,.F.,.F.,(4,1,4),(0.,0.0560049537806239,0.136761537960205),
 .UNSPECIFIED.);
#243=B_SPLINE_CURVE_WITH_KNOTS('',3,(#7691,#7692,#7693,#7694,#7695),
 .UNSPECIFIED.,.F.,.F.,(4,1,4),(0.,0.0560049537806239,0.136761537960205),
 .UNSPECIFIED.);
#244=B_SPLINE_CURVE_WITH_KNOTS('',3,(#7707,#7708,#7709,#7710,#7711),
 .UNSPECIFIED.,.F.,.F.,(4,1,4),(0.,0.0824421848907055,0.183556639071669),
 .UNSPECIFIED.);
#245=B_SPLINE_CURVE_WITH_KNOTS('',3,(#7714,#7715,#7716,#7717,#7718),
 .UNSPECIFIED.,.F.,.F.,(4,1,4),(0.,0.0824421848907055,0.183556639071669),
 .UNSPECIFIED.);
#246=B_SPLINE_CURVE_WITH_KNOTS('',3,(#7730,#7731,#7732,#7733,#7734),
 .UNSPECIFIED.,.F.,.F.,(4,1,4),(0.,0.049502542944837,0.116731022254613),
 .UNSPECIFIED.);
#247=B_SPLINE_CURVE_WITH_KNOTS('',3,(#7737,#7738,#7739,#7740,#7741),
 .UNSPECIFIED.,.F.,.F.,(4,1,4),(0.,0.049502542944837,0.116731022254613),
 .UNSPECIFIED.);
#248=B_SPLINE_CURVE_WITH_KNOTS('',3,(#7753,#7754,#7755,#7756,#7757),
 .UNSPECIFIED.,.F.,.F.,(4,1,4),(0.,0.0570106602190681,0.113086289797778),
 .UNSPECIFIED.);
#249=B_SPLINE_CURVE_WITH_KNOTS('',3,(#7760,#7761,#7762,#7763,#7764),
 .UNSPECIFIED.,.F.,.F.,(4,1,4),(0.,0.0570106602190681,0.113086289797778),
 .UNSPECIFIED.);
#250=B_SPLINE_CURVE_WITH_KNOTS('',3,(#7776,#7777,#7778,#7779,#7780),
 .UNSPECIFIED.,.F.,.F.,(4,1,4),(0.,0.0489225876694994,0.0973669000248158),
 .UNSPECIFIED.);
#251=B_SPLINE_CURVE_WITH_KNOTS('',3,(#7783,#7784,#7785,#7786,#7787),
 .UNSPECIFIED.,.F.,.F.,(4,1,4),(0.,0.0489225876694994,0.0973669000248158),
 .UNSPECIFIED.);
#252=B_SPLINE_CURVE_WITH_KNOTS('',3,(#7799,#7800,#7801,#7802,#7803),
 .UNSPECIFIED.,.F.,.F.,(4,1,4),(0.,0.0793029049360039,0.153932079738111),
 .UNSPECIFIED.);
#253=B_SPLINE_CURVE_WITH_KNOTS('',3,(#7806,#7807,#7808,#7809,#7810),
 .UNSPECIFIED.,.F.,.F.,(4,1,4),(0.,0.0793029049360039,0.153932079738111),
 .UNSPECIFIED.);
#254=B_SPLINE_CURVE_WITH_KNOTS('',3,(#7822,#7823,#7824,#7825,#7826),
 .UNSPECIFIED.,.F.,.F.,(4,1,4),(0.,0.153116479218083,0.248622220047931),
 .UNSPECIFIED.);
#255=B_SPLINE_CURVE_WITH_KNOTS('',3,(#7829,#7830,#7831,#7832,#7833),
 .UNSPECIFIED.,.F.,.F.,(4,1,4),(0.,0.153116479218083,0.248622220047931),
 .UNSPECIFIED.);
#256=B_SPLINE_CURVE_WITH_KNOTS('',3,(#7845,#7846,#7847,#7848,#7849),
 .UNSPECIFIED.,.F.,.F.,(4,1,4),(0.,0.154320814667739,0.227080743637801),
 .UNSPECIFIED.);
#257=B_SPLINE_CURVE_WITH_KNOTS('',3,(#7852,#7853,#7854,#7855,#7856),
 .UNSPECIFIED.,.F.,.F.,(4,1,4),(0.,0.154320814667739,0.227080743637801),
 .UNSPECIFIED.);
#258=B_SPLINE_CURVE_WITH_KNOTS('',3,(#7868,#7869,#7870,#7871,#7872),
 .UNSPECIFIED.,.F.,.F.,(4,1,4),(0.,0.0880118456554512,0.195010133242118),
 .UNSPECIFIED.);
#259=B_SPLINE_CURVE_WITH_KNOTS('',3,(#7875,#7876,#7877,#7878,#7879),
 .UNSPECIFIED.,.F.,.F.,(4,1,4),(0.,0.0880118456554512,0.195010133242118),
 .UNSPECIFIED.);
#260=B_SPLINE_CURVE_WITH_KNOTS('',3,(#7891,#7892,#7893,#7894,#7895),
 .UNSPECIFIED.,.F.,.F.,(4,1,4),(0.,0.0889685833432245,0.174814120508102),
 .UNSPECIFIED.);
#261=B_SPLINE_CURVE_WITH_KNOTS('',3,(#7898,#7899,#7900,#7901,#7902),
 .UNSPECIFIED.,.F.,.F.,(4,1,4),(0.,0.0889685833432245,0.174814120508102),
 .UNSPECIFIED.);
#262=B_SPLINE_CURVE_WITH_KNOTS('',3,(#7914,#7915,#7916,#7917,#7918),
 .UNSPECIFIED.,.F.,.F.,(4,1,4),(0.,0.195085338903174,0.309546844477053),
 .UNSPECIFIED.);
#263=B_SPLINE_CURVE_WITH_KNOTS('',3,(#7921,#7922,#7923,#7924,#7925),
 .UNSPECIFIED.,.F.,.F.,(4,1,4),(0.,0.195085338903174,0.309546844477053),
 .UNSPECIFIED.);
#264=B_SPLINE_CURVE_WITH_KNOTS('',3,(#7937,#7938,#7939,#7940,#7941),
 .UNSPECIFIED.,.F.,.F.,(4,1,4),(0.,0.245367456187735,0.475545352741972),
 .UNSPECIFIED.);
#265=B_SPLINE_CURVE_WITH_KNOTS('',3,(#7944,#7945,#7946,#7947,#7948),
 .UNSPECIFIED.,.F.,.F.,(4,1,4),(0.,0.245367456187735,0.475545352741972),
 .UNSPECIFIED.);
#266=B_SPLINE_CURVE_WITH_KNOTS('',3,(#7960,#7961,#7962,#7963,#7964),
 .UNSPECIFIED.,.F.,.F.,(4,1,4),(0.,0.0627735136375418,0.172997901383602),
 .UNSPECIFIED.);
#267=B_SPLINE_CURVE_WITH_KNOTS('',3,(#7967,#7968,#7969,#7970,#7971),
 .UNSPECIFIED.,.F.,.F.,(4,1,4),(0.,0.0627735136375418,0.172997901383602),
 .UNSPECIFIED.);
#268=B_SPLINE_CURVE_WITH_KNOTS('',3,(#7980,#7981,#7982,#7983),
 .UNSPECIFIED.,.F.,.F.,(4,4),(0.0979986028393235,0.110307326046249),
 .UNSPECIFIED.);
#269=B_SPLINE_CURVE_WITH_KNOTS('',3,(#7984,#7985,#7986,#7987),
 .UNSPECIFIED.,.F.,.F.,(4,4),(0.0979986028393235,0.110307326046249),
 .UNSPECIFIED.);
#270=B_SPLINE_CURVE_WITH_KNOTS('',3,(#8001,#8002,#8003,#8004,#8005),
 .UNSPECIFIED.,.F.,.F.,(4,1,4),(0.,0.677763539218554,1.45641289308304),
 .UNSPECIFIED.);
#271=B_SPLINE_CURVE_WITH_KNOTS('',3,(#8009,#8010,#8011,#8012,#8013),
 .UNSPECIFIED.,.F.,.F.,(4,1,4),(0.,0.677763539218554,1.45641289308304),
 .UNSPECIFIED.);
#272=B_SPLINE_CURVE_WITH_KNOTS('',3,(#8026,#8027,#8028,#8029,#8030),
 .UNSPECIFIED.,.F.,.F.,(4,1,4),(0.,0.276038904388852,0.872113820563581),
 .UNSPECIFIED.);
#273=B_SPLINE_CURVE_WITH_KNOTS('',3,(#8033,#8034,#8035,#8036,#8037),
 .UNSPECIFIED.,.F.,.F.,(4,1,4),(0.,0.276038904388852,0.872113820563581),
 .UNSPECIFIED.);
#274=B_SPLINE_CURVE_WITH_KNOTS('',3,(#8049,#8050,#8051,#8052,#8053),
 .UNSPECIFIED.,.F.,.F.,(4,1,4),(0.,0.0499494461387344,0.094384579221871),
 .UNSPECIFIED.);
#275=B_SPLINE_CURVE_WITH_KNOTS('',3,(#8056,#8057,#8058,#8059,#8060),
 .UNSPECIFIED.,.F.,.F.,(4,1,4),(0.,0.0499494461387344,0.094384579221871),
 .UNSPECIFIED.);
#276=B_SPLINE_CURVE_WITH_KNOTS('',3,(#8072,#8073,#8074,#8075,#8076),
 .UNSPECIFIED.,.F.,.F.,(4,1,4),(0.,0.388247777701475,0.600364584344075),
 .UNSPECIFIED.);
#277=B_SPLINE_CURVE_WITH_KNOTS('',3,(#8079,#8080,#8081,#8082,#8083),
 .UNSPECIFIED.,.F.,.F.,(4,1,4),(0.,0.388247777701475,0.600364584344075),
 .UNSPECIFIED.);
#278=B_SPLINE_CURVE_WITH_KNOTS('',3,(#8094,#8095,#8096,#8097,#8098),
 .UNSPECIFIED.,.F.,.F.,(4,1,4),(0.,0.819781997926301,1.70396010732435),
 .UNSPECIFIED.);
#279=B_SPLINE_CURVE_WITH_KNOTS('',3,(#8099,#8100,#8101,#8102,#8103),
 .UNSPECIFIED.,.F.,.F.,(4,1,4),(0.,0.819781997926301,1.70396010732435),
 .UNSPECIFIED.);
#280=B_SPLINE_CURVE_WITH_KNOTS('',3,(#8116,#8117,#8118,#8119,#8120),
 .UNSPECIFIED.,.F.,.F.,(4,1,4),(0.,0.191481409875004,0.440688807677915),
 .UNSPECIFIED.);
#281=B_SPLINE_CURVE_WITH_KNOTS('',3,(#8124,#8125,#8126,#8127,#8128),
 .UNSPECIFIED.,.F.,.F.,(4,1,4),(0.,0.191481409875004,0.440688807677915),
 .UNSPECIFIED.);
#282=B_SPLINE_CURVE_WITH_KNOTS('',3,(#8141,#8142,#8143,#8144,#8145),
 .UNSPECIFIED.,.F.,.F.,(4,1,4),(0.,0.553140536566983,1.1496814670062),
 .UNSPECIFIED.);
#283=B_SPLINE_CURVE_WITH_KNOTS('',3,(#8148,#8149,#8150,#8151,#8152),
 .UNSPECIFIED.,.F.,.F.,(4,1,4),(0.,0.553140536566983,1.1496814670062),
 .UNSPECIFIED.);
#284=B_SPLINE_CURVE_WITH_KNOTS('',3,(#8164,#8165,#8166,#8167,#8168),
 .UNSPECIFIED.,.F.,.F.,(4,1,4),(0.,0.572200399880218,1.55130069737069),
 .UNSPECIFIED.);
#285=B_SPLINE_CURVE_WITH_KNOTS('',3,(#8171,#8172,#8173,#8174,#8175),
 .UNSPECIFIED.,.F.,.F.,(4,1,4),(0.,0.572200399880218,1.55130069737069),
 .UNSPECIFIED.);
#286=B_SPLINE_CURVE_WITH_KNOTS('',3,(#8187,#8188,#8189,#8190,#8191),
 .UNSPECIFIED.,.F.,.F.,(4,1,4),(0.,0.0841910472958868,0.167650021436858),
 .UNSPECIFIED.);
#287=B_SPLINE_CURVE_WITH_KNOTS('',3,(#8194,#8195,#8196,#8197,#8198),
 .UNSPECIFIED.,.F.,.F.,(4,1,4),(0.,0.0841910472958868,0.167650021436858),
 .UNSPECIFIED.);
#288=B_SPLINE_CURVE_WITH_KNOTS('',3,(#8210,#8211,#8212,#8213,#8214),
 .UNSPECIFIED.,.F.,.F.,(4,1,4),(0.,0.0810183432026799,0.161775001458561),
 .UNSPECIFIED.);
#289=B_SPLINE_CURVE_WITH_KNOTS('',3,(#8217,#8218,#8219,#8220,#8221),
 .UNSPECIFIED.,.F.,.F.,(4,1,4),(0.,0.0810183432026799,0.161775001458561),
 .UNSPECIFIED.);
#290=B_SPLINE_CURVE_WITH_KNOTS('',3,(#8233,#8234,#8235,#8236,#8237),
 .UNSPECIFIED.,.F.,.F.,(4,1,4),(0.,0.559397479163587,0.897379185239237),
 .UNSPECIFIED.);
#291=B_SPLINE_CURVE_WITH_KNOTS('',3,(#8240,#8241,#8242,#8243,#8244),
 .UNSPECIFIED.,.F.,.F.,(4,1,4),(0.,0.559397479163587,0.897379185239237),
 .UNSPECIFIED.);
#292=B_SPLINE_CURVE_WITH_KNOTS('',3,(#8256,#8257,#8258,#8259,#8260),
 .UNSPECIFIED.,.F.,.F.,(4,1,4),(0.,1.08300519417021,2.01227924711738),
 .UNSPECIFIED.);
#293=B_SPLINE_CURVE_WITH_KNOTS('',3,(#8263,#8264,#8265,#8266,#8267),
 .UNSPECIFIED.,.F.,.F.,(4,1,4),(0.,1.08300519417021,2.01227924711738),
 .UNSPECIFIED.);
#294=B_SPLINE_CURVE_WITH_KNOTS('',3,(#8279,#8280,#8281,#8282,#8283),
 .UNSPECIFIED.,.F.,.F.,(4,1,4),(0.,0.342113402409836,0.760437525161554),
 .UNSPECIFIED.);
#295=B_SPLINE_CURVE_WITH_KNOTS('',3,(#8286,#8287,#8288,#8289,#8290),
 .UNSPECIFIED.,.F.,.F.,(4,1,4),(0.,0.342113402409836,0.760437525161554),
 .UNSPECIFIED.);
#296=B_SPLINE_CURVE_WITH_KNOTS('',3,(#8302,#8303,#8304,#8305,#8306),
 .UNSPECIFIED.,.F.,.F.,(4,1,4),(0.,0.195749991752759,0.462979861923917),
 .UNSPECIFIED.);
#297=B_SPLINE_CURVE_WITH_KNOTS('',3,(#8309,#8310,#8311,#8312,#8313),
 .UNSPECIFIED.,.F.,.F.,(4,1,4),(0.,0.195749991752759,0.462979861923917),
 .UNSPECIFIED.);
#298=B_SPLINE_CURVE_WITH_KNOTS('',3,(#8325,#8326,#8327,#8328,#8329),
 .UNSPECIFIED.,.F.,.F.,(4,1,4),(0.,0.0829375017308336,0.172522238554811),
 .UNSPECIFIED.);
#299=B_SPLINE_CURVE_WITH_KNOTS('',3,(#8332,#8333,#8334,#8335,#8336),
 .UNSPECIFIED.,.F.,.F.,(4,1,4),(0.,0.0829375017308336,0.172522238554811),
 .UNSPECIFIED.);
#300=B_SPLINE_CURVE_WITH_KNOTS('',3,(#8348,#8349,#8350,#8351,#8352),
 .UNSPECIFIED.,.F.,.F.,(4,1,4),(0.,0.103026523636725,0.209208581200504),
 .UNSPECIFIED.);
#301=B_SPLINE_CURVE_WITH_KNOTS('',3,(#8355,#8356,#8357,#8358,#8359),
 .UNSPECIFIED.,.F.,.F.,(4,1,4),(0.,0.103026523636725,0.209208581200504),
 .UNSPECIFIED.);
#302=B_SPLINE_CURVE_WITH_KNOTS('',3,(#8371,#8372,#8373,#8374,#8375),
 .UNSPECIFIED.,.F.,.F.,(4,1,4),(0.,0.415584102784149,0.700483782797319),
 .UNSPECIFIED.);
#303=B_SPLINE_CURVE_WITH_KNOTS('',3,(#8378,#8379,#8380,#8381,#8382),
 .UNSPECIFIED.,.F.,.F.,(4,1,4),(0.,0.415584102784149,0.700483782797319),
 .UNSPECIFIED.);
#304=B_SPLINE_CURVE_WITH_KNOTS('',3,(#8394,#8395,#8396,#8397,#8398),
 .UNSPECIFIED.,.F.,.F.,(4,1,4),(0.,0.202334865294287,0.586004944110326),
 .UNSPECIFIED.);
#305=B_SPLINE_CURVE_WITH_KNOTS('',3,(#8401,#8402,#8403,#8404,#8405),
 .UNSPECIFIED.,.F.,.F.,(4,1,4),(0.,0.202334865294287,0.586004944110326),
 .UNSPECIFIED.);
#306=B_SPLINE_CURVE_WITH_KNOTS('',3,(#8417,#8418,#8419,#8420,#8421),
 .UNSPECIFIED.,.F.,.F.,(4,1,4),(0.,0.0595699324733746,0.117300135803754),
 .UNSPECIFIED.);
#307=B_SPLINE_CURVE_WITH_KNOTS('',3,(#8424,#8425,#8426,#8427,#8428),
 .UNSPECIFIED.,.F.,.F.,(4,1,4),(0.,0.0595699324733746,0.117300135803754),
 .UNSPECIFIED.);
#308=B_SPLINE_CURVE_WITH_KNOTS('',3,(#8440,#8441,#8442,#8443,#8444),
 .UNSPECIFIED.,.F.,.F.,(4,1,4),(0.,0.097030348825795,0.167000071755532),
 .UNSPECIFIED.);
#309=B_SPLINE_CURVE_WITH_KNOTS('',3,(#8447,#8448,#8449,#8450,#8451),
 .UNSPECIFIED.,.F.,.F.,(4,1,4),(0.,0.097030348825795,0.167000071755532),
 .UNSPECIFIED.);
#310=B_SPLINE_CURVE_WITH_KNOTS('',3,(#8463,#8464,#8465,#8466,#8467),
 .UNSPECIFIED.,.F.,.F.,(4,1,4),(0.,0.166131976795621,0.417306698836982),
 .UNSPECIFIED.);
#311=B_SPLINE_CURVE_WITH_KNOTS('',3,(#8470,#8471,#8472,#8473,#8474),
 .UNSPECIFIED.,.F.,.F.,(4,1,4),(0.,0.166131976795621,0.417306698836982),
 .UNSPECIFIED.);
#312=B_SPLINE_CURVE_WITH_KNOTS('',3,(#8486,#8487,#8488,#8489,#8490),
 .UNSPECIFIED.,.F.,.F.,(4,1,4),(0.,0.129791063820342,0.341157323699459),
 .UNSPECIFIED.);
#313=B_SPLINE_CURVE_WITH_KNOTS('',3,(#8493,#8494,#8495,#8496,#8497),
 .UNSPECIFIED.,.F.,.F.,(4,1,4),(0.,0.129791063820342,0.341157323699459),
 .UNSPECIFIED.);
#314=B_SPLINE_CURVE_WITH_KNOTS('',3,(#8509,#8510,#8511,#8512,#8513),
 .UNSPECIFIED.,.F.,.F.,(4,1,4),(0.,0.0572700679277622,0.112700569851335),
 .UNSPECIFIED.);
#315=B_SPLINE_CURVE_WITH_KNOTS('',3,(#8516,#8517,#8518,#8519,#8520),
 .UNSPECIFIED.,.F.,.F.,(4,1,4),(0.,0.0572700679277622,0.112700569851335),
 .UNSPECIFIED.);
#316=B_SPLINE_CURVE_WITH_KNOTS('',3,(#8532,#8533,#8534,#8535,#8536),
 .UNSPECIFIED.,.F.,.F.,(4,1,4),(0.,0.122980206349456,0.200119054368034),
 .UNSPECIFIED.);
#317=B_SPLINE_CURVE_WITH_KNOTS('',3,(#8539,#8540,#8541,#8542,#8543),
 .UNSPECIFIED.,.F.,.F.,(4,1,4),(0.,0.122980206349456,0.200119054368034),
 .UNSPECIFIED.);
#318=B_SPLINE_CURVE_WITH_KNOTS('',3,(#8554,#8555,#8556,#8557,#8558),
 .UNSPECIFIED.,.F.,.F.,(4,1,4),(0.,0.218845873538064,0.389265396626986),
 .UNSPECIFIED.);
#319=B_SPLINE_CURVE_WITH_KNOTS('',3,(#8559,#8560,#8561,#8562,#8563),
 .UNSPECIFIED.,.F.,.F.,(4,1,4),(0.,0.218845873538064,0.389265396626986),
 .UNSPECIFIED.);
#320=B_SPLINE_CURVE_WITH_KNOTS('',3,(#8577,#8578,#8579,#8580,#8581),
 .UNSPECIFIED.,.F.,.F.,(4,1,4),(0.,0.262025140518896,0.507792796051533),
 .UNSPECIFIED.);
#321=B_SPLINE_CURVE_WITH_KNOTS('',3,(#8585,#8586,#8587,#8588,#8589),
 .UNSPECIFIED.,.F.,.F.,(4,1,4),(0.,0.262025140518896,0.507792796051533),
 .UNSPECIFIED.);
#322=B_SPLINE_CURVE_WITH_KNOTS('',3,(#8602,#8603,#8604,#8605,#8606),
 .UNSPECIFIED.,.F.,.F.,(4,1,4),(0.,0.211461383791905,0.533285240607611),
 .UNSPECIFIED.);
#323=B_SPLINE_CURVE_WITH_KNOTS('',3,(#8609,#8610,#8611,#8612,#8613),
 .UNSPECIFIED.,.F.,.F.,(4,1,4),(0.,0.211461383791905,0.533285240607611),
 .UNSPECIFIED.);
#324=B_SPLINE_CURVE_WITH_KNOTS('',3,(#8625,#8626,#8627,#8628,#8629),
 .UNSPECIFIED.,.F.,.F.,(4,1,4),(0.,0.0930056014259417,0.172361707293796),
 .UNSPECIFIED.);
#325=B_SPLINE_CURVE_WITH_KNOTS('',3,(#8632,#8633,#8634,#8635,#8636),
 .UNSPECIFIED.,.F.,.F.,(4,1,4),(0.,0.0930056014259417,0.172361707293796),
 .UNSPECIFIED.);
#326=B_SPLINE_CURVE_WITH_KNOTS('',3,(#8648,#8649,#8650,#8651,#8652),
 .UNSPECIFIED.,.F.,.F.,(4,1,4),(0.,0.0422381164593139,0.0993416720865995),
 .UNSPECIFIED.);
#327=B_SPLINE_CURVE_WITH_KNOTS('',3,(#8655,#8656,#8657,#8658,#8659),
 .UNSPECIFIED.,.F.,.F.,(4,1,4),(0.,0.0422381164593139,0.0993416720865995),
 .UNSPECIFIED.);
#328=B_SPLINE_CURVE_WITH_KNOTS('',3,(#8671,#8672,#8673,#8674,#8675),
 .UNSPECIFIED.,.F.,.F.,(4,1,4),(0.,0.0383804850234304,0.077362718880116),
 .UNSPECIFIED.);
#329=B_SPLINE_CURVE_WITH_KNOTS('',3,(#8678,#8679,#8680,#8681,#8682),
 .UNSPECIFIED.,.F.,.F.,(4,1,4),(0.,0.0383804850234304,0.077362718880116),
 .UNSPECIFIED.);
#330=B_SPLINE_CURVE_WITH_KNOTS('',3,(#8694,#8695,#8696,#8697,#8698),
 .UNSPECIFIED.,.F.,.F.,(4,1,4),(0.,0.0816685761925406,0.16811913750616),
 .UNSPECIFIED.);
#331=B_SPLINE_CURVE_WITH_KNOTS('',3,(#8701,#8702,#8703,#8704,#8705),
 .UNSPECIFIED.,.F.,.F.,(4,1,4),(0.,0.0816685761925406,0.16811913750616),
 .UNSPECIFIED.);
#332=B_SPLINE_CURVE_WITH_KNOTS('',3,(#8717,#8718,#8719,#8720,#8721),
 .UNSPECIFIED.,.F.,.F.,(4,1,4),(0.,0.25885383672589,0.413162451290363),
 .UNSPECIFIED.);
#333=B_SPLINE_CURVE_WITH_KNOTS('',3,(#8724,#8725,#8726,#8727,#8728),
 .UNSPECIFIED.,.F.,.F.,(4,1,4),(0.,0.25885383672589,0.413162451290363),
 .UNSPECIFIED.);
#334=B_SPLINE_CURVE_WITH_KNOTS('',3,(#8740,#8741,#8742,#8743,#8744),
 .UNSPECIFIED.,.F.,.F.,(4,1,4),(0.,0.367082478180278,0.632337773143689),
 .UNSPECIFIED.);
#335=B_SPLINE_CURVE_WITH_KNOTS('',3,(#8747,#8748,#8749,#8750,#8751),
 .UNSPECIFIED.,.F.,.F.,(4,1,4),(0.,0.367082478180278,0.632337773143689),
 .UNSPECIFIED.);
#336=B_SPLINE_CURVE_WITH_KNOTS('',3,(#8763,#8764,#8765,#8766,#8767),
 .UNSPECIFIED.,.F.,.F.,(4,1,4),(0.,0.390703176021968,0.766118337646117),
 .UNSPECIFIED.);
#337=B_SPLINE_CURVE_WITH_KNOTS('',3,(#8770,#8771,#8772,#8773,#8774),
 .UNSPECIFIED.,.F.,.F.,(4,1,4),(0.,0.390703176021968,0.766118337646117),
 .UNSPECIFIED.);
#338=B_SPLINE_CURVE_WITH_KNOTS('',3,(#8786,#8787,#8788,#8789,#8790),
 .UNSPECIFIED.,.F.,.F.,(4,1,4),(0.,0.143540187851981,0.370460899804915),
 .UNSPECIFIED.);
#339=B_SPLINE_CURVE_WITH_KNOTS('',3,(#8793,#8794,#8795,#8796,#8797),
 .UNSPECIFIED.,.F.,.F.,(4,1,4),(0.,0.143540187851981,0.370460899804915),
 .UNSPECIFIED.);
#340=B_SPLINE_CURVE_WITH_KNOTS('',3,(#8809,#8810,#8811,#8812,#8813),
 .UNSPECIFIED.,.F.,.F.,(4,1,4),(0.,0.0819852015928345,0.161560952698473),
 .UNSPECIFIED.);
#341=B_SPLINE_CURVE_WITH_KNOTS('',3,(#8816,#8817,#8818,#8819,#8820),
 .UNSPECIFIED.,.F.,.F.,(4,1,4),(0.,0.0819852015928345,0.161560952698473),
 .UNSPECIFIED.);
#342=B_SPLINE_CURVE_WITH_KNOTS('',3,(#8832,#8833,#8834,#8835,#8836),
 .UNSPECIFIED.,.F.,.F.,(4,1,4),(0.,0.622675508718689,1.28745276152741),
 .UNSPECIFIED.);
#343=B_SPLINE_CURVE_WITH_KNOTS('',3,(#8839,#8840,#8841,#8842,#8843),
 .UNSPECIFIED.,.F.,.F.,(4,1,4),(0.,0.622675508718689,1.28745276152741),
 .UNSPECIFIED.);
#344=B_SPLINE_CURVE_WITH_KNOTS('',3,(#8855,#8856,#8857,#8858,#8859),
 .UNSPECIFIED.,.F.,.F.,(4,1,4),(0.,0.811142301694114,1.71916212729531),
 .UNSPECIFIED.);
#345=B_SPLINE_CURVE_WITH_KNOTS('',3,(#8862,#8863,#8864,#8865,#8866),
 .UNSPECIFIED.,.F.,.F.,(4,1,4),(0.,0.811142301694114,1.71916212729531),
 .UNSPECIFIED.);
#346=B_SPLINE_CURVE_WITH_KNOTS('',3,(#8878,#8879,#8880,#8881,#8882),
 .UNSPECIFIED.,.F.,.F.,(4,1,4),(0.,0.170574086672555,0.536964435780794),
 .UNSPECIFIED.);
#347=B_SPLINE_CURVE_WITH_KNOTS('',3,(#8885,#8886,#8887,#8888,#8889),
 .UNSPECIFIED.,.F.,.F.,(4,1,4),(0.,0.170574086672555,0.536964435780794),
 .UNSPECIFIED.);
#348=B_SPLINE_CURVE_WITH_KNOTS('',3,(#8901,#8902,#8903,#8904,#8905),
 .UNSPECIFIED.,.F.,.F.,(4,1,4),(0.,0.0744839896953592,0.142276793374092),
 .UNSPECIFIED.);
#349=B_SPLINE_CURVE_WITH_KNOTS('',3,(#8908,#8909,#8910,#8911,#8912),
 .UNSPECIFIED.,.F.,.F.,(4,1,4),(0.,0.0744839896953592,0.142276793374092),
 .UNSPECIFIED.);
#350=B_SPLINE_CURVE_WITH_KNOTS('',3,(#8924,#8925,#8926,#8927,#8928),
 .UNSPECIFIED.,.F.,.F.,(4,1,4),(0.,0.0782282823842207,0.169858927236728),
 .UNSPECIFIED.);
#351=B_SPLINE_CURVE_WITH_KNOTS('',3,(#8931,#8932,#8933,#8934,#8935),
 .UNSPECIFIED.,.F.,.F.,(4,1,4),(0.,0.0782282823842207,0.169858927236728),
 .UNSPECIFIED.);
#352=B_SPLINE_CURVE_WITH_KNOTS('',3,(#8947,#8948,#8949,#8950,#8951),
 .UNSPECIFIED.,.F.,.F.,(4,1,4),(0.,0.128482116367397,0.217939744127561),
 .UNSPECIFIED.);
#353=B_SPLINE_CURVE_WITH_KNOTS('',3,(#8954,#8955,#8956,#8957,#8958),
 .UNSPECIFIED.,.F.,.F.,(4,1,4),(0.,0.128482116367397,0.217939744127561),
 .UNSPECIFIED.);
#354=B_SPLINE_CURVE_WITH_KNOTS('',3,(#8970,#8971,#8972,#8973,#8974),
 .UNSPECIFIED.,.F.,.F.,(4,1,4),(0.,0.895403639295179,1.90163109129862),
 .UNSPECIFIED.);
#355=B_SPLINE_CURVE_WITH_KNOTS('',3,(#8977,#8978,#8979,#8980,#8981),
 .UNSPECIFIED.,.F.,.F.,(4,1,4),(0.,0.895403639295179,1.90163109129862),
 .UNSPECIFIED.);
#356=B_SPLINE_CURVE_WITH_KNOTS('',3,(#8993,#8994,#8995,#8996,#8997),
 .UNSPECIFIED.,.F.,.F.,(4,1,4),(0.,0.386177028850443,0.97726060551254),
 .UNSPECIFIED.);
#357=B_SPLINE_CURVE_WITH_KNOTS('',3,(#9000,#9001,#9002,#9003,#9004),
 .UNSPECIFIED.,.F.,.F.,(4,1,4),(0.,0.386177028850443,0.97726060551254),
 .UNSPECIFIED.);
#358=B_SPLINE_CURVE_WITH_KNOTS('',3,(#9016,#9017,#9018,#9019,#9020),
 .UNSPECIFIED.,.F.,.F.,(4,1,4),(0.,0.0756679138693956,0.12803653730776),
 .UNSPECIFIED.);
#359=B_SPLINE_CURVE_WITH_KNOTS('',3,(#9023,#9024,#9025,#9026,#9027),
 .UNSPECIFIED.,.F.,.F.,(4,1,4),(0.,0.0756679138693956,0.12803653730776),
 .UNSPECIFIED.);
#360=B_SPLINE_CURVE_WITH_KNOTS('',3,(#9045,#9046,#9047,#9048,#9049),
 .UNSPECIFIED.,.F.,.F.,(4,1,4),(0.,0.144535272987143,0.303779631912316),
 .UNSPECIFIED.);
#361=B_SPLINE_CURVE_WITH_KNOTS('',3,(#9052,#9053,#9054,#9055,#9056),
 .UNSPECIFIED.,.F.,.F.,(4,1,4),(0.,0.144535272987143,0.303779631912316),
 .UNSPECIFIED.);
#362=B_SPLINE_CURVE_WITH_KNOTS('',3,(#9068,#9069,#9070,#9071,#9072),
 .UNSPECIFIED.,.F.,.F.,(4,1,4),(0.,0.0650207784398226,0.136282299317609),
 .UNSPECIFIED.);
#363=B_SPLINE_CURVE_WITH_KNOTS('',3,(#9075,#9076,#9077,#9078,#9079),
 .UNSPECIFIED.,.F.,.F.,(4,1,4),(0.,0.0650207784398226,0.136282299317609),
 .UNSPECIFIED.);
#364=B_SPLINE_CURVE_WITH_KNOTS('',3,(#9091,#9092,#9093,#9094,#9095),
 .UNSPECIFIED.,.F.,.F.,(4,1,4),(0.,0.102710418896081,0.179626305932992),
 .UNSPECIFIED.);
#365=B_SPLINE_CURVE_WITH_KNOTS('',3,(#9098,#9099,#9100,#9101,#9102),
 .UNSPECIFIED.,.F.,.F.,(4,1,4),(0.,0.102710418896081,0.179626305932992),
 .UNSPECIFIED.);
#366=B_SPLINE_CURVE_WITH_KNOTS('',3,(#9114,#9115,#9116,#9117,#9118),
 .UNSPECIFIED.,.F.,.F.,(4,1,4),(0.,0.539850969024773,0.879475583568739),
 .UNSPECIFIED.);
#367=B_SPLINE_CURVE_WITH_KNOTS('',3,(#9121,#9122,#9123,#9124,#9125),
 .UNSPECIFIED.,.F.,.F.,(4,1,4),(0.,0.539850969024773,0.879475583568739),
 .UNSPECIFIED.);
#368=B_SPLINE_CURVE_WITH_KNOTS('',3,(#9137,#9138,#9139,#9140,#9141),
 .UNSPECIFIED.,.F.,.F.,(4,1,4),(0.,0.412514910535694,0.711109034823817),
 .UNSPECIFIED.);
#369=B_SPLINE_CURVE_WITH_KNOTS('',3,(#9144,#9145,#9146,#9147,#9148),
 .UNSPECIFIED.,.F.,.F.,(4,1,4),(0.,0.412514910535694,0.711109034823817),
 .UNSPECIFIED.);
#370=B_SPLINE_CURVE_WITH_KNOTS('',3,(#9159,#9160,#9161,#9162,#9163),
 .UNSPECIFIED.,.F.,.F.,(4,1,4),(0.,0.284871751888157,0.688295130878207),
 .UNSPECIFIED.);
#371=B_SPLINE_CURVE_WITH_KNOTS('',3,(#9164,#9165,#9166,#9167,#9168),
 .UNSPECIFIED.,.F.,.F.,(4,1,4),(0.,0.284871751888157,0.688295130878207),
 .UNSPECIFIED.);
#372=B_SPLINE_CURVE_WITH_KNOTS('',3,(#9182,#9183,#9184,#9185,#9186),
 .UNSPECIFIED.,.F.,.F.,(4,1,4),(0.,0.336018845603311,0.720506826530201),
 .UNSPECIFIED.);
#373=B_SPLINE_CURVE_WITH_KNOTS('',3,(#9190,#9191,#9192,#9193,#9194),
 .UNSPECIFIED.,.F.,.F.,(4,1,4),(0.,0.336018845603311,0.720506826530201),
 .UNSPECIFIED.);
#374=B_SPLINE_CURVE_WITH_KNOTS('',3,(#9207,#9208,#9209,#9210,#9211),
 .UNSPECIFIED.,.F.,.F.,(4,1,4),(0.,0.0959258216310364,0.246013858952076),
 .UNSPECIFIED.);
#375=B_SPLINE_CURVE_WITH_KNOTS('',3,(#9214,#9215,#9216,#9217,#9218),
 .UNSPECIFIED.,.F.,.F.,(4,1,4),(0.,0.0959258216310364,0.246013858952076),
 .UNSPECIFIED.);
#376=B_SPLINE_CURVE_WITH_KNOTS('',3,(#9230,#9231,#9232,#9233,#9234),
 .UNSPECIFIED.,.F.,.F.,(4,1,4),(0.,0.0457721115756789,0.089704219331835),
 .UNSPECIFIED.);
#377=B_SPLINE_CURVE_WITH_KNOTS('',3,(#9237,#9238,#9239,#9240,#9241),
 .UNSPECIFIED.,.F.,.F.,(4,1,4),(0.,0.0457721115756789,0.089704219331835),
 .UNSPECIFIED.);
#378=B_SPLINE_CURVE_WITH_KNOTS('',3,(#9253,#9254,#9255,#9256,#9257),
 .UNSPECIFIED.,.F.,.F.,(4,1,4),(0.,0.0738314595392794,0.133742454810164),
 .UNSPECIFIED.);
#379=B_SPLINE_CURVE_WITH_KNOTS('',3,(#9260,#9261,#9262,#9263,#9264),
 .UNSPECIFIED.,.F.,.F.,(4,1,4),(0.,0.0738314595392794,0.133742454810164),
 .UNSPECIFIED.);
#380=B_SPLINE_CURVE_WITH_KNOTS('',3,(#9276,#9277,#9278,#9279,#9280),
 .UNSPECIFIED.,.F.,.F.,(4,1,4),(0.,0.247593946198155,0.481921252099007),
 .UNSPECIFIED.);
#381=B_SPLINE_CURVE_WITH_KNOTS('',3,(#9283,#9284,#9285,#9286,#9287),
 .UNSPECIFIED.,.F.,.F.,(4,1,4),(0.,0.247593946198155,0.481921252099007),
 .UNSPECIFIED.);
#382=B_SPLINE_CURVE_WITH_KNOTS('',3,(#9298,#9299,#9300,#9301,#9302),
 .UNSPECIFIED.,.F.,.F.,(4,1,4),(0.,0.196368944303336,0.357515146600489),
 .UNSPECIFIED.);
#383=B_SPLINE_CURVE_WITH_KNOTS('',3,(#9303,#9304,#9305,#9306,#9307),
 .UNSPECIFIED.,.F.,.F.,(4,1,4),(0.,0.196368944303336,0.357515146600489),
 .UNSPECIFIED.);
#384=B_SPLINE_CURVE_WITH_KNOTS('',3,(#9320,#9321,#9322,#9323,#9324),
 .UNSPECIFIED.,.F.,.F.,(4,1,4),(0.,0.53873045831088,1.11219226446496),
 .UNSPECIFIED.);
#385=B_SPLINE_CURVE_WITH_KNOTS('',3,(#9328,#9329,#9330,#9331,#9332),
 .UNSPECIFIED.,.F.,.F.,(4,1,4),(0.,0.53873045831088,1.11219226446496),
 .UNSPECIFIED.);
#386=B_SPLINE_CURVE_WITH_KNOTS('',3,(#9345,#9346,#9347,#9348,#9349),
 .UNSPECIFIED.,.F.,.F.,(4,1,4),(0.,0.175296956656601,0.407870544915756),
 .UNSPECIFIED.);
#387=B_SPLINE_CURVE_WITH_KNOTS('',3,(#9352,#9353,#9354,#9355,#9356),
 .UNSPECIFIED.,.F.,.F.,(4,1,4),(0.,0.175296956656601,0.407870544915756),
 .UNSPECIFIED.);
#388=B_SPLINE_CURVE_WITH_KNOTS('',3,(#9368,#9369,#9370,#9371,#9372),
 .UNSPECIFIED.,.F.,.F.,(4,1,4),(0.,0.0905239349909978,0.1819551078604),
 .UNSPECIFIED.);
#389=B_SPLINE_CURVE_WITH_KNOTS('',3,(#9375,#9376,#9377,#9378,#9379),
 .UNSPECIFIED.,.F.,.F.,(4,1,4),(0.,0.0905239349909978,0.1819551078604),
 .UNSPECIFIED.);
#390=B_SPLINE_CURVE_WITH_KNOTS('',3,(#9391,#9392,#9393,#9394,#9395),
 .UNSPECIFIED.,.F.,.F.,(4,1,4),(0.,0.0729338276144044,0.146474189250246),
 .UNSPECIFIED.);
#391=B_SPLINE_CURVE_WITH_KNOTS('',3,(#9398,#9399,#9400,#9401,#9402),
 .UNSPECIFIED.,.F.,.F.,(4,1,4),(0.,0.0729338276144044,0.146474189250246),
 .UNSPECIFIED.);
#392=B_SPLINE_CURVE_WITH_KNOTS('',3,(#9414,#9415,#9416,#9417,#9418),
 .UNSPECIFIED.,.F.,.F.,(4,1,4),(0.,0.454242764495407,0.772348414341114),
 .UNSPECIFIED.);
#393=B_SPLINE_CURVE_WITH_KNOTS('',3,(#9421,#9422,#9423,#9424,#9425),
 .UNSPECIFIED.,.F.,.F.,(4,1,4),(0.,0.454242764495407,0.772348414341114),
 .UNSPECIFIED.);
#394=B_SPLINE_CURVE_WITH_KNOTS('',3,(#9437,#9438,#9439,#9440,#9441),
 .UNSPECIFIED.,.F.,.F.,(4,1,4),(0.,0.500098450359485,1.08939285132058),
 .UNSPECIFIED.);
#395=B_SPLINE_CURVE_WITH_KNOTS('',3,(#9444,#9445,#9446,#9447,#9448),
 .UNSPECIFIED.,.F.,.F.,(4,1,4),(0.,0.500098450359485,1.08939285132058),
 .UNSPECIFIED.);
#396=B_SPLINE_CURVE_WITH_KNOTS('',3,(#9460,#9461,#9462,#9463,#9464),
 .UNSPECIFIED.,.F.,.F.,(4,1,4),(0.,0.138886023420683,0.301712030780882),
 .UNSPECIFIED.);
#397=B_SPLINE_CURVE_WITH_KNOTS('',3,(#9467,#9468,#9469,#9470,#9471),
 .UNSPECIFIED.,.F.,.F.,(4,1,4),(0.,0.138886023420683,0.301712030780882),
 .UNSPECIFIED.);
#398=B_SPLINE_CURVE_WITH_KNOTS('',3,(#9483,#9484,#9485,#9486,#9487),
 .UNSPECIFIED.,.F.,.F.,(4,1,4),(0.,0.198544084105463,0.385316384760226),
 .UNSPECIFIED.);
#399=B_SPLINE_CURVE_WITH_KNOTS('',3,(#9490,#9491,#9492,#9493,#9494),
 .UNSPECIFIED.,.F.,.F.,(4,1,4),(0.,0.198544084105463,0.385316384760226),
 .UNSPECIFIED.);
#400=B_SPLINE_CURVE_WITH_KNOTS('',3,(#9506,#9507,#9508,#9509,#9510),
 .UNSPECIFIED.,.F.,.F.,(4,1,4),(0.,0.258798753713968,0.482406776744652),
 .UNSPECIFIED.);
#401=B_SPLINE_CURVE_WITH_KNOTS('',3,(#9513,#9514,#9515,#9516,#9517),
 .UNSPECIFIED.,.F.,.F.,(4,1,4),(0.,0.258798753713968,0.482406776744652),
 .UNSPECIFIED.);
#402=B_SPLINE_CURVE_WITH_KNOTS('',3,(#9529,#9530,#9531,#9532,#9533),
 .UNSPECIFIED.,.F.,.F.,(4,1,4),(0.,0.296603387913815,0.581468467334838),
 .UNSPECIFIED.);
#403=B_SPLINE_CURVE_WITH_KNOTS('',3,(#9536,#9537,#9538,#9539,#9540),
 .UNSPECIFIED.,.F.,.F.,(4,1,4),(0.,0.296603387913815,0.581468467334838),
 .UNSPECIFIED.);
#404=B_SPLINE_CURVE_WITH_KNOTS('',3,(#9552,#9553,#9554,#9555,#9556),
 .UNSPECIFIED.,.F.,.F.,(4,1,4),(0.,0.167929145256753,0.479951362282641),
 .UNSPECIFIED.);
#405=B_SPLINE_CURVE_WITH_KNOTS('',3,(#9559,#9560,#9561,#9562,#9563),
 .UNSPECIFIED.,.F.,.F.,(4,1,4),(0.,0.167929145256753,0.479951362282641),
 .UNSPECIFIED.);
#406=B_SPLINE_CURVE_WITH_KNOTS('',3,(#9575,#9576,#9577,#9578,#9579),
 .UNSPECIFIED.,.F.,.F.,(4,1,4),(0.,0.0260699798693778,0.0476077196752979),
 .UNSPECIFIED.);
#407=B_SPLINE_CURVE_WITH_KNOTS('',3,(#9582,#9583,#9584,#9585,#9586),
 .UNSPECIFIED.,.F.,.F.,(4,1,4),(0.,0.0260699798693778,0.0476077196752979),
 .UNSPECIFIED.);
#408=B_SPLINE_CURVE_WITH_KNOTS('',3,(#9598,#9599,#9600,#9601,#9602),
 .UNSPECIFIED.,.F.,.F.,(4,1,4),(0.,0.0315754606257518,0.0681785443401089),
 .UNSPECIFIED.);
#409=B_SPLINE_CURVE_WITH_KNOTS('',3,(#9605,#9606,#9607,#9608,#9609),
 .UNSPECIFIED.,.F.,.F.,(4,1,4),(0.,0.0315754606257518,0.0681785443401089),
 .UNSPECIFIED.);
#410=B_SPLINE_CURVE_WITH_KNOTS('',3,(#9621,#9622,#9623,#9624,#9625),
 .UNSPECIFIED.,.F.,.F.,(4,1,4),(0.,0.106017130838464,0.175051136770755),
 .UNSPECIFIED.);
#411=B_SPLINE_CURVE_WITH_KNOTS('',3,(#9628,#9629,#9630,#9631,#9632),
 .UNSPECIFIED.,.F.,.F.,(4,1,4),(0.,0.106017130838464,0.175051136770755),
 .UNSPECIFIED.);
#412=B_SPLINE_CURVE_WITH_KNOTS('',3,(#9644,#9645,#9646,#9647,#9648),
 .UNSPECIFIED.,.F.,.F.,(4,1,4),(0.,0.416127839864363,1.03000113411585),
 .UNSPECIFIED.);
#413=B_SPLINE_CURVE_WITH_KNOTS('',3,(#9651,#9652,#9653,#9654,#9655),
 .UNSPECIFIED.,.F.,.F.,(4,1,4),(0.,0.416127839864363,1.03000113411585),
 .UNSPECIFIED.);
#414=B_SPLINE_CURVE_WITH_KNOTS('',3,(#9667,#9668,#9669,#9670,#9671),
 .UNSPECIFIED.,.F.,.F.,(4,1,4),(0.,0.125431230725137,0.27049454151342),
 .UNSPECIFIED.);
#415=B_SPLINE_CURVE_WITH_KNOTS('',3,(#9674,#9675,#9676,#9677,#9678),
 .UNSPECIFIED.,.F.,.F.,(4,1,4),(0.,0.125431230725137,0.27049454151342),
 .UNSPECIFIED.);
#416=B_SPLINE_CURVE_WITH_KNOTS('',3,(#9690,#9691,#9692,#9693,#9694),
 .UNSPECIFIED.,.F.,.F.,(4,1,4),(0.,0.0601707065899767,0.116453373997608),
 .UNSPECIFIED.);
#417=B_SPLINE_CURVE_WITH_KNOTS('',3,(#9697,#9698,#9699,#9700,#9701),
 .UNSPECIFIED.,.F.,.F.,(4,1,4),(0.,0.0601707065899767,0.116453373997608),
 .UNSPECIFIED.);
#418=B_SPLINE_CURVE_WITH_KNOTS('',3,(#9726,#9727,#9728,#9729,#9730),
 .UNSPECIFIED.,.F.,.F.,(4,1,4),(0.,0.177599481760688,0.340912472961873),
 .UNSPECIFIED.);
#419=B_SPLINE_CURVE_WITH_KNOTS('',3,(#9733,#9734,#9735,#9736,#9737),
 .UNSPECIFIED.,.F.,.F.,(4,1,4),(0.,0.177599481760688,0.340912472961873),
 .UNSPECIFIED.);
#420=B_SPLINE_CURVE_WITH_KNOTS('',3,(#9749,#9750,#9751,#9752,#9753),
 .UNSPECIFIED.,.F.,.F.,(4,1,4),(0.,0.289425595220532,0.642048510668108),
 .UNSPECIFIED.);
#421=B_SPLINE_CURVE_WITH_KNOTS('',3,(#9756,#9757,#9758,#9759,#9760),
 .UNSPECIFIED.,.F.,.F.,(4,1,4),(0.,0.289425595220532,0.642048510668108),
 .UNSPECIFIED.);
#422=B_SPLINE_CURVE_WITH_KNOTS('',3,(#9772,#9773,#9774,#9775,#9776),
 .UNSPECIFIED.,.F.,.F.,(4,1,4),(0.,0.15458268992523,0.377324720072682),
 .UNSPECIFIED.);
#423=B_SPLINE_CURVE_WITH_KNOTS('',3,(#9779,#9780,#9781,#9782,#9783),
 .UNSPECIFIED.,.F.,.F.,(4,1,4),(0.,0.15458268992523,0.377324720072682),
 .UNSPECIFIED.);
#424=B_SPLINE_CURVE_WITH_KNOTS('',3,(#9795,#9796,#9797,#9798,#9799),
 .UNSPECIFIED.,.F.,.F.,(4,1,4),(0.,0.0393553689176397,0.0878504030110488),
 .UNSPECIFIED.);
#425=B_SPLINE_CURVE_WITH_KNOTS('',3,(#9802,#9803,#9804,#9805,#9806),
 .UNSPECIFIED.,.F.,.F.,(4,1,4),(0.,0.0393553689176397,0.0878504030110488),
 .UNSPECIFIED.);
#426=B_SPLINE_CURVE_WITH_KNOTS('',3,(#9818,#9819,#9820,#9821,#9822),
 .UNSPECIFIED.,.F.,.F.,(4,1,4),(0.,0.0509672122112016,0.0913371382201733),
 .UNSPECIFIED.);
#427=B_SPLINE_CURVE_WITH_KNOTS('',3,(#9825,#9826,#9827,#9828,#9829),
 .UNSPECIFIED.,.F.,.F.,(4,1,4),(0.,0.0509672122112016,0.0913371382201733),
 .UNSPECIFIED.);
#428=B_SPLINE_CURVE_WITH_KNOTS('',3,(#9841,#9842,#9843,#9844,#9845),
 .UNSPECIFIED.,.F.,.F.,(4,1,4),(0.,0.160069451148603,0.268278816419802),
 .UNSPECIFIED.);
#429=B_SPLINE_CURVE_WITH_KNOTS('',3,(#9848,#9849,#9850,#9851,#9852),
 .UNSPECIFIED.,.F.,.F.,(4,1,4),(0.,0.160069451148603,0.268278816419802),
 .UNSPECIFIED.);
#430=B_SPLINE_CURVE_WITH_KNOTS('',3,(#9864,#9865,#9866,#9867,#9868),
 .UNSPECIFIED.,.F.,.F.,(4,1,4),(0.,0.229248619594152,0.444366460914523),
 .UNSPECIFIED.);
#431=B_SPLINE_CURVE_WITH_KNOTS('',3,(#9871,#9872,#9873,#9874,#9875),
 .UNSPECIFIED.,.F.,.F.,(4,1,4),(0.,0.229248619594152,0.444366460914523),
 .UNSPECIFIED.);
#432=B_SPLINE_CURVE_WITH_KNOTS('',3,(#9887,#9888,#9889,#9890,#9891),
 .UNSPECIFIED.,.F.,.F.,(4,1,4),(0.,0.282576161421175,0.711662615599699),
 .UNSPECIFIED.);
#433=B_SPLINE_CURVE_WITH_KNOTS('',3,(#9894,#9895,#9896,#9897,#9898),
 .UNSPECIFIED.,.F.,.F.,(4,1,4),(0.,0.282576161421175,0.711662615599699),
 .UNSPECIFIED.);
#434=B_SPLINE_CURVE_WITH_KNOTS('',3,(#9910,#9911,#9912,#9913,#9914),
 .UNSPECIFIED.,.F.,.F.,(4,1,4),(0.,0.0510770759691635,0.0999854678257647),
 .UNSPECIFIED.);
#435=B_SPLINE_CURVE_WITH_KNOTS('',3,(#9917,#9918,#9919,#9920,#9921),
 .UNSPECIFIED.,.F.,.F.,(4,1,4),(0.,0.0510770759691635,0.0999854678257647),
 .UNSPECIFIED.);
#436=B_SPLINE_CURVE_WITH_KNOTS('',3,(#9932,#9933,#9934,#9935,#9936),
 .UNSPECIFIED.,.F.,.F.,(4,1,4),(0.,0.0672888226078561,0.124931467853132),
 .UNSPECIFIED.);
#437=B_SPLINE_CURVE_WITH_KNOTS('',3,(#9937,#9938,#9939,#9940,#9941),
 .UNSPECIFIED.,.F.,.F.,(4,1,4),(0.,0.0672888226078561,0.124931467853132),
 .UNSPECIFIED.);
#438=B_SPLINE_CURVE_WITH_KNOTS('',3,(#9954,#9955,#9956,#9957,#9958),
 .UNSPECIFIED.,.F.,.F.,(4,1,4),(0.,0.871623563087923,1.54887623881375),
 .UNSPECIFIED.);
#439=B_SPLINE_CURVE_WITH_KNOTS('',3,(#9962,#9963,#9964,#9965,#9966),
 .UNSPECIFIED.,.F.,.F.,(4,1,4),(0.,0.871623563087923,1.54887623881375),
 .UNSPECIFIED.);
#440=B_SPLINE_CURVE_WITH_KNOTS('',3,(#9979,#9980,#9981,#9982,#9983),
 .UNSPECIFIED.,.F.,.F.,(4,1,4),(0.,0.0995335333021462,0.35124301655258),
 .UNSPECIFIED.);
#441=B_SPLINE_CURVE_WITH_KNOTS('',3,(#9986,#9987,#9988,#9989,#9990),
 .UNSPECIFIED.,.F.,.F.,(4,1,4),(0.,0.0995335333021462,0.35124301655258),
 .UNSPECIFIED.);
#442=B_SPLINE_CURVE_WITH_KNOTS('',3,(#10002,#10003,#10004,#10005,#10006),
 .UNSPECIFIED.,.F.,.F.,(4,1,4),(0.,0.0704593406531032,0.165110791117448),
 .UNSPECIFIED.);
#443=B_SPLINE_CURVE_WITH_KNOTS('',3,(#10009,#10010,#10011,#10012,#10013),
 .UNSPECIFIED.,.F.,.F.,(4,1,4),(0.,0.0704593406531032,0.165110791117448),
 .UNSPECIFIED.);
#444=B_SPLINE_CURVE_WITH_KNOTS('',3,(#10025,#10026,#10027,#10028,#10029),
 .UNSPECIFIED.,.F.,.F.,(4,1,4),(0.,0.0504398042232828,0.102692361279109),
 .UNSPECIFIED.);
#445=B_SPLINE_CURVE_WITH_KNOTS('',3,(#10032,#10033,#10034,#10035,#10036),
 .UNSPECIFIED.,.F.,.F.,(4,1,4),(0.,0.0504398042232828,0.102692361279109),
 .UNSPECIFIED.);
#446=B_SPLINE_CURVE_WITH_KNOTS('',3,(#10048,#10049,#10050,#10051,#10052),
 .UNSPECIFIED.,.F.,.F.,(4,1,4),(0.,0.0624473424236515,0.134019456970542),
 .UNSPECIFIED.);
#447=B_SPLINE_CURVE_WITH_KNOTS('',3,(#10055,#10056,#10057,#10058,#10059),
 .UNSPECIFIED.,.F.,.F.,(4,1,4),(0.,0.0624473424236515,0.134019456970542),
 .UNSPECIFIED.);
#448=B_SPLINE_CURVE_WITH_KNOTS('',3,(#10071,#10072,#10073,#10074,#10075),
 .UNSPECIFIED.,.F.,.F.,(4,1,4),(0.,0.0880597951235003,0.146807877004663),
 .UNSPECIFIED.);
#449=B_SPLINE_CURVE_WITH_KNOTS('',3,(#10078,#10079,#10080,#10081,#10082),
 .UNSPECIFIED.,.F.,.F.,(4,1,4),(0.,0.0880597951235003,0.146807877004663),
 .UNSPECIFIED.);
#450=B_SPLINE_CURVE_WITH_KNOTS('',3,(#10094,#10095,#10096,#10097,#10098),
 .UNSPECIFIED.,.F.,.F.,(4,1,4),(0.,0.388650673340978,0.578871078895937),
 .UNSPECIFIED.);
#451=B_SPLINE_CURVE_WITH_KNOTS('',3,(#10101,#10102,#10103,#10104,#10105),
 .UNSPECIFIED.,.F.,.F.,(4,1,4),(0.,0.388650673340978,0.578871078895937),
 .UNSPECIFIED.);
#452=B_SPLINE_CURVE_WITH_KNOTS('',3,(#10117,#10118,#10119,#10120,#10121),
 .UNSPECIFIED.,.F.,.F.,(4,1,4),(0.,1.14978708014605,2.32899104446519),
 .UNSPECIFIED.);
#453=B_SPLINE_CURVE_WITH_KNOTS('',3,(#10124,#10125,#10126,#10127,#10128),
 .UNSPECIFIED.,.F.,.F.,(4,1,4),(0.,1.14978708014605,2.32899104446519),
 .UNSPECIFIED.);
#454=B_SPLINE_CURVE_WITH_KNOTS('',3,(#10140,#10141,#10142,#10143,#10144),
 .UNSPECIFIED.,.F.,.F.,(4,1,4),(0.,0.260345194356753,0.889288541990668),
 .UNSPECIFIED.);
#455=B_SPLINE_CURVE_WITH_KNOTS('',3,(#10147,#10148,#10149,#10150,#10151),
 .UNSPECIFIED.,.F.,.F.,(4,1,4),(0.,0.260345194356753,0.889288541990668),
 .UNSPECIFIED.);
#456=B_SPLINE_CURVE_WITH_KNOTS('',3,(#10163,#10164,#10165,#10166,#10167),
 .UNSPECIFIED.,.F.,.F.,(4,1,4),(0.,0.0485312920857546,0.0943265181351912),
 .UNSPECIFIED.);
#457=B_SPLINE_CURVE_WITH_KNOTS('',3,(#10170,#10171,#10172,#10173,#10174),
 .UNSPECIFIED.,.F.,.F.,(4,1,4),(0.,0.0485312920857546,0.0943265181351912),
 .UNSPECIFIED.);
#458=B_SPLINE_CURVE_WITH_KNOTS('',3,(#10186,#10187,#10188,#10189,#10190),
 .UNSPECIFIED.,.F.,.F.,(4,1,4),(0.,0.0531505732261277,0.119508327000363),
 .UNSPECIFIED.);
#459=B_SPLINE_CURVE_WITH_KNOTS('',3,(#10193,#10194,#10195,#10196,#10197),
 .UNSPECIFIED.,.F.,.F.,(4,1,4),(0.,0.0531505732261277,0.119508327000363),
 .UNSPECIFIED.);
#460=B_SPLINE_CURVE_WITH_KNOTS('',3,(#10209,#10210,#10211,#10212,#10213),
 .UNSPECIFIED.,.F.,.F.,(4,1,4),(0.,0.0299707341055918,0.0657209349599431),
 .UNSPECIFIED.);
#461=B_SPLINE_CURVE_WITH_KNOTS('',3,(#10216,#10217,#10218,#10219,#10220),
 .UNSPECIFIED.,.F.,.F.,(4,1,4),(0.,0.0299707341055918,0.0657209349599431),
 .UNSPECIFIED.);
#462=B_SPLINE_CURVE_WITH_KNOTS('',3,(#10232,#10233,#10234,#10235,#10236),
 .UNSPECIFIED.,.F.,.F.,(4,1,4),(0.,0.0961192738198369,0.147817767620873),
 .UNSPECIFIED.);
#463=B_SPLINE_CURVE_WITH_KNOTS('',3,(#10239,#10240,#10241,#10242,#10243),
 .UNSPECIFIED.,.F.,.F.,(4,1,4),(0.,0.0961192738198369,0.147817767620873),
 .UNSPECIFIED.);
#464=B_SPLINE_CURVE_WITH_KNOTS('',3,(#10255,#10256,#10257,#10258,#10259),
 .UNSPECIFIED.,.F.,.F.,(4,1,4),(0.,0.0384277689876412,0.0599044942714101),
 .UNSPECIFIED.);
#465=B_SPLINE_CURVE_WITH_KNOTS('',3,(#10262,#10263,#10264,#10265,#10266),
 .UNSPECIFIED.,.F.,.F.,(4,1,4),(0.,0.0384277689876412,0.0599044942714101),
 .UNSPECIFIED.);
#466=B_SPLINE_CURVE_WITH_KNOTS('',3,(#10278,#10279,#10280,#10281,#10282),
 .UNSPECIFIED.,.F.,.F.,(4,1,4),(0.,0.0782658545921532,0.159808686643961),
 .UNSPECIFIED.);
#467=B_SPLINE_CURVE_WITH_KNOTS('',3,(#10285,#10286,#10287,#10288,#10289),
 .UNSPECIFIED.,.F.,.F.,(4,1,4),(0.,0.0782658545921532,0.159808686643961),
 .UNSPECIFIED.);
#468=B_SPLINE_CURVE_WITH_KNOTS('',3,(#10301,#10302,#10303,#10304,#10305),
 .UNSPECIFIED.,.F.,.F.,(4,1,4),(0.,0.0836563200383653,0.162663344634638),
 .UNSPECIFIED.);
#469=B_SPLINE_CURVE_WITH_KNOTS('',3,(#10308,#10309,#10310,#10311,#10312),
 .UNSPECIFIED.,.F.,.F.,(4,1,4),(0.,0.0836563200383653,0.162663344634638),
 .UNSPECIFIED.);
#470=B_SPLINE_CURVE_WITH_KNOTS('',3,(#10324,#10325,#10326,#10327,#10328),
 .UNSPECIFIED.,.F.,.F.,(4,1,4),(0.,0.317678188860625,0.567469402235997),
 .UNSPECIFIED.);
#471=B_SPLINE_CURVE_WITH_KNOTS('',3,(#10331,#10332,#10333,#10334,#10335),
 .UNSPECIFIED.,.F.,.F.,(4,1,4),(0.,0.317678188860625,0.567469402235997),
 .UNSPECIFIED.);
#472=B_SPLINE_CURVE_WITH_KNOTS('',3,(#10347,#10348,#10349,#10350,#10351),
 .UNSPECIFIED.,.F.,.F.,(4,1,4),(0.,0.400638281914217,0.824483702222605),
 .UNSPECIFIED.);
#473=B_SPLINE_CURVE_WITH_KNOTS('',3,(#10354,#10355,#10356,#10357,#10358),
 .UNSPECIFIED.,.F.,.F.,(4,1,4),(0.,0.400638281914217,0.824483702222605),
 .UNSPECIFIED.);
#474=B_SPLINE_CURVE_WITH_KNOTS('',3,(#10370,#10371,#10372,#10373,#10374),
 .UNSPECIFIED.,.F.,.F.,(4,1,4),(0.,0.253635687418267,0.572585158971372),
 .UNSPECIFIED.);
#475=B_SPLINE_CURVE_WITH_KNOTS('',3,(#10377,#10378,#10379,#10380,#10381),
 .UNSPECIFIED.,.F.,.F.,(4,1,4),(0.,0.253635687418267,0.572585158971372),
 .UNSPECIFIED.);
#476=B_SPLINE_CURVE_WITH_KNOTS('',3,(#10393,#10394,#10395,#10396,#10397),
 .UNSPECIFIED.,.F.,.F.,(4,1,4),(0.,0.111680283862139,0.225146622475556),
 .UNSPECIFIED.);
#477=B_SPLINE_CURVE_WITH_KNOTS('',3,(#10400,#10401,#10402,#10403,#10404),
 .UNSPECIFIED.,.F.,.F.,(4,1,4),(0.,0.111680283862139,0.225146622475556),
 .UNSPECIFIED.);
#478=B_SPLINE_CURVE_WITH_KNOTS('',3,(#10416,#10417,#10418,#10419,#10420),
 .UNSPECIFIED.,.F.,.F.,(4,1,4),(0.,0.114147147639752,0.231763168657417),
 .UNSPECIFIED.);
#479=B_SPLINE_CURVE_WITH_KNOTS('',3,(#10423,#10424,#10425,#10426,#10427),
 .UNSPECIFIED.,.F.,.F.,(4,1,4),(0.,0.114147147639752,0.231763168657417),
 .UNSPECIFIED.);
#480=B_SPLINE_CURVE_WITH_KNOTS('',3,(#10438,#10439,#10440,#10441,#10442),
 .UNSPECIFIED.,.F.,.F.,(4,1,4),(0.,0.282594792848302,0.49920158670694),
 .UNSPECIFIED.);
#481=B_SPLINE_CURVE_WITH_KNOTS('',3,(#10443,#10444,#10445,#10446,#10447),
 .UNSPECIFIED.,.F.,.F.,(4,1,4),(0.,0.282594792848302,0.49920158670694),
 .UNSPECIFIED.);
#482=B_SPLINE_SURFACE_WITH_KNOTS('',3,1,((#5182,#5183),(#5184,#5185),(#5186,
#5187),(#5188,#5189),(#5190,#5191)),.UNSPECIFIED.,.F.,.F.,.F.,(4,1,4),(2,
2),(0.,0.336019495796729,0.720507940328214),(0.,0.1),.UNSPECIFIED.);
#483=B_SPLINE_SURFACE_WITH_KNOTS('',3,1,((#5208,#5209),(#5210,#5211),(#5212,
#5213),(#5214,#5215),(#5216,#5217)),.UNSPECIFIED.,.F.,.F.,.F.,(4,1,4),(2,
2),(0.,0.0959258216310364,0.246013858952076),(0.,0.1),.UNSPECIFIED.);
#484=B_SPLINE_SURFACE_WITH_KNOTS('',3,1,((#5231,#5232),(#5233,#5234),(#5235,
#5236),(#5237,#5238),(#5239,#5240)),.UNSPECIFIED.,.F.,.F.,.F.,(4,1,4),(2,
2),(0.,0.0457721115756789,0.089704219331835),(0.,0.1),.UNSPECIFIED.);
#485=B_SPLINE_SURFACE_WITH_KNOTS('',3,1,((#5254,#5255),(#5256,#5257),(#5258,
#5259),(#5260,#5261),(#5262,#5263)),.UNSPECIFIED.,.F.,.F.,.F.,(4,1,4),(2,
2),(0.,0.0738314595392794,0.133742454810164),(0.,0.1),.UNSPECIFIED.);
#486=B_SPLINE_SURFACE_WITH_KNOTS('',3,1,((#5277,#5278),(#5279,#5280),(#5281,
#5282),(#5283,#5284),(#5285,#5286)),.UNSPECIFIED.,.F.,.F.,.F.,(4,1,4),(2,
2),(0.,0.247594649318769,0.481922526478443),(0.,0.1),.UNSPECIFIED.);
#487=B_SPLINE_SURFACE_WITH_KNOTS('',3,1,((#5300,#5301),(#5302,#5303),(#5304,
#5305),(#5306,#5307),(#5308,#5309)),.UNSPECIFIED.,.F.,.F.,.F.,(4,1,4),(2,
2),(0.,0.196368944303336,0.357515146600489),(0.,0.1),.UNSPECIFIED.);
#488=B_SPLINE_SURFACE_WITH_KNOTS('',3,1,((#5320,#5321),(#5322,#5323),(#5324,
#5325),(#5326,#5327),(#5328,#5329)),.UNSPECIFIED.,.F.,.F.,.F.,(4,1,4),(2,
2),(0.,0.53873045831088,1.11219226446496),(0.,0.1),.UNSPECIFIED.);
#489=B_SPLINE_SURFACE_WITH_KNOTS('',3,1,((#5346,#5347),(#5348,#5349),(#5350,
#5351),(#5352,#5353),(#5354,#5355)),.UNSPECIFIED.,.F.,.F.,.F.,(4,1,4),(2,
2),(0.,0.175296956656601,0.407870544915756),(0.,0.1),.UNSPECIFIED.);
#490=B_SPLINE_SURFACE_WITH_KNOTS('',3,1,((#5369,#5370),(#5371,#5372),(#5373,
#5374),(#5375,#5376),(#5377,#5378)),.UNSPECIFIED.,.F.,.F.,.F.,(4,1,4),(2,
2),(0.,0.0905245326101803,0.181955508248977),(0.,0.1),.UNSPECIFIED.);
#491=B_SPLINE_SURFACE_WITH_KNOTS('',3,1,((#5392,#5393),(#5394,#5395),(#5396,
#5397),(#5398,#5399),(#5400,#5401)),.UNSPECIFIED.,.F.,.F.,.F.,(4,1,4),(2,
2),(0.,0.0729347690723715,0.14647597008969),(0.,0.1),.UNSPECIFIED.);
#492=B_SPLINE_SURFACE_WITH_KNOTS('',3,1,((#5415,#5416),(#5417,#5418),(#5419,
#5420),(#5421,#5422),(#5423,#5424)),.UNSPECIFIED.,.F.,.F.,.F.,(4,1,4),(2,
2),(0.,0.454242764495407,0.772346595922048),(0.,0.1),.UNSPECIFIED.);
#493=B_SPLINE_SURFACE_WITH_KNOTS('',3,1,((#5438,#5439),(#5440,#5441),(#5442,
#5443),(#5444,#5445),(#5446,#5447)),.UNSPECIFIED.,.F.,.F.,.F.,(4,1,4),(2,
2),(0.,0.500098450359485,1.08939285132058),(0.,0.1),.UNSPECIFIED.);
#494=B_SPLINE_SURFACE_WITH_KNOTS('',3,1,((#5461,#5462),(#5463,#5464),(#5465,
#5466),(#5467,#5468),(#5469,#5470)),.UNSPECIFIED.,.F.,.F.,.F.,(4,1,4),(2,
2),(0.,0.138886023420683,0.301712030780882),(0.,0.1),.UNSPECIFIED.);
#495=B_SPLINE_SURFACE_WITH_KNOTS('',3,1,((#5484,#5485),(#5486,#5487),(#5488,
#5489),(#5490,#5491),(#5492,#5493)),.UNSPECIFIED.,.F.,.F.,.F.,(4,1,4),(2,
2),(0.,0.198543147891307,0.385314690988166),(0.,0.1),.UNSPECIFIED.);
#496=B_SPLINE_SURFACE_WITH_KNOTS('',3,1,((#5507,#5508),(#5509,#5510),(#5511,
#5512),(#5513,#5514),(#5515,#5516)),.UNSPECIFIED.,.F.,.F.,.F.,(4,1,4),(2,
2),(0.,0.258798753713968,0.482406776744652),(0.,0.1),.UNSPECIFIED.);
#497=B_SPLINE_SURFACE_WITH_KNOTS('',3,1,((#5530,#5531),(#5532,#5533),(#5534,
#5535),(#5536,#5537),(#5538,#5539)),.UNSPECIFIED.,.F.,.F.,.F.,(4,1,4),(2,
2),(0.,0.296603387913815,0.581468467334838),(0.,0.1),.UNSPECIFIED.);
#498=B_SPLINE_SURFACE_WITH_KNOTS('',3,1,((#5553,#5554),(#5555,#5556),(#5557,
#5558),(#5559,#5560),(#5561,#5562)),.UNSPECIFIED.,.F.,.F.,.F.,(4,1,4),(2,
2),(0.,0.167929145256753,0.479952642646609),(0.,0.1),.UNSPECIFIED.);
#499=B_SPLINE_SURFACE_WITH_KNOTS('',3,1,((#5576,#5577),(#5578,#5579),(#5580,
#5581),(#5582,#5583),(#5584,#5585)),.UNSPECIFIED.,.F.,.F.,.F.,(4,1,4),(2,
2),(0.,0.0260699798693778,0.0476077196752979),(0.,0.1),.UNSPECIFIED.);
#500=B_SPLINE_SURFACE_WITH_KNOTS('',3,1,((#5599,#5600),(#5601,#5602),(#5603,
#5604),(#5605,#5606),(#5607,#5608)),.UNSPECIFIED.,.F.,.F.,.F.,(4,1,4),(2,
2),(0.,0.0315763831850563,0.0681801869601239),(0.,0.1),.UNSPECIFIED.);
#501=B_SPLINE_SURFACE_WITH_KNOTS('',3,1,((#5622,#5623),(#5624,#5625),(#5626,
#5627),(#5628,#5629),(#5630,#5631)),.UNSPECIFIED.,.F.,.F.,.F.,(4,1,4),(2,
2),(0.,0.106017130838464,0.175049348402439),(0.,0.1),.UNSPECIFIED.);
#502=B_SPLINE_SURFACE_WITH_KNOTS('',3,1,((#5645,#5646),(#5647,#5648),(#5649,
#5650),(#5651,#5652),(#5653,#5654)),.UNSPECIFIED.,.F.,.F.,.F.,(4,1,4),(2,
2),(0.,0.416128738243507,1.03000272960839),(0.,0.1),.UNSPECIFIED.);
#503=B_SPLINE_SURFACE_WITH_KNOTS('',3,1,((#5668,#5669),(#5670,#5671),(#5672,
#5673),(#5674,#5675),(#5676,#5677)),.UNSPECIFIED.,.F.,.F.,.F.,(4,1,4),(2,
2),(0.,0.125430500817714,0.27049287448305),(0.,0.1),.UNSPECIFIED.);
#504=B_SPLINE_SURFACE_WITH_KNOTS('',3,1,((#5691,#5692),(#5693,#5694),(#5695,
#5696),(#5697,#5698),(#5699,#5700)),.UNSPECIFIED.,.F.,.F.,.F.,(4,1,4),(2,
2),(0.,0.0601707065899767,0.116453373997608),(0.,0.1),.UNSPECIFIED.);
#505=B_SPLINE_SURFACE_WITH_KNOTS('',3,1,((#5718,#5719),(#5720,#5721),(#5722,
#5723),(#5724,#5725),(#5726,#5727)),.UNSPECIFIED.,.F.,.F.,.F.,(4,1,4),(2,
2),(0.,0.451556727164504,1.33560230520188),(0.,0.1),.UNSPECIFIED.);
#506=B_SPLINE_SURFACE_WITH_KNOTS('',3,1,((#5744,#5745),(#5746,#5747),(#5748,
#5749),(#5750,#5751),(#5752,#5753)),.UNSPECIFIED.,.F.,.F.,.F.,(4,1,4),(2,
2),(0.,0.0545454025268555,0.110884486688814),(0.,0.1),.UNSPECIFIED.);
#507=B_SPLINE_SURFACE_WITH_KNOTS('',3,1,((#5767,#5768),(#5769,#5770),(#5771,
#5772),(#5773,#5774),(#5775,#5776)),.UNSPECIFIED.,.F.,.F.,.F.,(4,1,4),(2,
2),(0.,0.03909692772925,0.078517699628687),(0.,0.1),.UNSPECIFIED.);
#508=B_SPLINE_SURFACE_WITH_KNOTS('',3,1,((#5790,#5791),(#5792,#5793),(#5794,
#5795),(#5796,#5797),(#5798,#5799)),.UNSPECIFIED.,.F.,.F.,.F.,(4,1,4),(2,
2),(0.,0.0768330217169422,0.148627325153921),(0.,0.1),.UNSPECIFIED.);
#509=B_SPLINE_SURFACE_WITH_KNOTS('',3,1,((#5813,#5814),(#5815,#5816),(#5817,
#5818),(#5819,#5820),(#5821,#5822)),.UNSPECIFIED.,.F.,.F.,.F.,(4,1,4),(2,
2),(0.,0.149501716939532,0.232120312141182),(0.,0.1),.UNSPECIFIED.);
#510=B_SPLINE_SURFACE_WITH_KNOTS('',3,1,((#5836,#5837),(#5838,#5839),(#5840,
#5841),(#5842,#5843),(#5844,#5845)),.UNSPECIFIED.,.F.,.F.,.F.,(4,1,4),(2,
2),(0.,1.05631286367692,1.74502160827991),(0.,0.1),.UNSPECIFIED.);
#511=B_SPLINE_SURFACE_WITH_KNOTS('',3,1,((#5859,#5860),(#5861,#5862),(#5863,
#5864),(#5865,#5866),(#5867,#5868)),.UNSPECIFIED.,.F.,.F.,.F.,(4,1,4),(2,
2),(0.,0.277147162923729,0.744473137988496),(0.,0.1),.UNSPECIFIED.);
#512=B_SPLINE_SURFACE_WITH_KNOTS('',3,1,((#5882,#5883),(#5884,#5885),(#5886,
#5887),(#5888,#5889),(#5890,#5891)),.UNSPECIFIED.,.F.,.F.,.F.,(4,1,4),(2,
2),(0.,0.364963389281342,0.814521399535254),(0.,0.1),.UNSPECIFIED.);
#513=B_SPLINE_SURFACE_WITH_KNOTS('',3,1,((#5905,#5906),(#5907,#5908),(#5909,
#5910),(#5911,#5912),(#5913,#5914)),.UNSPECIFIED.,.F.,.F.,.F.,(4,1,4),(2,
2),(0.,0.306799418497448,0.789750906728348),(0.,0.1),.UNSPECIFIED.);
#514=B_SPLINE_SURFACE_WITH_KNOTS('',3,1,((#5928,#5929),(#5930,#5931),(#5932,
#5933),(#5934,#5935),(#5936,#5937)),.UNSPECIFIED.,.F.,.F.,.F.,(4,1,4),(2,
2),(0.,0.0524445437750456,0.113811893019616),(0.,0.1),.UNSPECIFIED.);
#515=B_SPLINE_SURFACE_WITH_KNOTS('',3,1,((#5951,#5952),(#5953,#5954),(#5955,
#5956),(#5957,#5958),(#5959,#5960)),.UNSPECIFIED.,.F.,.F.,.F.,(4,1,4),(2,
2),(0.,0.0744411486429739,0.152137410518091),(0.,0.1),.UNSPECIFIED.);
#516=B_SPLINE_SURFACE_WITH_KNOTS('',3,1,((#5974,#5975),(#5976,#5977),(#5978,
#5979),(#5980,#5981),(#5982,#5983)),.UNSPECIFIED.,.F.,.F.,.F.,(4,1,4),(2,
2),(0.,0.146442175533142,0.257505411535044),(0.,0.1),.UNSPECIFIED.);
#517=B_SPLINE_SURFACE_WITH_KNOTS('',3,1,((#5997,#5998),(#5999,#6000),(#6001,
#6002),(#6003,#6004),(#6005,#6006)),.UNSPECIFIED.,.F.,.F.,.F.,(4,1,4),(2,
2),(0.,0.928648002292563,1.60066158608961),(0.,0.1),.UNSPECIFIED.);
#518=B_SPLINE_SURFACE_WITH_KNOTS('',3,1,((#6020,#6021),(#6022,#6023),(#6024,
#6025),(#6026,#6027),(#6028,#6029)),.UNSPECIFIED.,.F.,.F.,.F.,(4,1,4),(2,
2),(0.,0.467546634620238,1.18847660061363),(0.,0.1),.UNSPECIFIED.);
#519=B_SPLINE_SURFACE_WITH_KNOTS('',3,1,((#6043,#6044),(#6045,#6046),(#6047,
#6048),(#6049,#6050),(#6051,#6052)),.UNSPECIFIED.,.F.,.F.,.F.,(4,1,4),(2,
2),(0.,0.478037447903401,0.732068211556449),(0.,0.1),.UNSPECIFIED.);
#520=B_SPLINE_SURFACE_WITH_KNOTS('',3,1,((#6066,#6067),(#6068,#6069),(#6070,
#6071),(#6072,#6073),(#6074,#6075)),.UNSPECIFIED.,.F.,.F.,.F.,(4,1,4),(2,
2),(0.,0.523887390947642,1.08847253231846),(0.,0.1),.UNSPECIFIED.);
#521=B_SPLINE_SURFACE_WITH_KNOTS('',3,1,((#6089,#6090),(#6091,#6092),(#6093,
#6094),(#6095,#6096),(#6097,#6098)),.UNSPECIFIED.,.F.,.F.,.F.,(4,1,4),(2,
2),(0.,0.191702271869168,0.42334518057347),(0.,0.1),.UNSPECIFIED.);
#522=B_SPLINE_SURFACE_WITH_KNOTS('',3,1,((#6112,#6113),(#6114,#6115),(#6116,
#6117),(#6118,#6119),(#6120,#6121)),.UNSPECIFIED.,.F.,.F.,.F.,(4,1,4),(2,
2),(0.,0.218496838777116,0.454245509117166),(0.,0.1),.UNSPECIFIED.);
#523=B_SPLINE_SURFACE_WITH_KNOTS('',3,1,((#6135,#6136),(#6137,#6138),(#6139,
#6140),(#6141,#6142),(#6143,#6144)),.UNSPECIFIED.,.F.,.F.,.F.,(4,1,4),(2,
2),(0.,0.531052680383934,0.873884244543094),(0.,0.1),.UNSPECIFIED.);
#524=B_SPLINE_SURFACE_WITH_KNOTS('',3,1,((#6158,#6159),(#6160,#6161),(#6162,
#6163),(#6164,#6165),(#6166,#6167)),.UNSPECIFIED.,.F.,.F.,.F.,(4,1,4),(2,
2),(0.,0.189768133519508,0.548162603194147),(0.,0.1),.UNSPECIFIED.);
#525=B_SPLINE_SURFACE_WITH_KNOTS('',3,1,((#6181,#6182),(#6183,#6184),(#6185,
#6186),(#6187,#6188),(#6189,#6190)),.UNSPECIFIED.,.F.,.F.,.F.,(4,1,4),(2,
2),(0.,0.0541558533361852,0.11749550290499),(0.,0.1),.UNSPECIFIED.);
#526=B_SPLINE_SURFACE_WITH_KNOTS('',3,1,((#6204,#6205),(#6206,#6207),(#6208,
#6209),(#6210,#6211),(#6212,#6213)),.UNSPECIFIED.,.F.,.F.,.F.,(4,1,4),(2,
2),(0.,0.120692517011004,0.188993738144561),(0.,0.1),.UNSPECIFIED.);
#527=B_SPLINE_SURFACE_WITH_KNOTS('',3,1,((#6227,#6228),(#6229,#6230),(#6231,
#6232),(#6233,#6234),(#6235,#6236)),.UNSPECIFIED.,.F.,.F.,.F.,(4,1,4),(2,
2),(0.,0.281875807998985,0.901250389927681),(0.,0.1),.UNSPECIFIED.);
#528=B_SPLINE_SURFACE_WITH_KNOTS('',3,1,((#6250,#6251),(#6252,#6253),(#6254,
#6255),(#6256,#6257),(#6258,#6259)),.UNSPECIFIED.,.F.,.F.,.F.,(4,1,4),(2,
2),(0.,0.0775235828143264,0.149101526533314),(0.,0.1),.UNSPECIFIED.);
#529=B_SPLINE_SURFACE_WITH_KNOTS('',3,1,((#6273,#6274),(#6275,#6276),(#6277,
#6278),(#6279,#6280),(#6281,#6282)),.UNSPECIFIED.,.F.,.F.,.F.,(4,1,4),(2,
2),(0.,0.138167610204735,0.241717996189131),(0.,0.1),.UNSPECIFIED.);
#530=B_SPLINE_SURFACE_WITH_KNOTS('',3,1,((#6296,#6297),(#6298,#6299),(#6300,
#6301),(#6302,#6303),(#6304,#6305)),.UNSPECIFIED.,.F.,.F.,.F.,(4,1,4),(2,
2),(0.,0.594196271648398,1.08423908271671),(0.,0.1),.UNSPECIFIED.);
#531=B_SPLINE_SURFACE_WITH_KNOTS('',3,1,((#6319,#6320),(#6321,#6322),(#6323,
#6324),(#6325,#6326),(#6327,#6328)),.UNSPECIFIED.,.F.,.F.,.F.,(4,1,4),(2,
2),(0.,0.319452554075471,0.627852248103213),(0.,0.1),.UNSPECIFIED.);
#532=B_SPLINE_SURFACE_WITH_KNOTS('',3,1,((#6342,#6343),(#6344,#6345),(#6346,
#6347),(#6348,#6349),(#6350,#6351)),.UNSPECIFIED.,.F.,.F.,.F.,(4,1,4),(2,
2),(0.,0.945077012312012,1.79261439888006),(0.,0.1),.UNSPECIFIED.);
#533=B_SPLINE_SURFACE_WITH_KNOTS('',3,1,((#6365,#6366),(#6367,#6368),(#6369,
#6370),(#6371,#6372),(#6373,#6374)),.UNSPECIFIED.,.F.,.F.,.F.,(4,1,4),(2,
2),(0.,0.0699273442153208,0.194825432917026),(0.,0.1),.UNSPECIFIED.);
#534=B_SPLINE_SURFACE_WITH_KNOTS('',3,1,((#6388,#6389),(#6390,#6391),(#6392,
#6393),(#6394,#6395),(#6396,#6397)),.UNSPECIFIED.,.F.,.F.,.F.,(4,1,4),(2,
2),(0.,0.0756713872879851,0.154894050665244),(0.,0.1),.UNSPECIFIED.);
#535=B_SPLINE_SURFACE_WITH_KNOTS('',3,1,((#6411,#6412),(#6413,#6414),(#6415,
#6416),(#6417,#6418),(#6419,#6420)),.UNSPECIFIED.,.F.,.F.,.F.,(4,1,4),(2,
2),(0.,0.0593027404267616,0.121360066704806),(0.,0.1),.UNSPECIFIED.);
#536=B_SPLINE_SURFACE_WITH_KNOTS('',3,1,((#6434,#6435),(#6436,#6437),(#6438,
#6439),(#6440,#6441),(#6442,#6443)),.UNSPECIFIED.,.F.,.F.,.F.,(4,1,4),(2,
2),(0.,0.0407921218820904,0.0861979888136789),(0.,0.1),.UNSPECIFIED.);
#537=B_SPLINE_SURFACE_WITH_KNOTS('',3,1,((#6457,#6458),(#6459,#6460),(#6461,
#6462),(#6463,#6464),(#6465,#6466)),.UNSPECIFIED.,.F.,.F.,.F.,(4,1,4),(2,
2),(0.,0.172198213957098,0.2741951755068),(0.,0.1),.UNSPECIFIED.);
#538=B_SPLINE_SURFACE_WITH_KNOTS('',3,1,((#6480,#6481),(#6482,#6483),(#6484,
#6485),(#6486,#6487),(#6488,#6489)),.UNSPECIFIED.,.F.,.F.,.F.,(4,1,4),(2,
2),(0.,0.257298892202622,0.57122872878862),(0.,0.1),.UNSPECIFIED.);
#539=B_SPLINE_SURFACE_WITH_KNOTS('',3,1,((#6503,#6504),(#6505,#6506),(#6507,
#6508),(#6509,#6510),(#6511,#6512)),.UNSPECIFIED.,.F.,.F.,.F.,(4,1,4),(2,
2),(0.,0.238981944204305,0.694621341349477),(0.,0.1),.UNSPECIFIED.);
#540=B_SPLINE_SURFACE_WITH_KNOTS('',3,1,((#6526,#6527),(#6528,#6529),(#6530,
#6531),(#6532,#6533),(#6534,#6535)),.UNSPECIFIED.,.F.,.F.,.F.,(4,1,4),(2,
2),(0.,0.217673221836196,0.587256786568993),(0.,0.1),.UNSPECIFIED.);
#541=B_SPLINE_SURFACE_WITH_KNOTS('',3,1,((#6547,#6548),(#6549,#6550),(#6551,
#6552),(#6553,#6554),(#6555,#6556)),.UNSPECIFIED.,.F.,.F.,.F.,(4,1,4),(2,
2),(0.,0.0696550680743015,0.150406868488913),(0.,0.1),.UNSPECIFIED.);
#542=B_SPLINE_SURFACE_WITH_KNOTS('',3,1,((#6573,#6574),(#6575,#6576),(#6577,
#6578),(#6579,#6580),(#6581,#6582)),.UNSPECIFIED.,.F.,.F.,.F.,(4,1,4),(2,
2),(0.,0.168985561448369,0.327386230545208),(0.,0.1),.UNSPECIFIED.);
#543=B_SPLINE_SURFACE_WITH_KNOTS('',3,1,((#6596,#6597),(#6598,#6599),(#6600,
#6601),(#6602,#6603),(#6604,#6605)),.UNSPECIFIED.,.F.,.F.,.F.,(4,1,4),(2,
2),(0.,0.253652362730842,0.446523394629961),(0.,0.1),.UNSPECIFIED.);
#544=B_SPLINE_SURFACE_WITH_KNOTS('',3,1,((#6619,#6620),(#6621,#6622),(#6623,
#6624),(#6625,#6626),(#6627,#6628)),.UNSPECIFIED.,.F.,.F.,.F.,(4,1,4),(2,
2),(0.,0.177426405172161,0.514056380700277),(0.,0.1),.UNSPECIFIED.);
#545=B_SPLINE_SURFACE_WITH_KNOTS('',3,1,((#6642,#6643),(#6644,#6645),(#6646,
#6647),(#6648,#6649),(#6650,#6651)),.UNSPECIFIED.,.F.,.F.,.F.,(4,1,4),(2,
2),(0.,0.0514364464489378,0.0996453028866907),(0.,0.1),.UNSPECIFIED.);
#546=B_SPLINE_SURFACE_WITH_KNOTS('',3,1,((#6665,#6666),(#6667,#6668),(#6669,
#6670),(#6671,#6672),(#6673,#6674)),.UNSPECIFIED.,.F.,.F.,.F.,(4,1,4),(2,
2),(0.,0.0425192560994474,0.0892119970461126),(0.,0.1),.UNSPECIFIED.);
#547=B_SPLINE_SURFACE_WITH_KNOTS('',3,1,((#6688,#6689),(#6690,#6691),(#6692,
#6693),(#6694,#6695),(#6696,#6697)),.UNSPECIFIED.,.F.,.F.,.F.,(4,1,4),(2,
2),(0.,0.111122718517333,0.194381958675394),(0.,0.1),.UNSPECIFIED.);
#548=B_SPLINE_SURFACE_WITH_KNOTS('',3,1,((#6711,#6712),(#6713,#6714),(#6715,
#6716),(#6717,#6718),(#6719,#6720)),.UNSPECIFIED.,.F.,.F.,.F.,(4,1,4),(2,
2),(0.,0.150125037613786,0.293591353851605),(0.,0.1),.UNSPECIFIED.);
#549=B_SPLINE_SURFACE_WITH_KNOTS('',3,1,((#6734,#6735),(#6736,#6737),(#6738,
#6739),(#6740,#6741),(#6742,#6743)),.UNSPECIFIED.,.F.,.F.,.F.,(4,1,4),(2,
2),(0.,0.265254964848721,0.543245647268221),(0.,0.1),.UNSPECIFIED.);
#550=B_SPLINE_SURFACE_WITH_KNOTS('',3,1,((#6757,#6758),(#6759,#6760),(#6761,
#6762),(#6763,#6764),(#6765,#6766)),.UNSPECIFIED.,.F.,.F.,.F.,(4,1,4),(2,
2),(0.,0.206796098227053,0.603023287655359),(0.,0.1),.UNSPECIFIED.);
#551=B_SPLINE_SURFACE_WITH_KNOTS('',3,1,((#6780,#6781),(#6782,#6783),(#6784,
#6785),(#6786,#6787),(#6788,#6789)),.UNSPECIFIED.,.F.,.F.,.F.,(4,1,4),(2,
2),(0.,0.028153392423071,0.059540047038818),(0.,0.1),.UNSPECIFIED.);
#552=B_SPLINE_SURFACE_WITH_KNOTS('',3,1,((#6803,#6804),(#6805,#6806),(#6807,
#6808),(#6809,#6810),(#6811,#6812)),.UNSPECIFIED.,.F.,.F.,.F.,(4,1,4),(2,
2),(0.,0.0363088075756993,0.0664051497446776),(0.,0.1),.UNSPECIFIED.);
#553=B_SPLINE_SURFACE_WITH_KNOTS('',3,1,((#6826,#6827),(#6828,#6829),(#6830,
#6831),(#6832,#6833),(#6834,#6835)),.UNSPECIFIED.,.F.,.F.,.F.,(4,1,4),(2,
2),(0.,0.274265467201643,0.468249800474225),(0.,0.1),.UNSPECIFIED.);
#554=B_SPLINE_SURFACE_WITH_KNOTS('',3,1,((#6849,#6850),(#6851,#6852),(#6853,
#6854),(#6855,#6856),(#6857,#6858)),.UNSPECIFIED.,.F.,.F.,.F.,(4,1,4),(2,
2),(0.,0.348532962102236,0.644889141481009),(0.,0.1),.UNSPECIFIED.);
#555=B_SPLINE_SURFACE_WITH_KNOTS('',3,1,((#6872,#6873),(#6874,#6875),(#6876,
#6877),(#6878,#6879),(#6880,#6881)),.UNSPECIFIED.,.F.,.F.,.F.,(4,1,4),(2,
2),(0.,0.0775458528866221,0.212091274487099),(0.,0.1),.UNSPECIFIED.);
#556=B_SPLINE_SURFACE_WITH_KNOTS('',3,1,((#6895,#6896),(#6897,#6898),(#6899,
#6900),(#6901,#6902),(#6903,#6904)),.UNSPECIFIED.,.F.,.F.,.F.,(4,1,4),(2,
2),(0.,0.0387301051060071,0.0715462080357243),(0.,0.1),.UNSPECIFIED.);
#557=B_SPLINE_SURFACE_WITH_KNOTS('',3,1,((#6918,#6919),(#6920,#6921),(#6922,
#6923),(#6924,#6925),(#6926,#6927)),.UNSPECIFIED.,.F.,.F.,.F.,(4,1,4),(2,
2),(0.,0.0402307528037658,0.0850392934406605),(0.,0.1),.UNSPECIFIED.);
#558=B_SPLINE_SURFACE_WITH_KNOTS('',3,1,((#6941,#6942),(#6943,#6944),(#6945,
#6946),(#6947,#6948),(#6949,#6950)),.UNSPECIFIED.,.F.,.F.,.F.,(4,1,4),(2,
2),(0.,0.125893529959682,0.212206267030476),(0.,0.1),.UNSPECIFIED.);
#559=B_SPLINE_SURFACE_WITH_KNOTS('',3,1,((#6964,#6965),(#6966,#6967),(#6968,
#6969),(#6970,#6971),(#6972,#6973)),.UNSPECIFIED.,.F.,.F.,.F.,(4,1,4),(2,
2),(0.,0.248589269788657,0.455321584783596),(0.,0.1),.UNSPECIFIED.);
#560=B_SPLINE_SURFACE_WITH_KNOTS('',3,1,((#6987,#6988),(#6989,#6990),(#6991,
#6992),(#6993,#6994),(#6995,#6996)),.UNSPECIFIED.,.F.,.F.,.F.,(4,1,4),(2,
2),(0.,0.410774771546662,0.928008282830105),(0.,0.1),.UNSPECIFIED.);
#561=B_SPLINE_SURFACE_WITH_KNOTS('',3,1,((#7010,#7011),(#7012,#7013),(#7014,
#7015),(#7016,#7017),(#7018,#7019)),.UNSPECIFIED.,.F.,.F.,.F.,(4,1,4),(2,
2),(0.,0.107244816909708,0.224425935105079),(0.,0.1),.UNSPECIFIED.);
#562=B_SPLINE_SURFACE_WITH_KNOTS('',3,1,((#7033,#7034),(#7035,#7036),(#7037,
#7038),(#7039,#7040),(#7041,#7042)),.UNSPECIFIED.,.F.,.F.,.F.,(4,1,4),(2,
2),(0.,0.130528731738775,0.265268715705221),(0.,0.1),.UNSPECIFIED.);
#563=B_SPLINE_SURFACE_WITH_KNOTS('',3,1,((#7056,#7057),(#7058,#7059),(#7060,
#7061),(#7062,#7063),(#7064,#7065)),.UNSPECIFIED.,.F.,.F.,.F.,(4,1,4),(2,
2),(0.,0.218454643120637,0.391381943959359),(0.,0.1),.UNSPECIFIED.);
#564=B_SPLINE_SURFACE_WITH_KNOTS('',3,1,((#7079,#7080),(#7081,#7082),(#7083,
#7084),(#7085,#7086),(#7087,#7088)),.UNSPECIFIED.,.F.,.F.,.F.,(4,1,4),(2,
2),(0.,0.196363401412987,0.35634358935534),(0.,0.1),.UNSPECIFIED.);
#565=B_SPLINE_SURFACE_WITH_KNOTS('',3,1,((#7102,#7103),(#7104,#7105),(#7106,
#7107),(#7108,#7109),(#7110,#7111)),.UNSPECIFIED.,.F.,.F.,.F.,(4,1,4),(2,
2),(0.,0.0513281086325383,0.152010167259867),(0.,0.1),.UNSPECIFIED.);
#566=B_SPLINE_SURFACE_WITH_KNOTS('',3,1,((#7125,#7126),(#7127,#7128),(#7129,
#7130),(#7131,#7132),(#7133,#7134)),.UNSPECIFIED.,.F.,.F.,.F.,(4,1,4),(2,
2),(0.,0.155332014894463,0.336551296577621),(0.,0.1),.UNSPECIFIED.);
#567=B_SPLINE_SURFACE_WITH_KNOTS('',3,1,((#7148,#7149),(#7150,#7151),(#7152,
#7153),(#7154,#7155),(#7156,#7157)),.UNSPECIFIED.,.F.,.F.,.F.,(4,1,4),(2,
2),(0.,0.141922343612005,0.295045650382652),(0.,0.1),.UNSPECIFIED.);
#568=B_SPLINE_SURFACE_WITH_KNOTS('',3,1,((#7171,#7172),(#7173,#7174),(#7175,
#7176),(#7177,#7178),(#7179,#7180)),.UNSPECIFIED.,.F.,.F.,.F.,(4,1,4),(2,
2),(0.00905882027360851,0.057326579761256,0.11734868126256),(0.,0.1),
 .UNSPECIFIED.);
#569=B_SPLINE_SURFACE_WITH_KNOTS('',3,1,((#7194,#7195),(#7196,#7197),(#7198,
#7199),(#7200,#7201)),.UNSPECIFIED.,.F.,.F.,.F.,(4,4),(2,2),(0.,0.00900823397342652),
(0.,0.1),.UNSPECIFIED.);
#570=B_SPLINE_SURFACE_WITH_KNOTS('',3,1,((#7213,#7214),(#7215,#7216),(#7217,
#7218),(#7219,#7220),(#7221,#7222)),.UNSPECIFIED.,.F.,.F.,.F.,(4,1,4),(2,
2),(0.,0.341060724456442,0.507696451213151),(0.,0.1),.UNSPECIFIED.);
#571=B_SPLINE_SURFACE_WITH_KNOTS('',3,1,((#7236,#7237),(#7238,#7239),(#7240,
#7241),(#7242,#7243),(#7244,#7245)),.UNSPECIFIED.,.F.,.F.,.F.,(4,1,4),(2,
2),(0.,0.137907596600641,0.374383435153711),(0.,0.1),.UNSPECIFIED.);
#572=B_SPLINE_SURFACE_WITH_KNOTS('',3,1,((#7259,#7260),(#7261,#7262),(#7263,
#7264),(#7265,#7266),(#7267,#7268)),.UNSPECIFIED.,.F.,.F.,.F.,(4,1,4),(2,
2),(0.,0.137516209169941,0.330791439147772),(0.,0.1),.UNSPECIFIED.);
#573=B_SPLINE_SURFACE_WITH_KNOTS('',3,1,((#7282,#7283),(#7284,#7285),(#7286,
#7287),(#7288,#7289),(#7290,#7291)),.UNSPECIFIED.,.F.,.F.,.F.,(4,1,4),(2,
2),(0.,0.148970042872796,0.326348815309655),(0.,0.1),.UNSPECIFIED.);
#574=B_SPLINE_SURFACE_WITH_KNOTS('',3,1,((#7305,#7306),(#7307,#7308),(#7309,
#7310),(#7311,#7312),(#7313,#7314)),.UNSPECIFIED.,.F.,.F.,.F.,(4,1,4),(2,
2),(0.,0.158553751011861,0.287149605738382),(0.,0.1),.UNSPECIFIED.);
#575=B_SPLINE_SURFACE_WITH_KNOTS('',3,1,((#7328,#7329),(#7330,#7331),(#7332,
#7333),(#7334,#7335),(#7336,#7337)),.UNSPECIFIED.,.F.,.F.,.F.,(4,1,4),(2,
2),(0.,0.242722659214434,0.435603715480273),(0.,0.1),.UNSPECIFIED.);
#576=B_SPLINE_SURFACE_WITH_KNOTS('',3,1,((#7351,#7352),(#7353,#7354),(#7355,
#7356),(#7357,#7358),(#7359,#7360)),.UNSPECIFIED.,.F.,.F.,.F.,(4,1,4),(2,
2),(0.,0.207966766201664,0.59101411547077),(0.,0.1),.UNSPECIFIED.);
#577=B_SPLINE_SURFACE_WITH_KNOTS('',3,1,((#7374,#7375),(#7376,#7377),(#7378,
#7379),(#7380,#7381),(#7382,#7383)),.UNSPECIFIED.,.F.,.F.,.F.,(4,1,4),(2,
2),(0.,0.0492939868661014,0.105937201616268),(0.,0.1),.UNSPECIFIED.);
#578=B_SPLINE_SURFACE_WITH_KNOTS('',3,1,((#7397,#7398),(#7399,#7400),(#7401,
#7402),(#7403,#7404),(#7405,#7406)),.UNSPECIFIED.,.F.,.F.,.F.,(4,1,4),(2,
2),(0.,0.122216237954748,0.204343378227289),(0.,0.1),.UNSPECIFIED.);
#579=B_SPLINE_SURFACE_WITH_KNOTS('',3,1,((#7420,#7421),(#7422,#7423),(#7424,
#7425),(#7426,#7427),(#7428,#7429)),.UNSPECIFIED.,.F.,.F.,.F.,(4,1,4),(2,
2),(0.,0.249021442079062,0.436833964788735),(0.,0.1),.UNSPECIFIED.);
#580=B_SPLINE_SURFACE_WITH_KNOTS('',3,1,((#7443,#7444),(#7445,#7446),(#7447,
#7448),(#7449,#7450),(#7451,#7452)),.UNSPECIFIED.,.F.,.F.,.F.,(4,1,4),(2,
2),(0.,0.110027485571813,0.295263887787153),(0.,0.1),.UNSPECIFIED.);
#581=B_SPLINE_SURFACE_WITH_KNOTS('',3,1,((#7466,#7467),(#7468,#7469),(#7470,
#7471),(#7472,#7473),(#7474,#7475)),.UNSPECIFIED.,.F.,.F.,.F.,(4,1,4),(2,
2),(0.,0.0929543896147221,0.165913773940988),(0.,0.1),.UNSPECIFIED.);
#582=B_SPLINE_SURFACE_WITH_KNOTS('',3,1,((#7489,#7490),(#7491,#7492),(#7493,
#7494),(#7495,#7496),(#7497,#7498)),.UNSPECIFIED.,.F.,.F.,.F.,(4,1,4),(2,
2),(0.,0.186921929303679,0.305648057832186),(0.,0.1),.UNSPECIFIED.);
#583=B_SPLINE_SURFACE_WITH_KNOTS('',3,1,((#7512,#7513),(#7514,#7515),(#7516,
#7517),(#7518,#7519),(#7520,#7521)),.UNSPECIFIED.,.F.,.F.,.F.,(4,1,4),(2,
2),(0.,0.039333354931382,0.0640709128334779),(0.,0.1),.UNSPECIFIED.);
#584=B_SPLINE_SURFACE_WITH_KNOTS('',3,1,((#7535,#7536),(#7537,#7538),(#7539,
#7540),(#7541,#7542),(#7543,#7544)),.UNSPECIFIED.,.F.,.F.,.F.,(4,1,4),(2,
2),(0.,0.477753922805677,0.934576782596008),(0.,0.1),.UNSPECIFIED.);
#585=B_SPLINE_SURFACE_WITH_KNOTS('',3,1,((#7558,#7559),(#7560,#7561),(#7562,
#7563),(#7564,#7565),(#7566,#7567)),.UNSPECIFIED.,.F.,.F.,.F.,(4,1,4),(2,
2),(0.,0.0775323567997544,0.180088083050729),(0.,0.1),.UNSPECIFIED.);
#586=B_SPLINE_SURFACE_WITH_KNOTS('',3,1,((#7581,#7582),(#7583,#7584),(#7585,
#7586),(#7587,#7588),(#7589,#7590)),.UNSPECIFIED.,.F.,.F.,.F.,(4,1,4),(2,
2),(0.,0.0377338754337263,0.0745600199790343),(0.,0.1),.UNSPECIFIED.);
#587=B_SPLINE_SURFACE_WITH_KNOTS('',3,1,((#7604,#7605),(#7606,#7607),(#7608,
#7609),(#7610,#7611),(#7612,#7613)),.UNSPECIFIED.,.F.,.F.,.F.,(4,1,4),(2,
2),(0.,0.0306921658541756,0.0642177500899943),(0.,0.1),.UNSPECIFIED.);
#588=B_SPLINE_SURFACE_WITH_KNOTS('',3,1,((#7627,#7628),(#7629,#7630),(#7631,
#7632),(#7633,#7634),(#7635,#7636)),.UNSPECIFIED.,.F.,.F.,.F.,(4,1,4),(2,
2),(0.,0.34404295715542,0.515211923055943),(0.,0.1),.UNSPECIFIED.);
#589=B_SPLINE_SURFACE_WITH_KNOTS('',3,1,((#7650,#7651),(#7652,#7653),(#7654,
#7655),(#7656,#7657),(#7658,#7659)),.UNSPECIFIED.,.F.,.F.,.F.,(4,1,4),(2,
2),(0.,0.134987059581092,0.362624573563495),(0.,0.1),.UNSPECIFIED.);
#590=B_SPLINE_SURFACE_WITH_KNOTS('',3,1,((#7673,#7674),(#7675,#7676),(#7677,
#7678),(#7679,#7680),(#7681,#7682)),.UNSPECIFIED.,.F.,.F.,.F.,(4,1,4),(2,
2),(0.,0.0560049537806239,0.136761537960205),(0.,0.1),.UNSPECIFIED.);
#591=B_SPLINE_SURFACE_WITH_KNOTS('',3,1,((#7696,#7697),(#7698,#7699),(#7700,
#7701),(#7702,#7703),(#7704,#7705)),.UNSPECIFIED.,.F.,.F.,.F.,(4,1,4),(2,
2),(0.,0.0824421848907055,0.183556639071669),(0.,0.1),.UNSPECIFIED.);
#592=B_SPLINE_SURFACE_WITH_KNOTS('',3,1,((#7719,#7720),(#7721,#7722),(#7723,
#7724),(#7725,#7726),(#7727,#7728)),.UNSPECIFIED.,.F.,.F.,.F.,(4,1,4),(2,
2),(0.,0.049502542944837,0.116731022254613),(0.,0.1),.UNSPECIFIED.);
#593=B_SPLINE_SURFACE_WITH_KNOTS('',3,1,((#7742,#7743),(#7744,#7745),(#7746,
#7747),(#7748,#7749),(#7750,#7751)),.UNSPECIFIED.,.F.,.F.,.F.,(4,1,4),(2,
2),(0.,0.0570106602190681,0.113086289797778),(0.,0.1),.UNSPECIFIED.);
#594=B_SPLINE_SURFACE_WITH_KNOTS('',3,1,((#7765,#7766),(#7767,#7768),(#7769,
#7770),(#7771,#7772),(#7773,#7774)),.UNSPECIFIED.,.F.,.F.,.F.,(4,1,4),(2,
2),(0.,0.0489225876694994,0.0973669000248158),(0.,0.1),.UNSPECIFIED.);
#595=B_SPLINE_SURFACE_WITH_KNOTS('',3,1,((#7788,#7789),(#7790,#7791),(#7792,
#7793),(#7794,#7795),(#7796,#7797)),.UNSPECIFIED.,.F.,.F.,.F.,(4,1,4),(2,
2),(0.,0.0793029049360039,0.153932079738111),(0.,0.1),.UNSPECIFIED.);
#596=B_SPLINE_SURFACE_WITH_KNOTS('',3,1,((#7811,#7812),(#7813,#7814),(#7815,
#7816),(#7817,#7818),(#7819,#7820)),.UNSPECIFIED.,.F.,.F.,.F.,(4,1,4),(2,
2),(0.,0.153116479218083,0.248622220047931),(0.,0.1),.UNSPECIFIED.);
#597=B_SPLINE_SURFACE_WITH_KNOTS('',3,1,((#7834,#7835),(#7836,#7837),(#7838,
#7839),(#7840,#7841),(#7842,#7843)),.UNSPECIFIED.,.F.,.F.,.F.,(4,1,4),(2,
2),(0.,0.154320814667739,0.227080743637801),(0.,0.1),.UNSPECIFIED.);
#598=B_SPLINE_SURFACE_WITH_KNOTS('',3,1,((#7857,#7858),(#7859,#7860),(#7861,
#7862),(#7863,#7864),(#7865,#7866)),.UNSPECIFIED.,.F.,.F.,.F.,(4,1,4),(2,
2),(0.,0.0880118456554512,0.195010133242118),(0.,0.1),.UNSPECIFIED.);
#599=B_SPLINE_SURFACE_WITH_KNOTS('',3,1,((#7880,#7881),(#7882,#7883),(#7884,
#7885),(#7886,#7887),(#7888,#7889)),.UNSPECIFIED.,.F.,.F.,.F.,(4,1,4),(2,
2),(0.,0.0889685833432245,0.174814120508102),(0.,0.1),.UNSPECIFIED.);
#600=B_SPLINE_SURFACE_WITH_KNOTS('',3,1,((#7903,#7904),(#7905,#7906),(#7907,
#7908),(#7909,#7910),(#7911,#7912)),.UNSPECIFIED.,.F.,.F.,.F.,(4,1,4),(2,
2),(0.,0.195085338903174,0.309546844477053),(0.,0.1),.UNSPECIFIED.);
#601=B_SPLINE_SURFACE_WITH_KNOTS('',3,1,((#7926,#7927),(#7928,#7929),(#7930,
#7931),(#7932,#7933),(#7934,#7935)),.UNSPECIFIED.,.F.,.F.,.F.,(4,1,4),(2,
2),(0.,0.245367456187735,0.475545352741972),(0.,0.1),.UNSPECIFIED.);
#602=B_SPLINE_SURFACE_WITH_KNOTS('',3,1,((#7949,#7950),(#7951,#7952),(#7953,
#7954),(#7955,#7956),(#7957,#7958)),.UNSPECIFIED.,.F.,.F.,.F.,(4,1,4),(2,
2),(0.,0.0627735136375418,0.172997901383602),(0.,0.1),.UNSPECIFIED.);
#603=B_SPLINE_SURFACE_WITH_KNOTS('',3,1,((#7972,#7973),(#7974,#7975),(#7976,
#7977),(#7978,#7979)),.UNSPECIFIED.,.F.,.F.,.F.,(4,4),(2,2),(0.0979986028393235,
0.110307326046249),(0.,0.1),.UNSPECIFIED.);
#604=B_SPLINE_SURFACE_WITH_KNOTS('',3,1,((#7989,#7990),(#7991,#7992),(#7993,
#7994),(#7995,#7996),(#7997,#7998)),.UNSPECIFIED.,.F.,.F.,.F.,(4,1,4),(2,
2),(0.,0.677763539218554,1.45641289308304),(0.,0.1),.UNSPECIFIED.);
#605=B_SPLINE_SURFACE_WITH_KNOTS('',3,1,((#8015,#8016),(#8017,#8018),(#8019,
#8020),(#8021,#8022),(#8023,#8024)),.UNSPECIFIED.,.F.,.F.,.F.,(4,1,4),(2,
2),(0.,0.276038904388852,0.872113820563581),(0.,0.1),.UNSPECIFIED.);
#606=B_SPLINE_SURFACE_WITH_KNOTS('',3,1,((#8038,#8039),(#8040,#8041),(#8042,
#8043),(#8044,#8045),(#8046,#8047)),.UNSPECIFIED.,.F.,.F.,.F.,(4,1,4),(2,
2),(0.,0.0499494461387344,0.094384579221871),(0.,0.1),.UNSPECIFIED.);
#607=B_SPLINE_SURFACE_WITH_KNOTS('',3,1,((#8061,#8062),(#8063,#8064),(#8065,
#8066),(#8067,#8068),(#8069,#8070)),.UNSPECIFIED.,.F.,.F.,.F.,(4,1,4),(2,
2),(0.,0.388247777701475,0.600364584344075),(0.,0.1),.UNSPECIFIED.);
#608=B_SPLINE_SURFACE_WITH_KNOTS('',3,1,((#8084,#8085),(#8086,#8087),(#8088,
#8089),(#8090,#8091),(#8092,#8093)),.UNSPECIFIED.,.F.,.F.,.F.,(4,1,4),(2,
2),(0.,0.819781997926301,1.70396010732435),(0.,0.1),.UNSPECIFIED.);
#609=B_SPLINE_SURFACE_WITH_KNOTS('',3,1,((#8104,#8105),(#8106,#8107),(#8108,
#8109),(#8110,#8111),(#8112,#8113)),.UNSPECIFIED.,.F.,.F.,.F.,(4,1,4),(2,
2),(0.,0.191481409875004,0.440688807677915),(0.,0.1),.UNSPECIFIED.);
#610=B_SPLINE_SURFACE_WITH_KNOTS('',3,1,((#8130,#8131),(#8132,#8133),(#8134,
#8135),(#8136,#8137),(#8138,#8139)),.UNSPECIFIED.,.F.,.F.,.F.,(4,1,4),(2,
2),(0.,0.553140536566983,1.1496814670062),(0.,0.1),.UNSPECIFIED.);
#611=B_SPLINE_SURFACE_WITH_KNOTS('',3,1,((#8153,#8154),(#8155,#8156),(#8157,
#8158),(#8159,#8160),(#8161,#8162)),.UNSPECIFIED.,.F.,.F.,.F.,(4,1,4),(2,
2),(0.,0.572200399880218,1.55130069737069),(0.,0.1),.UNSPECIFIED.);
#612=B_SPLINE_SURFACE_WITH_KNOTS('',3,1,((#8176,#8177),(#8178,#8179),(#8180,
#8181),(#8182,#8183),(#8184,#8185)),.UNSPECIFIED.,.F.,.F.,.F.,(4,1,4),(2,
2),(0.,0.0841910472958868,0.167650021436858),(0.,0.1),.UNSPECIFIED.);
#613=B_SPLINE_SURFACE_WITH_KNOTS('',3,1,((#8199,#8200),(#8201,#8202),(#8203,
#8204),(#8205,#8206),(#8207,#8208)),.UNSPECIFIED.,.F.,.F.,.F.,(4,1,4),(2,
2),(0.,0.0810183432026799,0.161775001458561),(0.,0.1),.UNSPECIFIED.);
#614=B_SPLINE_SURFACE_WITH_KNOTS('',3,1,((#8222,#8223),(#8224,#8225),(#8226,
#8227),(#8228,#8229),(#8230,#8231)),.UNSPECIFIED.,.F.,.F.,.F.,(4,1,4),(2,
2),(0.,0.559397479163587,0.897379185239237),(0.,0.1),.UNSPECIFIED.);
#615=B_SPLINE_SURFACE_WITH_KNOTS('',3,1,((#8245,#8246),(#8247,#8248),(#8249,
#8250),(#8251,#8252),(#8253,#8254)),.UNSPECIFIED.,.F.,.F.,.F.,(4,1,4),(2,
2),(0.,1.08300519417021,2.01227924711738),(0.,0.1),.UNSPECIFIED.);
#616=B_SPLINE_SURFACE_WITH_KNOTS('',3,1,((#8268,#8269),(#8270,#8271),(#8272,
#8273),(#8274,#8275),(#8276,#8277)),.UNSPECIFIED.,.F.,.F.,.F.,(4,1,4),(2,
2),(0.,0.342113402409836,0.760437525161554),(0.,0.1),.UNSPECIFIED.);
#617=B_SPLINE_SURFACE_WITH_KNOTS('',3,1,((#8291,#8292),(#8293,#8294),(#8295,
#8296),(#8297,#8298),(#8299,#8300)),.UNSPECIFIED.,.F.,.F.,.F.,(4,1,4),(2,
2),(0.,0.195749991752759,0.462979861923917),(0.,0.1),.UNSPECIFIED.);
#618=B_SPLINE_SURFACE_WITH_KNOTS('',3,1,((#8314,#8315),(#8316,#8317),(#8318,
#8319),(#8320,#8321),(#8322,#8323)),.UNSPECIFIED.,.F.,.F.,.F.,(4,1,4),(2,
2),(0.,0.0829375017308336,0.172522238554811),(0.,0.1),.UNSPECIFIED.);
#619=B_SPLINE_SURFACE_WITH_KNOTS('',3,1,((#8337,#8338),(#8339,#8340),(#8341,
#8342),(#8343,#8344),(#8345,#8346)),.UNSPECIFIED.,.F.,.F.,.F.,(4,1,4),(2,
2),(0.,0.103026523636725,0.209208581200504),(0.,0.1),.UNSPECIFIED.);
#620=B_SPLINE_SURFACE_WITH_KNOTS('',3,1,((#8360,#8361),(#8362,#8363),(#8364,
#8365),(#8366,#8367),(#8368,#8369)),.UNSPECIFIED.,.F.,.F.,.F.,(4,1,4),(2,
2),(0.,0.415584102784149,0.700483782797319),(0.,0.1),.UNSPECIFIED.);
#621=B_SPLINE_SURFACE_WITH_KNOTS('',3,1,((#8383,#8384),(#8385,#8386),(#8387,
#8388),(#8389,#8390),(#8391,#8392)),.UNSPECIFIED.,.F.,.F.,.F.,(4,1,4),(2,
2),(0.,0.202334865294287,0.586004944110326),(0.,0.1),.UNSPECIFIED.);
#622=B_SPLINE_SURFACE_WITH_KNOTS('',3,1,((#8406,#8407),(#8408,#8409),(#8410,
#8411),(#8412,#8413),(#8414,#8415)),.UNSPECIFIED.,.F.,.F.,.F.,(4,1,4),(2,
2),(0.,0.0595699324733746,0.117300135803754),(0.,0.1),.UNSPECIFIED.);
#623=B_SPLINE_SURFACE_WITH_KNOTS('',3,1,((#8429,#8430),(#8431,#8432),(#8433,
#8434),(#8435,#8436),(#8437,#8438)),.UNSPECIFIED.,.F.,.F.,.F.,(4,1,4),(2,
2),(0.,0.097030348825795,0.167000071755532),(0.,0.1),.UNSPECIFIED.);
#624=B_SPLINE_SURFACE_WITH_KNOTS('',3,1,((#8452,#8453),(#8454,#8455),(#8456,
#8457),(#8458,#8459),(#8460,#8461)),.UNSPECIFIED.,.F.,.F.,.F.,(4,1,4),(2,
2),(0.,0.166131976795621,0.417306698836982),(0.,0.1),.UNSPECIFIED.);
#625=B_SPLINE_SURFACE_WITH_KNOTS('',3,1,((#8475,#8476),(#8477,#8478),(#8479,
#8480),(#8481,#8482),(#8483,#8484)),.UNSPECIFIED.,.F.,.F.,.F.,(4,1,4),(2,
2),(0.,0.129791063820342,0.341157323699459),(0.,0.1),.UNSPECIFIED.);
#626=B_SPLINE_SURFACE_WITH_KNOTS('',3,1,((#8498,#8499),(#8500,#8501),(#8502,
#8503),(#8504,#8505),(#8506,#8507)),.UNSPECIFIED.,.F.,.F.,.F.,(4,1,4),(2,
2),(0.,0.0572700679277622,0.112700569851335),(0.,0.1),.UNSPECIFIED.);
#627=B_SPLINE_SURFACE_WITH_KNOTS('',3,1,((#8521,#8522),(#8523,#8524),(#8525,
#8526),(#8527,#8528),(#8529,#8530)),.UNSPECIFIED.,.F.,.F.,.F.,(4,1,4),(2,
2),(0.,0.122980206349456,0.200119054368034),(0.,0.1),.UNSPECIFIED.);
#628=B_SPLINE_SURFACE_WITH_KNOTS('',3,1,((#8544,#8545),(#8546,#8547),(#8548,
#8549),(#8550,#8551),(#8552,#8553)),.UNSPECIFIED.,.F.,.F.,.F.,(4,1,4),(2,
2),(0.,0.218845873538064,0.389265396626986),(0.,0.1),.UNSPECIFIED.);
#629=B_SPLINE_SURFACE_WITH_KNOTS('',3,1,((#8565,#8566),(#8567,#8568),(#8569,
#8570),(#8571,#8572),(#8573,#8574)),.UNSPECIFIED.,.F.,.F.,.F.,(4,1,4),(2,
2),(0.,0.262025140518896,0.507792796051533),(0.,0.1),.UNSPECIFIED.);
#630=B_SPLINE_SURFACE_WITH_KNOTS('',3,1,((#8591,#8592),(#8593,#8594),(#8595,
#8596),(#8597,#8598),(#8599,#8600)),.UNSPECIFIED.,.F.,.F.,.F.,(4,1,4),(2,
2),(0.,0.211461383791905,0.533285240607611),(0.,0.1),.UNSPECIFIED.);
#631=B_SPLINE_SURFACE_WITH_KNOTS('',3,1,((#8614,#8615),(#8616,#8617),(#8618,
#8619),(#8620,#8621),(#8622,#8623)),.UNSPECIFIED.,.F.,.F.,.F.,(4,1,4),(2,
2),(0.,0.0930056014259417,0.172361707293796),(0.,0.1),.UNSPECIFIED.);
#632=B_SPLINE_SURFACE_WITH_KNOTS('',3,1,((#8637,#8638),(#8639,#8640),(#8641,
#8642),(#8643,#8644),(#8645,#8646)),.UNSPECIFIED.,.F.,.F.,.F.,(4,1,4),(2,
2),(0.,0.0422381164593139,0.0993416720865995),(0.,0.1),.UNSPECIFIED.);
#633=B_SPLINE_SURFACE_WITH_KNOTS('',3,1,((#8660,#8661),(#8662,#8663),(#8664,
#8665),(#8666,#8667),(#8668,#8669)),.UNSPECIFIED.,.F.,.F.,.F.,(4,1,4),(2,
2),(0.,0.0383804850234304,0.077362718880116),(0.,0.1),.UNSPECIFIED.);
#634=B_SPLINE_SURFACE_WITH_KNOTS('',3,1,((#8683,#8684),(#8685,#8686),(#8687,
#8688),(#8689,#8690),(#8691,#8692)),.UNSPECIFIED.,.F.,.F.,.F.,(4,1,4),(2,
2),(0.,0.0816685761925406,0.16811913750616),(0.,0.1),.UNSPECIFIED.);
#635=B_SPLINE_SURFACE_WITH_KNOTS('',3,1,((#8706,#8707),(#8708,#8709),(#8710,
#8711),(#8712,#8713),(#8714,#8715)),.UNSPECIFIED.,.F.,.F.,.F.,(4,1,4),(2,
2),(0.,0.25885383672589,0.413162451290363),(0.,0.1),.UNSPECIFIED.);
#636=B_SPLINE_SURFACE_WITH_KNOTS('',3,1,((#8729,#8730),(#8731,#8732),(#8733,
#8734),(#8735,#8736),(#8737,#8738)),.UNSPECIFIED.,.F.,.F.,.F.,(4,1,4),(2,
2),(0.,0.367082478180278,0.632337773143689),(0.,0.1),.UNSPECIFIED.);
#637=B_SPLINE_SURFACE_WITH_KNOTS('',3,1,((#8752,#8753),(#8754,#8755),(#8756,
#8757),(#8758,#8759),(#8760,#8761)),.UNSPECIFIED.,.F.,.F.,.F.,(4,1,4),(2,
2),(0.,0.390703176021968,0.766118337646117),(0.,0.1),.UNSPECIFIED.);
#638=B_SPLINE_SURFACE_WITH_KNOTS('',3,1,((#8775,#8776),(#8777,#8778),(#8779,
#8780),(#8781,#8782),(#8783,#8784)),.UNSPECIFIED.,.F.,.F.,.F.,(4,1,4),(2,
2),(0.,0.143540187851981,0.370460899804915),(0.,0.1),.UNSPECIFIED.);
#639=B_SPLINE_SURFACE_WITH_KNOTS('',3,1,((#8798,#8799),(#8800,#8801),(#8802,
#8803),(#8804,#8805),(#8806,#8807)),.UNSPECIFIED.,.F.,.F.,.F.,(4,1,4),(2,
2),(0.,0.0819852015928345,0.161560952698473),(0.,0.1),.UNSPECIFIED.);
#640=B_SPLINE_SURFACE_WITH_KNOTS('',3,1,((#8821,#8822),(#8823,#8824),(#8825,
#8826),(#8827,#8828),(#8829,#8830)),.UNSPECIFIED.,.F.,.F.,.F.,(4,1,4),(2,
2),(0.,0.622675508718689,1.28745276152741),(0.,0.1),.UNSPECIFIED.);
#641=B_SPLINE_SURFACE_WITH_KNOTS('',3,1,((#8844,#8845),(#8846,#8847),(#8848,
#8849),(#8850,#8851),(#8852,#8853)),.UNSPECIFIED.,.F.,.F.,.F.,(4,1,4),(2,
2),(0.,0.811142301694114,1.71916212729531),(0.,0.1),.UNSPECIFIED.);
#642=B_SPLINE_SURFACE_WITH_KNOTS('',3,1,((#8867,#8868),(#8869,#8870),(#8871,
#8872),(#8873,#8874),(#8875,#8876)),.UNSPECIFIED.,.F.,.F.,.F.,(4,1,4),(2,
2),(0.,0.170574086672555,0.536964435780794),(0.,0.1),.UNSPECIFIED.);
#643=B_SPLINE_SURFACE_WITH_KNOTS('',3,1,((#8890,#8891),(#8892,#8893),(#8894,
#8895),(#8896,#8897),(#8898,#8899)),.UNSPECIFIED.,.F.,.F.,.F.,(4,1,4),(2,
2),(0.,0.0744839896953592,0.142276793374092),(0.,0.1),.UNSPECIFIED.);
#644=B_SPLINE_SURFACE_WITH_KNOTS('',3,1,((#8913,#8914),(#8915,#8916),(#8917,
#8918),(#8919,#8920),(#8921,#8922)),.UNSPECIFIED.,.F.,.F.,.F.,(4,1,4),(2,
2),(0.,0.0782282823842207,0.169858927236728),(0.,0.1),.UNSPECIFIED.);
#645=B_SPLINE_SURFACE_WITH_KNOTS('',3,1,((#8936,#8937),(#8938,#8939),(#8940,
#8941),(#8942,#8943),(#8944,#8945)),.UNSPECIFIED.,.F.,.F.,.F.,(4,1,4),(2,
2),(0.,0.128482116367397,0.217939744127561),(0.,0.1),.UNSPECIFIED.);
#646=B_SPLINE_SURFACE_WITH_KNOTS('',3,1,((#8959,#8960),(#8961,#8962),(#8963,
#8964),(#8965,#8966),(#8967,#8968)),.UNSPECIFIED.,.F.,.F.,.F.,(4,1,4),(2,
2),(0.,0.895403639295179,1.90163109129862),(0.,0.1),.UNSPECIFIED.);
#647=B_SPLINE_SURFACE_WITH_KNOTS('',3,1,((#8982,#8983),(#8984,#8985),(#8986,
#8987),(#8988,#8989),(#8990,#8991)),.UNSPECIFIED.,.F.,.F.,.F.,(4,1,4),(2,
2),(0.,0.386177028850443,0.97726060551254),(0.,0.1),.UNSPECIFIED.);
#648=B_SPLINE_SURFACE_WITH_KNOTS('',3,1,((#9005,#9006),(#9007,#9008),(#9009,
#9010),(#9011,#9012),(#9013,#9014)),.UNSPECIFIED.,.F.,.F.,.F.,(4,1,4),(2,
2),(0.,0.0756679138693956,0.12803653730776),(0.,0.1),.UNSPECIFIED.);
#649=B_SPLINE_SURFACE_WITH_KNOTS('',3,1,((#9034,#9035),(#9036,#9037),(#9038,
#9039),(#9040,#9041),(#9042,#9043)),.UNSPECIFIED.,.F.,.F.,.F.,(4,1,4),(2,
2),(0.,0.144535272987143,0.303779631912316),(0.,0.1),.UNSPECIFIED.);
#650=B_SPLINE_SURFACE_WITH_KNOTS('',3,1,((#9057,#9058),(#9059,#9060),(#9061,
#9062),(#9063,#9064),(#9065,#9066)),.UNSPECIFIED.,.F.,.F.,.F.,(4,1,4),(2,
2),(0.,0.0650207784398226,0.136282299317609),(0.,0.1),.UNSPECIFIED.);
#651=B_SPLINE_SURFACE_WITH_KNOTS('',3,1,((#9080,#9081),(#9082,#9083),(#9084,
#9085),(#9086,#9087),(#9088,#9089)),.UNSPECIFIED.,.F.,.F.,.F.,(4,1,4),(2,
2),(0.,0.102710418896081,0.179626305932992),(0.,0.1),.UNSPECIFIED.);
#652=B_SPLINE_SURFACE_WITH_KNOTS('',3,1,((#9103,#9104),(#9105,#9106),(#9107,
#9108),(#9109,#9110),(#9111,#9112)),.UNSPECIFIED.,.F.,.F.,.F.,(4,1,4),(2,
2),(0.,0.539850969024773,0.879475583568739),(0.,0.1),.UNSPECIFIED.);
#653=B_SPLINE_SURFACE_WITH_KNOTS('',3,1,((#9126,#9127),(#9128,#9129),(#9130,
#9131),(#9132,#9133),(#9134,#9135)),.UNSPECIFIED.,.F.,.F.,.F.,(4,1,4),(2,
2),(0.,0.412514910535694,0.711109034823817),(0.,0.1),.UNSPECIFIED.);
#654=B_SPLINE_SURFACE_WITH_KNOTS('',3,1,((#9149,#9150),(#9151,#9152),(#9153,
#9154),(#9155,#9156),(#9157,#9158)),.UNSPECIFIED.,.F.,.F.,.F.,(4,1,4),(2,
2),(0.,0.284871751888157,0.688295130878207),(0.,0.1),.UNSPECIFIED.);
#655=B_SPLINE_SURFACE_WITH_KNOTS('',3,1,((#9170,#9171),(#9172,#9173),(#9174,
#9175),(#9176,#9177),(#9178,#9179)),.UNSPECIFIED.,.F.,.F.,.F.,(4,1,4),(2,
2),(0.,0.336018845603311,0.720506826530201),(0.,0.1),.UNSPECIFIED.);
#656=B_SPLINE_SURFACE_WITH_KNOTS('',3,1,((#9196,#9197),(#9198,#9199),(#9200,
#9201),(#9202,#9203),(#9204,#9205)),.UNSPECIFIED.,.F.,.F.,.F.,(4,1,4),(2,
2),(0.,0.0959258216310364,0.246013858952076),(0.,0.1),.UNSPECIFIED.);
#657=B_SPLINE_SURFACE_WITH_KNOTS('',3,1,((#9219,#9220),(#9221,#9222),(#9223,
#9224),(#9225,#9226),(#9227,#9228)),.UNSPECIFIED.,.F.,.F.,.F.,(4,1,4),(2,
2),(0.,0.0457721115756789,0.089704219331835),(0.,0.1),.UNSPECIFIED.);
#658=B_SPLINE_SURFACE_WITH_KNOTS('',3,1,((#9242,#9243),(#9244,#9245),(#9246,
#9247),(#9248,#9249),(#9250,#9251)),.UNSPECIFIED.,.F.,.F.,.F.,(4,1,4),(2,
2),(0.,0.0738314595392794,0.133742454810164),(0.,0.1),.UNSPECIFIED.);
#659=B_SPLINE_SURFACE_WITH_KNOTS('',3,1,((#9265,#9266),(#9267,#9268),(#9269,
#9270),(#9271,#9272),(#9273,#9274)),.UNSPECIFIED.,.F.,.F.,.F.,(4,1,4),(2,
2),(0.,0.247593946198155,0.481921252099007),(0.,0.1),.UNSPECIFIED.);
#660=B_SPLINE_SURFACE_WITH_KNOTS('',3,1,((#9288,#9289),(#9290,#9291),(#9292,
#9293),(#9294,#9295),(#9296,#9297)),.UNSPECIFIED.,.F.,.F.,.F.,(4,1,4),(2,
2),(0.,0.196368944303336,0.357515146600489),(0.,0.1),.UNSPECIFIED.);
#661=B_SPLINE_SURFACE_WITH_KNOTS('',3,1,((#9308,#9309),(#9310,#9311),(#9312,
#9313),(#9314,#9315),(#9316,#9317)),.UNSPECIFIED.,.F.,.F.,.F.,(4,1,4),(2,
2),(0.,0.53873045831088,1.11219226446496),(0.,0.1),.UNSPECIFIED.);
#662=B_SPLINE_SURFACE_WITH_KNOTS('',3,1,((#9334,#9335),(#9336,#9337),(#9338,
#9339),(#9340,#9341),(#9342,#9343)),.UNSPECIFIED.,.F.,.F.,.F.,(4,1,4),(2,
2),(0.,0.175296956656601,0.407870544915756),(0.,0.1),.UNSPECIFIED.);
#663=B_SPLINE_SURFACE_WITH_KNOTS('',3,1,((#9357,#9358),(#9359,#9360),(#9361,
#9362),(#9363,#9364),(#9365,#9366)),.UNSPECIFIED.,.F.,.F.,.F.,(4,1,4),(2,
2),(0.,0.0905239349909978,0.1819551078604),(0.,0.1),.UNSPECIFIED.);
#664=B_SPLINE_SURFACE_WITH_KNOTS('',3,1,((#9380,#9381),(#9382,#9383),(#9384,
#9385),(#9386,#9387),(#9388,#9389)),.UNSPECIFIED.,.F.,.F.,.F.,(4,1,4),(2,
2),(0.,0.0729338276144044,0.146474189250246),(0.,0.1),.UNSPECIFIED.);
#665=B_SPLINE_SURFACE_WITH_KNOTS('',3,1,((#9403,#9404),(#9405,#9406),(#9407,
#9408),(#9409,#9410),(#9411,#9412)),.UNSPECIFIED.,.F.,.F.,.F.,(4,1,4),(2,
2),(0.,0.454242764495407,0.772348414341114),(0.,0.1),.UNSPECIFIED.);
#666=B_SPLINE_SURFACE_WITH_KNOTS('',3,1,((#9426,#9427),(#9428,#9429),(#9430,
#9431),(#9432,#9433),(#9434,#9435)),.UNSPECIFIED.,.F.,.F.,.F.,(4,1,4),(2,
2),(0.,0.500098450359485,1.08939285132058),(0.,0.1),.UNSPECIFIED.);
#667=B_SPLINE_SURFACE_WITH_KNOTS('',3,1,((#9449,#9450),(#9451,#9452),(#9453,
#9454),(#9455,#9456),(#9457,#9458)),.UNSPECIFIED.,.F.,.F.,.F.,(4,1,4),(2,
2),(0.,0.138886023420683,0.301712030780882),(0.,0.1),.UNSPECIFIED.);
#668=B_SPLINE_SURFACE_WITH_KNOTS('',3,1,((#9472,#9473),(#9474,#9475),(#9476,
#9477),(#9478,#9479),(#9480,#9481)),.UNSPECIFIED.,.F.,.F.,.F.,(4,1,4),(2,
2),(0.,0.198544084105463,0.385316384760226),(0.,0.1),.UNSPECIFIED.);
#669=B_SPLINE_SURFACE_WITH_KNOTS('',3,1,((#9495,#9496),(#9497,#9498),(#9499,
#9500),(#9501,#9502),(#9503,#9504)),.UNSPECIFIED.,.F.,.F.,.F.,(4,1,4),(2,
2),(0.,0.258798753713968,0.482406776744652),(0.,0.1),.UNSPECIFIED.);
#670=B_SPLINE_SURFACE_WITH_KNOTS('',3,1,((#9518,#9519),(#9520,#9521),(#9522,
#9523),(#9524,#9525),(#9526,#9527)),.UNSPECIFIED.,.F.,.F.,.F.,(4,1,4),(2,
2),(0.,0.296603387913815,0.581468467334838),(0.,0.1),.UNSPECIFIED.);
#671=B_SPLINE_SURFACE_WITH_KNOTS('',3,1,((#9541,#9542),(#9543,#9544),(#9545,
#9546),(#9547,#9548),(#9549,#9550)),.UNSPECIFIED.,.F.,.F.,.F.,(4,1,4),(2,
2),(0.,0.167929145256753,0.479951362282641),(0.,0.1),.UNSPECIFIED.);
#672=B_SPLINE_SURFACE_WITH_KNOTS('',3,1,((#9564,#9565),(#9566,#9567),(#9568,
#9569),(#9570,#9571),(#9572,#9573)),.UNSPECIFIED.,.F.,.F.,.F.,(4,1,4),(2,
2),(0.,0.0260699798693778,0.0476077196752979),(0.,0.1),.UNSPECIFIED.);
#673=B_SPLINE_SURFACE_WITH_KNOTS('',3,1,((#9587,#9588),(#9589,#9590),(#9591,
#9592),(#9593,#9594),(#9595,#9596)),.UNSPECIFIED.,.F.,.F.,.F.,(4,1,4),(2,
2),(0.,0.0315754606257518,0.0681785443401089),(0.,0.1),.UNSPECIFIED.);
#674=B_SPLINE_SURFACE_WITH_KNOTS('',3,1,((#9610,#9611),(#9612,#9613),(#9614,
#9615),(#9616,#9617),(#9618,#9619)),.UNSPECIFIED.,.F.,.F.,.F.,(4,1,4),(2,
2),(0.,0.106017130838464,0.175051136770755),(0.,0.1),.UNSPECIFIED.);
#675=B_SPLINE_SURFACE_WITH_KNOTS('',3,1,((#9633,#9634),(#9635,#9636),(#9637,
#9638),(#9639,#9640),(#9641,#9642)),.UNSPECIFIED.,.F.,.F.,.F.,(4,1,4),(2,
2),(0.,0.416127839864363,1.03000113411585),(0.,0.1),.UNSPECIFIED.);
#676=B_SPLINE_SURFACE_WITH_KNOTS('',3,1,((#9656,#9657),(#9658,#9659),(#9660,
#9661),(#9662,#9663),(#9664,#9665)),.UNSPECIFIED.,.F.,.F.,.F.,(4,1,4),(2,
2),(0.,0.125431230725137,0.27049454151342),(0.,0.1),.UNSPECIFIED.);
#677=B_SPLINE_SURFACE_WITH_KNOTS('',3,1,((#9679,#9680),(#9681,#9682),(#9683,
#9684),(#9685,#9686),(#9687,#9688)),.UNSPECIFIED.,.F.,.F.,.F.,(4,1,4),(2,
2),(0.,0.0601707065899767,0.116453373997608),(0.,0.1),.UNSPECIFIED.);
#678=B_SPLINE_SURFACE_WITH_KNOTS('',3,1,((#9715,#9716),(#9717,#9718),(#9719,
#9720),(#9721,#9722),(#9723,#9724)),.UNSPECIFIED.,.F.,.F.,.F.,(4,1,4),(2,
2),(0.,0.177599481760688,0.340912472961873),(0.,0.1),.UNSPECIFIED.);
#679=B_SPLINE_SURFACE_WITH_KNOTS('',3,1,((#9738,#9739),(#9740,#9741),(#9742,
#9743),(#9744,#9745),(#9746,#9747)),.UNSPECIFIED.,.F.,.F.,.F.,(4,1,4),(2,
2),(0.,0.289425595220532,0.642048510668108),(0.,0.1),.UNSPECIFIED.);
#680=B_SPLINE_SURFACE_WITH_KNOTS('',3,1,((#9761,#9762),(#9763,#9764),(#9765,
#9766),(#9767,#9768),(#9769,#9770)),.UNSPECIFIED.,.F.,.F.,.F.,(4,1,4),(2,
2),(0.,0.15458268992523,0.377324720072682),(0.,0.1),.UNSPECIFIED.);
#681=B_SPLINE_SURFACE_WITH_KNOTS('',3,1,((#9784,#9785),(#9786,#9787),(#9788,
#9789),(#9790,#9791),(#9792,#9793)),.UNSPECIFIED.,.F.,.F.,.F.,(4,1,4),(2,
2),(0.,0.0393553689176397,0.0878504030110488),(0.,0.1),.UNSPECIFIED.);
#682=B_SPLINE_SURFACE_WITH_KNOTS('',3,1,((#9807,#9808),(#9809,#9810),(#9811,
#9812),(#9813,#9814),(#9815,#9816)),.UNSPECIFIED.,.F.,.F.,.F.,(4,1,4),(2,
2),(0.,0.0509672122112016,0.0913371382201733),(0.,0.1),.UNSPECIFIED.);
#683=B_SPLINE_SURFACE_WITH_KNOTS('',3,1,((#9830,#9831),(#9832,#9833),(#9834,
#9835),(#9836,#9837),(#9838,#9839)),.UNSPECIFIED.,.F.,.F.,.F.,(4,1,4),(2,
2),(0.,0.160069451148603,0.268278816419802),(0.,0.1),.UNSPECIFIED.);
#684=B_SPLINE_SURFACE_WITH_KNOTS('',3,1,((#9853,#9854),(#9855,#9856),(#9857,
#9858),(#9859,#9860),(#9861,#9862)),.UNSPECIFIED.,.F.,.F.,.F.,(4,1,4),(2,
2),(0.,0.229248619594152,0.444366460914523),(0.,0.1),.UNSPECIFIED.);
#685=B_SPLINE_SURFACE_WITH_KNOTS('',3,1,((#9876,#9877),(#9878,#9879),(#9880,
#9881),(#9882,#9883),(#9884,#9885)),.UNSPECIFIED.,.F.,.F.,.F.,(4,1,4),(2,
2),(0.,0.282576161421175,0.711662615599699),(0.,0.1),.UNSPECIFIED.);
#686=B_SPLINE_SURFACE_WITH_KNOTS('',3,1,((#9899,#9900),(#9901,#9902),(#9903,
#9904),(#9905,#9906),(#9907,#9908)),.UNSPECIFIED.,.F.,.F.,.F.,(4,1,4),(2,
2),(0.,0.0510770759691635,0.0999854678257647),(0.,0.1),.UNSPECIFIED.);
#687=B_SPLINE_SURFACE_WITH_KNOTS('',3,1,((#9922,#9923),(#9924,#9925),(#9926,
#9927),(#9928,#9929),(#9930,#9931)),.UNSPECIFIED.,.F.,.F.,.F.,(4,1,4),(2,
2),(0.,0.0672888226078561,0.124931467853132),(0.,0.1),.UNSPECIFIED.);
#688=B_SPLINE_SURFACE_WITH_KNOTS('',3,1,((#9942,#9943),(#9944,#9945),(#9946,
#9947),(#9948,#9949),(#9950,#9951)),.UNSPECIFIED.,.F.,.F.,.F.,(4,1,4),(2,
2),(0.,0.871623563087923,1.54887623881375),(0.,0.1),.UNSPECIFIED.);
#689=B_SPLINE_SURFACE_WITH_KNOTS('',3,1,((#9968,#9969),(#9970,#9971),(#9972,
#9973),(#9974,#9975),(#9976,#9977)),.UNSPECIFIED.,.F.,.F.,.F.,(4,1,4),(2,
2),(0.,0.0995335333021462,0.35124301655258),(0.,0.1),.UNSPECIFIED.);
#690=B_SPLINE_SURFACE_WITH_KNOTS('',3,1,((#9991,#9992),(#9993,#9994),(#9995,
#9996),(#9997,#9998),(#9999,#10000)),.UNSPECIFIED.,.F.,.F.,.F.,(4,1,4),
(2,2),(0.,0.0704593406531032,0.165110791117448),(0.,0.1),.UNSPECIFIED.);
#691=B_SPLINE_SURFACE_WITH_KNOTS('',3,1,((#10014,#10015),(#10016,#10017),
(#10018,#10019),(#10020,#10021),(#10022,#10023)),.UNSPECIFIED.,.F.,.F.,
 .F.,(4,1,4),(2,2),(0.,0.0504398042232828,0.102692361279109),(0.,0.1),
 .UNSPECIFIED.);
#692=B_SPLINE_SURFACE_WITH_KNOTS('',3,1,((#10037,#10038),(#10039,#10040),
(#10041,#10042),(#10043,#10044),(#10045,#10046)),.UNSPECIFIED.,.F.,.F.,
 .F.,(4,1,4),(2,2),(0.,0.0624473424236515,0.134019456970542),(0.,0.1),
 .UNSPECIFIED.);
#693=B_SPLINE_SURFACE_WITH_KNOTS('',3,1,((#10060,#10061),(#10062,#10063),
(#10064,#10065),(#10066,#10067),(#10068,#10069)),.UNSPECIFIED.,.F.,.F.,
 .F.,(4,1,4),(2,2),(0.,0.0880597951235003,0.146807877004663),(0.,0.1),
 .UNSPECIFIED.);
#694=B_SPLINE_SURFACE_WITH_KNOTS('',3,1,((#10083,#10084),(#10085,#10086),
(#10087,#10088),(#10089,#10090),(#10091,#10092)),.UNSPECIFIED.,.F.,.F.,
 .F.,(4,1,4),(2,2),(0.,0.388650673340978,0.578871078895937),(0.,0.1),
 .UNSPECIFIED.);
#695=B_SPLINE_SURFACE_WITH_KNOTS('',3,1,((#10106,#10107),(#10108,#10109),
(#10110,#10111),(#10112,#10113),(#10114,#10115)),.UNSPECIFIED.,.F.,.F.,
 .F.,(4,1,4),(2,2),(0.,1.14978708014605,2.32899104446519),(0.,0.1),
 .UNSPECIFIED.);
#696=B_SPLINE_SURFACE_WITH_KNOTS('',3,1,((#10129,#10130),(#10131,#10132),
(#10133,#10134),(#10135,#10136),(#10137,#10138)),.UNSPECIFIED.,.F.,.F.,
 .F.,(4,1,4),(2,2),(0.,0.260345194356753,0.889288541990668),(0.,0.1),
 .UNSPECIFIED.);
#697=B_SPLINE_SURFACE_WITH_KNOTS('',3,1,((#10152,#10153),(#10154,#10155),
(#10156,#10157),(#10158,#10159),(#10160,#10161)),.UNSPECIFIED.,.F.,.F.,
 .F.,(4,1,4),(2,2),(0.,0.0485312920857546,0.0943265181351912),(0.,0.1),
 .UNSPECIFIED.);
#698=B_SPLINE_SURFACE_WITH_KNOTS('',3,1,((#10175,#10176),(#10177,#10178),
(#10179,#10180),(#10181,#10182),(#10183,#10184)),.UNSPECIFIED.,.F.,.F.,
 .F.,(4,1,4),(2,2),(0.,0.0531505732261277,0.119508327000363),(0.,0.1),
 .UNSPECIFIED.);
#699=B_SPLINE_SURFACE_WITH_KNOTS('',3,1,((#10198,#10199),(#10200,#10201),
(#10202,#10203),(#10204,#10205),(#10206,#10207)),.UNSPECIFIED.,.F.,.F.,
 .F.,(4,1,4),(2,2),(0.,0.0299707341055918,0.0657209349599431),(0.,0.1),
 .UNSPECIFIED.);
#700=B_SPLINE_SURFACE_WITH_KNOTS('',3,1,((#10221,#10222),(#10223,#10224),
(#10225,#10226),(#10227,#10228),(#10229,#10230)),.UNSPECIFIED.,.F.,.F.,
 .F.,(4,1,4),(2,2),(0.,0.0961192738198369,0.147817767620873),(0.,0.1),
 .UNSPECIFIED.);
#701=B_SPLINE_SURFACE_WITH_KNOTS('',3,1,((#10244,#10245),(#10246,#10247),
(#10248,#10249),(#10250,#10251),(#10252,#10253)),.UNSPECIFIED.,.F.,.F.,
 .F.,(4,1,4),(2,2),(0.,0.0384277689876412,0.0599044942714101),(0.,0.1),
 .UNSPECIFIED.);
#702=B_SPLINE_SURFACE_WITH_KNOTS('',3,1,((#10267,#10268),(#10269,#10270),
(#10271,#10272),(#10273,#10274),(#10275,#10276)),.UNSPECIFIED.,.F.,.F.,
 .F.,(4,1,4),(2,2),(0.,0.0782658545921532,0.159808686643961),(0.,0.1),
 .UNSPECIFIED.);
#703=B_SPLINE_SURFACE_WITH_KNOTS('',3,1,((#10290,#10291),(#10292,#10293),
(#10294,#10295),(#10296,#10297),(#10298,#10299)),.UNSPECIFIED.,.F.,.F.,
 .F.,(4,1,4),(2,2),(0.,0.0836563200383653,0.162663344634638),(0.,0.1),
 .UNSPECIFIED.);
#704=B_SPLINE_SURFACE_WITH_KNOTS('',3,1,((#10313,#10314),(#10315,#10316),
(#10317,#10318),(#10319,#10320),(#10321,#10322)),.UNSPECIFIED.,.F.,.F.,
 .F.,(4,1,4),(2,2),(0.,0.317678188860625,0.567469402235997),(0.,0.1),
 .UNSPECIFIED.);
#705=B_SPLINE_SURFACE_WITH_KNOTS('',3,1,((#10336,#10337),(#10338,#10339),
(#10340,#10341),(#10342,#10343),(#10344,#10345)),.UNSPECIFIED.,.F.,.F.,
 .F.,(4,1,4),(2,2),(0.,0.400638281914217,0.824483702222605),(0.,0.1),
 .UNSPECIFIED.);
#706=B_SPLINE_SURFACE_WITH_KNOTS('',3,1,((#10359,#10360),(#10361,#10362),
(#10363,#10364),(#10365,#10366),(#10367,#10368)),.UNSPECIFIED.,.F.,.F.,
 .F.,(4,1,4),(2,2),(0.,0.253635687418267,0.572585158971372),(0.,0.1),
 .UNSPECIFIED.);
#707=B_SPLINE_SURFACE_WITH_KNOTS('',3,1,((#10382,#10383),(#10384,#10385),
(#10386,#10387),(#10388,#10389),(#10390,#10391)),.UNSPECIFIED.,.F.,.F.,
 .F.,(4,1,4),(2,2),(0.,0.111680283862139,0.225146622475556),(0.,0.1),
 .UNSPECIFIED.);
#708=B_SPLINE_SURFACE_WITH_KNOTS('',3,1,((#10405,#10406),(#10407,#10408),
(#10409,#10410),(#10411,#10412),(#10413,#10414)),.UNSPECIFIED.,.F.,.F.,
 .F.,(4,1,4),(2,2),(0.,0.114147147639752,0.231763168657417),(0.,0.1),
 .UNSPECIFIED.);
#709=B_SPLINE_SURFACE_WITH_KNOTS('',3,1,((#10428,#10429),(#10430,#10431),
(#10432,#10433),(#10434,#10435),(#10436,#10437)),.UNSPECIFIED.,.F.,.F.,
 .F.,(4,1,4),(2,2),(0.,0.282594792848302,0.49920158670694),(0.,0.1),
 .UNSPECIFIED.);
#710=FACE_OUTER_BOUND('',#967,.T.);
#711=FACE_OUTER_BOUND('',#968,.T.);
#712=FACE_OUTER_BOUND('',#969,.T.);
#713=FACE_OUTER_BOUND('',#970,.T.);
#714=FACE_OUTER_BOUND('',#971,.T.);
#715=FACE_OUTER_BOUND('',#972,.T.);
#716=FACE_OUTER_BOUND('',#973,.T.);
#717=FACE_OUTER_BOUND('',#974,.T.);
#718=FACE_OUTER_BOUND('',#975,.T.);
#719=FACE_OUTER_BOUND('',#976,.T.);
#720=FACE_OUTER_BOUND('',#977,.T.);
#721=FACE_OUTER_BOUND('',#978,.T.);
#722=FACE_OUTER_BOUND('',#979,.T.);
#723=FACE_OUTER_BOUND('',#980,.T.);
#724=FACE_OUTER_BOUND('',#981,.T.);
#725=FACE_OUTER_BOUND('',#982,.T.);
#726=FACE_OUTER_BOUND('',#983,.T.);
#727=FACE_OUTER_BOUND('',#984,.T.);
#728=FACE_OUTER_BOUND('',#985,.T.);
#729=FACE_OUTER_BOUND('',#986,.T.);
#730=FACE_OUTER_BOUND('',#987,.T.);
#731=FACE_OUTER_BOUND('',#988,.T.);
#732=FACE_OUTER_BOUND('',#989,.T.);
#733=FACE_OUTER_BOUND('',#990,.T.);
#734=FACE_OUTER_BOUND('',#991,.T.);
#735=FACE_OUTER_BOUND('',#992,.T.);
#736=FACE_OUTER_BOUND('',#993,.T.);
#737=FACE_OUTER_BOUND('',#994,.T.);
#738=FACE_OUTER_BOUND('',#995,.T.);
#739=FACE_OUTER_BOUND('',#996,.T.);
#740=FACE_OUTER_BOUND('',#998,.T.);
#741=FACE_OUTER_BOUND('',#999,.T.);
#742=FACE_OUTER_BOUND('',#1000,.T.);
#743=FACE_OUTER_BOUND('',#1001,.T.);
#744=FACE_OUTER_BOUND('',#1002,.T.);
#745=FACE_OUTER_BOUND('',#1003,.T.);
#746=FACE_OUTER_BOUND('',#1004,.T.);
#747=FACE_OUTER_BOUND('',#1005,.T.);
#748=FACE_OUTER_BOUND('',#1006,.T.);
#749=FACE_OUTER_BOUND('',#1007,.T.);
#750=FACE_OUTER_BOUND('',#1008,.T.);
#751=FACE_OUTER_BOUND('',#1009,.T.);
#752=FACE_OUTER_BOUND('',#1010,.T.);
#753=FACE_OUTER_BOUND('',#1011,.T.);
#754=FACE_OUTER_BOUND('',#1012,.T.);
#755=FACE_OUTER_BOUND('',#1013,.T.);
#756=FACE_OUTER_BOUND('',#1014,.T.);
#757=FACE_OUTER_BOUND('',#1015,.T.);
#758=FACE_OUTER_BOUND('',#1016,.T.);
#759=FACE_OUTER_BOUND('',#1017,.T.);
#760=FACE_OUTER_BOUND('',#1018,.T.);
#761=FACE_OUTER_BOUND('',#1019,.T.);
#762=FACE_OUTER_BOUND('',#1020,.T.);
#763=FACE_OUTER_BOUND('',#1021,.T.);
#764=FACE_OUTER_BOUND('',#1022,.T.);
#765=FACE_OUTER_BOUND('',#1023,.T.);
#766=FACE_OUTER_BOUND('',#1024,.T.);
#767=FACE_OUTER_BOUND('',#1025,.T.);
#768=FACE_OUTER_BOUND('',#1026,.T.);
#769=FACE_OUTER_BOUND('',#1027,.T.);
#770=FACE_OUTER_BOUND('',#1028,.T.);
#771=FACE_OUTER_BOUND('',#1029,.T.);
#772=FACE_OUTER_BOUND('',#1030,.T.);
#773=FACE_OUTER_BOUND('',#1031,.T.);
#774=FACE_OUTER_BOUND('',#1032,.T.);
#775=FACE_OUTER_BOUND('',#1033,.T.);
#776=FACE_OUTER_BOUND('',#1034,.T.);
#777=FACE_OUTER_BOUND('',#1035,.T.);
#778=FACE_OUTER_BOUND('',#1036,.T.);
#779=FACE_OUTER_BOUND('',#1037,.T.);
#780=FACE_OUTER_BOUND('',#1038,.T.);
#781=FACE_OUTER_BOUND('',#1039,.T.);
#782=FACE_OUTER_BOUND('',#1040,.T.);
#783=FACE_OUTER_BOUND('',#1041,.T.);
#784=FACE_OUTER_BOUND('',#1042,.T.);
#785=FACE_OUTER_BOUND('',#1043,.T.);
#786=FACE_OUTER_BOUND('',#1044,.T.);
#787=FACE_OUTER_BOUND('',#1045,.T.);
#788=FACE_OUTER_BOUND('',#1046,.T.);
#789=FACE_OUTER_BOUND('',#1047,.T.);
#790=FACE_OUTER_BOUND('',#1048,.T.);
#791=FACE_OUTER_BOUND('',#1049,.T.);
#792=FACE_OUTER_BOUND('',#1050,.T.);
#793=FACE_OUTER_BOUND('',#1051,.T.);
#794=FACE_OUTER_BOUND('',#1052,.T.);
#795=FACE_OUTER_BOUND('',#1053,.T.);
#796=FACE_OUTER_BOUND('',#1054,.T.);
#797=FACE_OUTER_BOUND('',#1055,.T.);
#798=FACE_OUTER_BOUND('',#1056,.T.);
#799=FACE_OUTER_BOUND('',#1057,.T.);
#800=FACE_OUTER_BOUND('',#1058,.T.);
#801=FACE_OUTER_BOUND('',#1059,.T.);
#802=FACE_OUTER_BOUND('',#1060,.T.);
#803=FACE_OUTER_BOUND('',#1061,.T.);
#804=FACE_OUTER_BOUND('',#1062,.T.);
#805=FACE_OUTER_BOUND('',#1063,.T.);
#806=FACE_OUTER_BOUND('',#1064,.T.);
#807=FACE_OUTER_BOUND('',#1065,.T.);
#808=FACE_OUTER_BOUND('',#1066,.T.);
#809=FACE_OUTER_BOUND('',#1067,.T.);
#810=FACE_OUTER_BOUND('',#1068,.T.);
#811=FACE_OUTER_BOUND('',#1069,.T.);
#812=FACE_OUTER_BOUND('',#1070,.T.);
#813=FACE_OUTER_BOUND('',#1071,.T.);
#814=FACE_OUTER_BOUND('',#1072,.T.);
#815=FACE_OUTER_BOUND('',#1073,.T.);
#816=FACE_OUTER_BOUND('',#1074,.T.);
#817=FACE_OUTER_BOUND('',#1075,.T.);
#818=FACE_OUTER_BOUND('',#1076,.T.);
#819=FACE_OUTER_BOUND('',#1077,.T.);
#820=FACE_OUTER_BOUND('',#1078,.T.);
#821=FACE_OUTER_BOUND('',#1079,.T.);
#822=FACE_OUTER_BOUND('',#1080,.T.);
#823=FACE_OUTER_BOUND('',#1081,.T.);
#824=FACE_OUTER_BOUND('',#1082,.T.);
#825=FACE_OUTER_BOUND('',#1083,.T.);
#826=FACE_OUTER_BOUND('',#1084,.T.);
#827=FACE_OUTER_BOUND('',#1085,.T.);
#828=FACE_OUTER_BOUND('',#1086,.T.);
#829=FACE_OUTER_BOUND('',#1087,.T.);
#830=FACE_OUTER_BOUND('',#1088,.T.);
#831=FACE_OUTER_BOUND('',#1089,.T.);
#832=FACE_OUTER_BOUND('',#1090,.T.);
#833=FACE_OUTER_BOUND('',#1091,.T.);
#834=FACE_OUTER_BOUND('',#1092,.T.);
#835=FACE_OUTER_BOUND('',#1093,.T.);
#836=FACE_OUTER_BOUND('',#1094,.T.);
#837=FACE_OUTER_BOUND('',#1095,.T.);
#838=FACE_OUTER_BOUND('',#1096,.T.);
#839=FACE_OUTER_BOUND('',#1097,.T.);
#840=FACE_OUTER_BOUND('',#1098,.T.);
#841=FACE_OUTER_BOUND('',#1099,.T.);
#842=FACE_OUTER_BOUND('',#1100,.T.);
#843=FACE_OUTER_BOUND('',#1101,.T.);
#844=FACE_OUTER_BOUND('',#1102,.T.);
#845=FACE_OUTER_BOUND('',#1103,.T.);
#846=FACE_OUTER_BOUND('',#1104,.T.);
#847=FACE_OUTER_BOUND('',#1105,.T.);
#848=FACE_OUTER_BOUND('',#1106,.T.);
#849=FACE_OUTER_BOUND('',#1107,.T.);
#850=FACE_OUTER_BOUND('',#1108,.T.);
#851=FACE_OUTER_BOUND('',#1109,.T.);
#852=FACE_OUTER_BOUND('',#1110,.T.);
#853=FACE_OUTER_BOUND('',#1111,.T.);
#854=FACE_OUTER_BOUND('',#1112,.T.);
#855=FACE_OUTER_BOUND('',#1113,.T.);
#856=FACE_OUTER_BOUND('',#1114,.T.);
#857=FACE_OUTER_BOUND('',#1115,.T.);
#858=FACE_OUTER_BOUND('',#1116,.T.);
#859=FACE_OUTER_BOUND('',#1117,.T.);
#860=FACE_OUTER_BOUND('',#1118,.T.);
#861=FACE_OUTER_BOUND('',#1119,.T.);
#862=FACE_OUTER_BOUND('',#1120,.T.);
#863=FACE_OUTER_BOUND('',#1121,.T.);
#864=FACE_OUTER_BOUND('',#1122,.T.);
#865=FACE_OUTER_BOUND('',#1123,.T.);
#866=FACE_OUTER_BOUND('',#1124,.T.);
#867=FACE_OUTER_BOUND('',#1126,.T.);
#868=FACE_OUTER_BOUND('',#1127,.T.);
#869=FACE_OUTER_BOUND('',#1128,.T.);
#870=FACE_OUTER_BOUND('',#1129,.T.);
#871=FACE_OUTER_BOUND('',#1130,.T.);
#872=FACE_OUTER_BOUND('',#1131,.T.);
#873=FACE_OUTER_BOUND('',#1132,.T.);
#874=FACE_OUTER_BOUND('',#1133,.T.);
#875=FACE_OUTER_BOUND('',#1134,.T.);
#876=FACE_OUTER_BOUND('',#1135,.T.);
#877=FACE_OUTER_BOUND('',#1136,.T.);
#878=FACE_OUTER_BOUND('',#1137,.T.);
#879=FACE_OUTER_BOUND('',#1138,.T.);
#880=FACE_OUTER_BOUND('',#1139,.T.);
#881=FACE_OUTER_BOUND('',#1140,.T.);
#882=FACE_OUTER_BOUND('',#1141,.T.);
#883=FACE_OUTER_BOUND('',#1142,.T.);
#884=FACE_OUTER_BOUND('',#1143,.T.);
#885=FACE_OUTER_BOUND('',#1144,.T.);
#886=FACE_OUTER_BOUND('',#1145,.T.);
#887=FACE_OUTER_BOUND('',#1146,.T.);
#888=FACE_OUTER_BOUND('',#1147,.T.);
#889=FACE_OUTER_BOUND('',#1148,.T.);
#890=FACE_OUTER_BOUND('',#1149,.T.);
#891=FACE_OUTER_BOUND('',#1150,.T.);
#892=FACE_OUTER_BOUND('',#1151,.T.);
#893=FACE_OUTER_BOUND('',#1152,.T.);
#894=FACE_OUTER_BOUND('',#1153,.T.);
#895=FACE_OUTER_BOUND('',#1154,.T.);
#896=FACE_OUTER_BOUND('',#1155,.T.);
#897=FACE_OUTER_BOUND('',#1156,.T.);
#898=FACE_OUTER_BOUND('',#1157,.T.);
#899=FACE_OUTER_BOUND('',#1158,.T.);
#900=FACE_OUTER_BOUND('',#1159,.T.);
#901=FACE_OUTER_BOUND('',#1160,.T.);
#902=FACE_OUTER_BOUND('',#1161,.T.);
#903=FACE_OUTER_BOUND('',#1162,.T.);
#904=FACE_OUTER_BOUND('',#1163,.T.);
#905=FACE_OUTER_BOUND('',#1164,.T.);
#906=FACE_OUTER_BOUND('',#1165,.T.);
#907=FACE_OUTER_BOUND('',#1166,.T.);
#908=FACE_OUTER_BOUND('',#1167,.T.);
#909=FACE_OUTER_BOUND('',#1168,.T.);
#910=FACE_OUTER_BOUND('',#1169,.T.);
#911=FACE_OUTER_BOUND('',#1170,.T.);
#912=FACE_OUTER_BOUND('',#1171,.T.);
#913=FACE_OUTER_BOUND('',#1172,.T.);
#914=FACE_OUTER_BOUND('',#1173,.T.);
#915=FACE_OUTER_BOUND('',#1174,.T.);
#916=FACE_OUTER_BOUND('',#1175,.T.);
#917=FACE_OUTER_BOUND('',#1176,.T.);
#918=FACE_OUTER_BOUND('',#1177,.T.);
#919=FACE_OUTER_BOUND('',#1178,.T.);
#920=FACE_OUTER_BOUND('',#1180,.T.);
#921=FACE_OUTER_BOUND('',#1181,.T.);
#922=FACE_OUTER_BOUND('',#1182,.T.);
#923=FACE_OUTER_BOUND('',#1183,.T.);
#924=FACE_OUTER_BOUND('',#1184,.T.);
#925=FACE_OUTER_BOUND('',#1185,.T.);
#926=FACE_OUTER_BOUND('',#1186,.T.);
#927=FACE_OUTER_BOUND('',#1187,.T.);
#928=FACE_OUTER_BOUND('',#1188,.T.);
#929=FACE_OUTER_BOUND('',#1189,.T.);
#930=FACE_OUTER_BOUND('',#1190,.T.);
#931=FACE_OUTER_BOUND('',#1191,.T.);
#932=FACE_OUTER_BOUND('',#1192,.T.);
#933=FACE_OUTER_BOUND('',#1193,.T.);
#934=FACE_OUTER_BOUND('',#1194,.T.);
#935=FACE_OUTER_BOUND('',#1195,.T.);
#936=FACE_OUTER_BOUND('',#1196,.T.);
#937=FACE_OUTER_BOUND('',#1197,.T.);
#938=FACE_OUTER_BOUND('',#1198,.T.);
#939=FACE_OUTER_BOUND('',#1199,.T.);
#940=FACE_OUTER_BOUND('',#1200,.T.);
#941=FACE_OUTER_BOUND('',#1201,.T.);
#942=FACE_OUTER_BOUND('',#1202,.T.);
#943=FACE_OUTER_BOUND('',#1203,.T.);
#944=FACE_OUTER_BOUND('',#1204,.T.);
#945=FACE_OUTER_BOUND('',#1205,.T.);
#946=FACE_OUTER_BOUND('',#1206,.T.);
#947=FACE_OUTER_BOUND('',#1207,.T.);
#948=FACE_OUTER_BOUND('',#1208,.T.);
#949=FACE_OUTER_BOUND('',#1209,.T.);
#950=FACE_OUTER_BOUND('',#1210,.T.);
#951=FACE_OUTER_BOUND('',#1211,.T.);
#952=FACE_OUTER_BOUND('',#1212,.T.);
#953=FACE_OUTER_BOUND('',#1213,.T.);
#954=FACE_OUTER_BOUND('',#1215,.T.);
#955=FACE_OUTER_BOUND('',#1223,.T.);
#956=FACE_OUTER_BOUND('',#1224,.T.);
#957=FACE_OUTER_BOUND('',#1225,.T.);
#958=FACE_OUTER_BOUND('',#1226,.T.);
#959=FACE_OUTER_BOUND('',#1227,.T.);
#960=FACE_OUTER_BOUND('',#1228,.T.);
#961=FACE_OUTER_BOUND('',#1229,.T.);
#962=FACE_OUTER_BOUND('',#1230,.T.);
#963=FACE_OUTER_BOUND('',#1231,.T.);
#964=FACE_OUTER_BOUND('',#1232,.T.);
#965=FACE_OUTER_BOUND('',#1233,.T.);
#966=FACE_OUTER_BOUND('',#1234,.T.);
#967=EDGE_LOOP('',(#3007,#3008,#3009,#3010));
#968=EDGE_LOOP('',(#3011,#3012,#3013,#3014));
#969=EDGE_LOOP('',(#3015,#3016,#3017,#3018,#3019,#3020,#3021,#3022,#3023,
#3024,#3025,#3026));
#970=EDGE_LOOP('',(#3027,#3028,#3029,#3030));
#971=EDGE_LOOP('',(#3031,#3032,#3033,#3034));
#972=EDGE_LOOP('',(#3035,#3036,#3037,#3038));
#973=EDGE_LOOP('',(#3039,#3040,#3041,#3042));
#974=EDGE_LOOP('',(#3043,#3044,#3045,#3046));
#975=EDGE_LOOP('',(#3047,#3048,#3049,#3050));
#976=EDGE_LOOP('',(#3051,#3052,#3053,#3054));
#977=EDGE_LOOP('',(#3055,#3056,#3057,#3058));
#978=EDGE_LOOP('',(#3059,#3060,#3061,#3062));
#979=EDGE_LOOP('',(#3063,#3064,#3065,#3066));
#980=EDGE_LOOP('',(#3067,#3068,#3069,#3070));
#981=EDGE_LOOP('',(#3071,#3072,#3073,#3074));
#982=EDGE_LOOP('',(#3075,#3076,#3077,#3078));
#983=EDGE_LOOP('',(#3079,#3080,#3081,#3082));
#984=EDGE_LOOP('',(#3083,#3084,#3085,#3086));
#985=EDGE_LOOP('',(#3087,#3088,#3089,#3090));
#986=EDGE_LOOP('',(#3091,#3092,#3093,#3094));
#987=EDGE_LOOP('',(#3095,#3096,#3097,#3098));
#988=EDGE_LOOP('',(#3099,#3100,#3101,#3102));
#989=EDGE_LOOP('',(#3103,#3104,#3105,#3106));
#990=EDGE_LOOP('',(#3107,#3108,#3109,#3110));
#991=EDGE_LOOP('',(#3111,#3112,#3113,#3114));
#992=EDGE_LOOP('',(#3115,#3116,#3117,#3118));
#993=EDGE_LOOP('',(#3119,#3120,#3121,#3122));
#994=EDGE_LOOP('',(#3123,#3124,#3125,#3126));
#995=EDGE_LOOP('',(#3127,#3128,#3129,#3130));
#996=EDGE_LOOP('',(#3131,#3132,#3133,#3134,#3135,#3136,#3137,#3138,#3139,
#3140,#3141,#3142,#3143,#3144,#3145,#3146,#3147,#3148));
#997=EDGE_LOOP('',(#3149,#3150,#3151,#3152,#3153,#3154));
#998=EDGE_LOOP('',(#3155,#3156,#3157,#3158));
#999=EDGE_LOOP('',(#3159,#3160,#3161,#3162));
#1000=EDGE_LOOP('',(#3163,#3164,#3165,#3166));
#1001=EDGE_LOOP('',(#3167,#3168,#3169,#3170));
#1002=EDGE_LOOP('',(#3171,#3172,#3173,#3174));
#1003=EDGE_LOOP('',(#3175,#3176,#3177,#3178));
#1004=EDGE_LOOP('',(#3179,#3180,#3181,#3182));
#1005=EDGE_LOOP('',(#3183,#3184,#3185,#3186));
#1006=EDGE_LOOP('',(#3187,#3188,#3189,#3190));
#1007=EDGE_LOOP('',(#3191,#3192,#3193,#3194));
#1008=EDGE_LOOP('',(#3195,#3196,#3197,#3198));
#1009=EDGE_LOOP('',(#3199,#3200,#3201,#3202));
#1010=EDGE_LOOP('',(#3203,#3204,#3205,#3206));
#1011=EDGE_LOOP('',(#3207,#3208,#3209,#3210));
#1012=EDGE_LOOP('',(#3211,#3212,#3213,#3214));
#1013=EDGE_LOOP('',(#3215,#3216,#3217,#3218));
#1014=EDGE_LOOP('',(#3219,#3220,#3221,#3222));
#1015=EDGE_LOOP('',(#3223,#3224,#3225,#3226));
#1016=EDGE_LOOP('',(#3227,#3228,#3229,#3230));
#1017=EDGE_LOOP('',(#3231,#3232,#3233,#3234));
#1018=EDGE_LOOP('',(#3235,#3236,#3237,#3238));
#1019=EDGE_LOOP('',(#3239,#3240,#3241,#3242));
#1020=EDGE_LOOP('',(#3243,#3244,#3245,#3246));
#1021=EDGE_LOOP('',(#3247,#3248,#3249,#3250));
#1022=EDGE_LOOP('',(#3251,#3252,#3253,#3254));
#1023=EDGE_LOOP('',(#3255,#3256,#3257,#3258));
#1024=EDGE_LOOP('',(#3259,#3260,#3261,#3262));
#1025=EDGE_LOOP('',(#3263,#3264,#3265,#3266));
#1026=EDGE_LOOP('',(#3267,#3268,#3269,#3270));
#1027=EDGE_LOOP('',(#3271,#3272,#3273,#3274));
#1028=EDGE_LOOP('',(#3275,#3276,#3277,#3278));
#1029=EDGE_LOOP('',(#3279,#3280,#3281,#3282));
#1030=EDGE_LOOP('',(#3283,#3284,#3285,#3286));
#1031=EDGE_LOOP('',(#3287,#3288,#3289,#3290));
#1032=EDGE_LOOP('',(#3291,#3292,#3293,#3294));
#1033=EDGE_LOOP('',(#3295,#3296,#3297,#3298));
#1034=EDGE_LOOP('',(#3299,#3300,#3301,#3302,#3303,#3304,#3305,#3306,#3307,
#3308,#3309,#3310,#3311,#3312,#3313,#3314,#3315,#3316,#3317,#3318,#3319,
#3320,#3321,#3322,#3323,#3324,#3325,#3326,#3327,#3328,#3329,#3330,#3331,
#3332,#3333,#3334));
#1035=EDGE_LOOP('',(#3335,#3336,#3337,#3338));
#1036=EDGE_LOOP('',(#3339,#3340,#3341,#3342));
#1037=EDGE_LOOP('',(#3343,#3344,#3345,#3346));
#1038=EDGE_LOOP('',(#3347,#3348,#3349,#3350));
#1039=EDGE_LOOP('',(#3351,#3352,#3353,#3354));
#1040=EDGE_LOOP('',(#3355,#3356,#3357,#3358));
#1041=EDGE_LOOP('',(#3359,#3360,#3361,#3362));
#1042=EDGE_LOOP('',(#3363,#3364,#3365,#3366));
#1043=EDGE_LOOP('',(#3367,#3368,#3369,#3370));
#1044=EDGE_LOOP('',(#3371,#3372,#3373,#3374));
#1045=EDGE_LOOP('',(#3375,#3376,#3377,#3378));
#1046=EDGE_LOOP('',(#3379,#3380,#3381,#3382));
#1047=EDGE_LOOP('',(#3383,#3384,#3385,#3386));
#1048=EDGE_LOOP('',(#3387,#3388,#3389,#3390));
#1049=EDGE_LOOP('',(#3391,#3392,#3393,#3394));
#1050=EDGE_LOOP('',(#3395,#3396,#3397,#3398));
#1051=EDGE_LOOP('',(#3399,#3400,#3401,#3402));
#1052=EDGE_LOOP('',(#3403,#3404,#3405,#3406));
#1053=EDGE_LOOP('',(#3407,#3408,#3409,#3410));
#1054=EDGE_LOOP('',(#3411,#3412,#3413,#3414));
#1055=EDGE_LOOP('',(#3415,#3416,#3417,#3418));
#1056=EDGE_LOOP('',(#3419,#3420,#3421,#3422));
#1057=EDGE_LOOP('',(#3423,#3424,#3425,#3426));
#1058=EDGE_LOOP('',(#3427,#3428,#3429,#3430));
#1059=EDGE_LOOP('',(#3431,#3432,#3433,#3434));
#1060=EDGE_LOOP('',(#3435,#3436,#3437,#3438));
#1061=EDGE_LOOP('',(#3439,#3440,#3441,#3442));
#1062=EDGE_LOOP('',(#3443,#3444,#3445,#3446));
#1063=EDGE_LOOP('',(#3447,#3448,#3449,#3450));
#1064=EDGE_LOOP('',(#3451,#3452,#3453,#3454));
#1065=EDGE_LOOP('',(#3455,#3456,#3457,#3458));
#1066=EDGE_LOOP('',(#3459,#3460,#3461,#3462));
#1067=EDGE_LOOP('',(#3463,#3464,#3465,#3466));
#1068=EDGE_LOOP('',(#3467,#3468,#3469,#3470));
#1069=EDGE_LOOP('',(#3471,#3472,#3473,#3474));
#1070=EDGE_LOOP('',(#3475,#3476,#3477,#3478));
#1071=EDGE_LOOP('',(#3479,#3480,#3481,#3482));
#1072=EDGE_LOOP('',(#3483,#3484,#3485,#3486));
#1073=EDGE_LOOP('',(#3487,#3488,#3489,#3490));
#1074=EDGE_LOOP('',(#3491,#3492,#3493,#3494));
#1075=EDGE_LOOP('',(#3495,#3496,#3497,#3498));
#1076=EDGE_LOOP('',(#3499,#3500,#3501,#3502));
#1077=EDGE_LOOP('',(#3503,#3504,#3505,#3506));
#1078=EDGE_LOOP('',(#3507,#3508,#3509,#3510));
#1079=EDGE_LOOP('',(#3511,#3512,#3513,#3514));
#1080=EDGE_LOOP('',(#3515,#3516,#3517,#3518));
#1081=EDGE_LOOP('',(#3519,#3520,#3521,#3522));
#1082=EDGE_LOOP('',(#3523,#3524,#3525,#3526));
#1083=EDGE_LOOP('',(#3527,#3528,#3529,#3530));
#1084=EDGE_LOOP('',(#3531,#3532,#3533,#3534));
#1085=EDGE_LOOP('',(#3535,#3536,#3537,#3538));
#1086=EDGE_LOOP('',(#3539,#3540,#3541,#3542));
#1087=EDGE_LOOP('',(#3543,#3544,#3545,#3546));
#1088=EDGE_LOOP('',(#3547,#3548,#3549,#3550));
#1089=EDGE_LOOP('',(#3551,#3552,#3553,#3554));
#1090=EDGE_LOOP('',(#3555,#3556,#3557,#3558));
#1091=EDGE_LOOP('',(#3559,#3560,#3561,#3562));
#1092=EDGE_LOOP('',(#3563,#3564,#3565,#3566));
#1093=EDGE_LOOP('',(#3567,#3568,#3569,#3570));
#1094=EDGE_LOOP('',(#3571,#3572,#3573,#3574));
#1095=EDGE_LOOP('',(#3575,#3576,#3577,#3578));
#1096=EDGE_LOOP('',(#3579,#3580,#3581,#3582));
#1097=EDGE_LOOP('',(#3583,#3584,#3585,#3586));
#1098=EDGE_LOOP('',(#3587,#3588,#3589,#3590,#3591,#3592,#3593,#3594,#3595,
#3596,#3597,#3598,#3599,#3600,#3601,#3602,#3603,#3604,#3605,#3606,#3607,
#3608,#3609,#3610,#3611,#3612,#3613,#3614,#3615,#3616,#3617,#3618,#3619,
#3620,#3621,#3622,#3623,#3624,#3625,#3626,#3627,#3628,#3629,#3630,#3631,
#3632,#3633,#3634,#3635,#3636,#3637,#3638,#3639,#3640,#3641,#3642,#3643,
#3644,#3645,#3646,#3647,#3648,#3649));
#1099=EDGE_LOOP('',(#3650,#3651,#3652,#3653));
#1100=EDGE_LOOP('',(#3654,#3655,#3656,#3657));
#1101=EDGE_LOOP('',(#3658,#3659,#3660,#3661));
#1102=EDGE_LOOP('',(#3662,#3663,#3664,#3665));
#1103=EDGE_LOOP('',(#3666,#3667,#3668,#3669));
#1104=EDGE_LOOP('',(#3670,#3671,#3672,#3673));
#1105=EDGE_LOOP('',(#3674,#3675,#3676,#3677));
#1106=EDGE_LOOP('',(#3678,#3679,#3680,#3681));
#1107=EDGE_LOOP('',(#3682,#3683,#3684,#3685));
#1108=EDGE_LOOP('',(#3686,#3687,#3688,#3689));
#1109=EDGE_LOOP('',(#3690,#3691,#3692,#3693));
#1110=EDGE_LOOP('',(#3694,#3695,#3696,#3697));
#1111=EDGE_LOOP('',(#3698,#3699,#3700,#3701));
#1112=EDGE_LOOP('',(#3702,#3703,#3704,#3705));
#1113=EDGE_LOOP('',(#3706,#3707,#3708,#3709));
#1114=EDGE_LOOP('',(#3710,#3711,#3712,#3713));
#1115=EDGE_LOOP('',(#3714,#3715,#3716,#3717));
#1116=EDGE_LOOP('',(#3718,#3719,#3720,#3721));
#1117=EDGE_LOOP('',(#3722,#3723,#3724,#3725));
#1118=EDGE_LOOP('',(#3726,#3727,#3728,#3729));
#1119=EDGE_LOOP('',(#3730,#3731,#3732,#3733));
#1120=EDGE_LOOP('',(#3734,#3735,#3736,#3737));
#1121=EDGE_LOOP('',(#3738,#3739,#3740,#3741));
#1122=EDGE_LOOP('',(#3742,#3743,#3744,#3745));
#1123=EDGE_LOOP('',(#3746,#3747,#3748,#3749));
#1124=EDGE_LOOP('',(#3750,#3751,#3752,#3753,#3754,#3755,#3756,#3757,#3758,
#3759,#3760,#3761,#3762,#3763,#3764,#3765,#3766,#3767,#3768,#3769));
#1125=EDGE_LOOP('',(#3770,#3771,#3772,#3773,#3774));
#1126=EDGE_LOOP('',(#3775,#3776,#3777,#3778));
#1127=EDGE_LOOP('',(#3779,#3780,#3781,#3782));
#1128=EDGE_LOOP('',(#3783,#3784,#3785,#3786));
#1129=EDGE_LOOP('',(#3787,#3788,#3789,#3790));
#1130=EDGE_LOOP('',(#3791,#3792,#3793,#3794));
#1131=EDGE_LOOP('',(#3795,#3796,#3797,#3798));
#1132=EDGE_LOOP('',(#3799,#3800,#3801,#3802));
#1133=EDGE_LOOP('',(#3803,#3804,#3805,#3806));
#1134=EDGE_LOOP('',(#3807,#3808,#3809,#3810));
#1135=EDGE_LOOP('',(#3811,#3812,#3813,#3814));
#1136=EDGE_LOOP('',(#3815,#3816,#3817,#3818));
#1137=EDGE_LOOP('',(#3819,#3820,#3821,#3822));
#1138=EDGE_LOOP('',(#3823,#3824,#3825,#3826));
#1139=EDGE_LOOP('',(#3827,#3828,#3829,#3830));
#1140=EDGE_LOOP('',(#3831,#3832,#3833,#3834));
#1141=EDGE_LOOP('',(#3835,#3836,#3837,#3838));
#1142=EDGE_LOOP('',(#3839,#3840,#3841,#3842));
#1143=EDGE_LOOP('',(#3843,#3844,#3845,#3846));
#1144=EDGE_LOOP('',(#3847,#3848,#3849,#3850));
#1145=EDGE_LOOP('',(#3851,#3852,#3853,#3854));
#1146=EDGE_LOOP('',(#3855,#3856,#3857,#3858));
#1147=EDGE_LOOP('',(#3859,#3860,#3861,#3862));
#1148=EDGE_LOOP('',(#3863,#3864,#3865,#3866));
#1149=EDGE_LOOP('',(#3867,#3868,#3869,#3870));
#1150=EDGE_LOOP('',(#3871,#3872,#3873,#3874));
#1151=EDGE_LOOP('',(#3875,#3876,#3877,#3878));
#1152=EDGE_LOOP('',(#3879,#3880,#3881,#3882));
#1153=EDGE_LOOP('',(#3883,#3884,#3885,#3886,#3887,#3888,#3889,#3890,#3891,
#3892,#3893,#3894,#3895,#3896,#3897,#3898,#3899,#3900,#3901,#3902,#3903,
#3904,#3905,#3906,#3907,#3908,#3909));
#1154=EDGE_LOOP('',(#3910,#3911,#3912,#3913));
#1155=EDGE_LOOP('',(#3914,#3915,#3916,#3917));
#1156=EDGE_LOOP('',(#3918,#3919,#3920,#3921));
#1157=EDGE_LOOP('',(#3922,#3923,#3924,#3925));
#1158=EDGE_LOOP('',(#3926,#3927,#3928,#3929));
#1159=EDGE_LOOP('',(#3930,#3931,#3932,#3933));
#1160=EDGE_LOOP('',(#3934,#3935,#3936,#3937));
#1161=EDGE_LOOP('',(#3938,#3939,#3940,#3941));
#1162=EDGE_LOOP('',(#3942,#3943,#3944,#3945));
#1163=EDGE_LOOP('',(#3946,#3947,#3948,#3949));
#1164=EDGE_LOOP('',(#3950,#3951,#3952,#3953));
#1165=EDGE_LOOP('',(#3954,#3955,#3956,#3957));
#1166=EDGE_LOOP('',(#3958,#3959,#3960,#3961));
#1167=EDGE_LOOP('',(#3962,#3963,#3964,#3965));
#1168=EDGE_LOOP('',(#3966,#3967,#3968,#3969));
#1169=EDGE_LOOP('',(#3970,#3971,#3972,#3973));
#1170=EDGE_LOOP('',(#3974,#3975,#3976,#3977));
#1171=EDGE_LOOP('',(#3978,#3979,#3980,#3981));
#1172=EDGE_LOOP('',(#3982,#3983,#3984,#3985));
#1173=EDGE_LOOP('',(#3986,#3987,#3988,#3989));
#1174=EDGE_LOOP('',(#3990,#3991,#3992,#3993));
#1175=EDGE_LOOP('',(#3994,#3995,#3996,#3997));
#1176=EDGE_LOOP('',(#3998,#3999,#4000,#4001));
#1177=EDGE_LOOP('',(#4002,#4003,#4004,#4005));
#1178=EDGE_LOOP('',(#4006,#4007,#4008,#4009,#4010,#4011,#4012,#4013,#4014,
#4015,#4016,#4017,#4018,#4019,#4020,#4021,#4022,#4023));
#1179=EDGE_LOOP('',(#4024,#4025,#4026,#4027,#4028,#4029));
#1180=EDGE_LOOP('',(#4030,#4031,#4032,#4033));
#1181=EDGE_LOOP('',(#4034,#4035,#4036,#4037));
#1182=EDGE_LOOP('',(#4038,#4039,#4040,#4041));
#1183=EDGE_LOOP('',(#4042,#4043,#4044,#4045));
#1184=EDGE_LOOP('',(#4046,#4047,#4048,#4049));
#1185=EDGE_LOOP('',(#4050,#4051,#4052,#4053));
#1186=EDGE_LOOP('',(#4054,#4055,#4056,#4057));
#1187=EDGE_LOOP('',(#4058,#4059,#4060,#4061));
#1188=EDGE_LOOP('',(#4062,#4063,#4064,#4065));
#1189=EDGE_LOOP('',(#4066,#4067,#4068,#4069));
#1190=EDGE_LOOP('',(#4070,#4071,#4072,#4073));
#1191=EDGE_LOOP('',(#4074,#4075,#4076,#4077));
#1192=EDGE_LOOP('',(#4078,#4079,#4080,#4081));
#1193=EDGE_LOOP('',(#4082,#4083,#4084,#4085));
#1194=EDGE_LOOP('',(#4086,#4087,#4088,#4089));
#1195=EDGE_LOOP('',(#4090,#4091,#4092,#4093));
#1196=EDGE_LOOP('',(#4094,#4095,#4096,#4097));
#1197=EDGE_LOOP('',(#4098,#4099,#4100,#4101));
#1198=EDGE_LOOP('',(#4102,#4103,#4104,#4105));
#1199=EDGE_LOOP('',(#4106,#4107,#4108,#4109));
#1200=EDGE_LOOP('',(#4110,#4111,#4112,#4113));
#1201=EDGE_LOOP('',(#4114,#4115,#4116,#4117));
#1202=EDGE_LOOP('',(#4118,#4119,#4120,#4121));
#1203=EDGE_LOOP('',(#4122,#4123,#4124,#4125));
#1204=EDGE_LOOP('',(#4126,#4127,#4128,#4129));
#1205=EDGE_LOOP('',(#4130,#4131,#4132,#4133));
#1206=EDGE_LOOP('',(#4134,#4135,#4136,#4137));
#1207=EDGE_LOOP('',(#4138,#4139,#4140,#4141));
#1208=EDGE_LOOP('',(#4142,#4143,#4144,#4145));
#1209=EDGE_LOOP('',(#4146,#4147,#4148,#4149));
#1210=EDGE_LOOP('',(#4150,#4151,#4152,#4153));
#1211=EDGE_LOOP('',(#4154,#4155,#4156,#4157));
#1212=EDGE_LOOP('',(#4158,#4159,#4160,#4161));
#1213=EDGE_LOOP('',(#4162,#4163,#4164,#4165,#4166,#4167,#4168,#4169,#4170,
#4171,#4172,#4173,#4174,#4175,#4176,#4177,#4178,#4179,#4180,#4181,#4182,
#4183));
#1214=EDGE_LOOP('',(#4184,#4185,#4186,#4187,#4188,#4189,#4190,#4191,#4192,
#4193,#4194));
#1215=EDGE_LOOP('',(#4195,#4196,#4197,#4198));
#1216=EDGE_LOOP('',(#4199,#4200,#4201,#4202,#4203,#4204,#4205,#4206,#4207,
#4208,#4209,#4210,#4211,#4212,#4213,#4214,#4215,#4216));
#1217=EDGE_LOOP('',(#4217,#4218,#4219,#4220,#4221,#4222,#4223,#4224,#4225,
#4226,#4227,#4228,#4229,#4230,#4231,#4232,#4233,#4234,#4235,#4236,#4237,
#4238,#4239,#4240,#4241,#4242,#4243,#4244,#4245,#4246,#4247,#4248,#4249,
#4250,#4251,#4252));
#1218=EDGE_LOOP('',(#4253,#4254,#4255,#4256,#4257,#4258,#4259,#4260,#4261,
#4262,#4263,#4264,#4265,#4266,#4267,#4268,#4269,#4270,#4271,#4272,#4273,
#4274,#4275,#4276,#4277,#4278,#4279,#4280,#4281,#4282,#4283,#4284,#4285,
#4286,#4287,#4288,#4289,#4290,#4291,#4292,#4293,#4294,#4295,#4296,#4297,
#4298,#4299,#4300,#4301,#4302,#4303,#4304,#4305,#4306,#4307,#4308,#4309,
#4310,#4311,#4312,#4313,#4314,#4315));
#1219=EDGE_LOOP('',(#4316,#4317,#4318,#4319,#4320,#4321,#4322,#4323,#4324,
#4325,#4326,#4327,#4328,#4329,#4330,#4331,#4332,#4333,#4334,#4335));
#1220=EDGE_LOOP('',(#4336,#4337,#4338,#4339,#4340,#4341,#4342,#4343,#4344,
#4345,#4346,#4347,#4348,#4349,#4350,#4351,#4352,#4353,#4354,#4355,#4356,
#4357,#4358,#4359,#4360,#4361,#4362));
#1221=EDGE_LOOP('',(#4363,#4364,#4365,#4366,#4367,#4368,#4369,#4370,#4371,
#4372,#4373,#4374,#4375,#4376,#4377,#4378,#4379,#4380));
#1222=EDGE_LOOP('',(#4381,#4382,#4383,#4384,#4385,#4386,#4387,#4388,#4389,
#4390,#4391,#4392,#4393,#4394,#4395,#4396,#4397,#4398,#4399,#4400,#4401,
#4402));
#1223=EDGE_LOOP('',(#4403,#4404,#4405,#4406,#4407,#4408,#4409,#4410,#4411,
#4412,#4413));
#1224=EDGE_LOOP('',(#4414,#4415,#4416,#4417,#4418,#4419));
#1225=EDGE_LOOP('',(#4420,#4421,#4422,#4423,#4424));
#1226=EDGE_LOOP('',(#4425,#4426,#4427,#4428,#4429,#4430,#4431,#4432));
#1227=EDGE_LOOP('',(#4433,#4434,#4435,#4436));
#1228=EDGE_LOOP('',(#4437,#4438,#4439,#4440));
#1229=EDGE_LOOP('',(#4441,#4442,#4443,#4444));
#1230=EDGE_LOOP('',(#4445,#4446,#4447,#4448));
#1231=EDGE_LOOP('',(#4449,#4450,#4451,#4452));
#1232=EDGE_LOOP('',(#4453,#4454,#4455,#4456));
#1233=EDGE_LOOP('',(#4457,#4458,#4459,#4460,#4461,#4462,#4463,#4464));
#1234=EDGE_LOOP('',(#4465,#4466,#4467,#4468,#4469,#4470));
#1235=LINE('',#5140,#1511);
#1236=LINE('',#5142,#1512);
#1237=LINE('',#5144,#1513);
#1238=LINE('',#5145,#1514);
#1239=LINE('',#5149,#1515);
#1240=LINE('',#5151,#1516);
#1241=LINE('',#5153,#1517);
#1242=LINE('',#5154,#1518);
#1243=LINE('',#5157,#1519);
#1244=LINE('',#5159,#1520);
#1245=LINE('',#5161,#1521);
#1246=LINE('',#5163,#1522);
#1247=LINE('',#5164,#1523);
#1248=LINE('',#5166,#1524);
#1249=LINE('',#5168,#1525);
#1250=LINE('',#5170,#1526);
#1251=LINE('',#5172,#1527);
#1252=LINE('',#5173,#1528);
#1253=LINE('',#5176,#1529);
#1254=LINE('',#5177,#1530);
#1255=LINE('',#5180,#1531);
#1256=LINE('',#5181,#1532);
#1257=LINE('',#5200,#1533);
#1258=LINE('',#5207,#1534);
#1259=LINE('',#5225,#1535);
#1260=LINE('',#5248,#1536);
#1261=LINE('',#5271,#1537);
#1262=LINE('',#5294,#1538);
#1263=LINE('',#5338,#1539);
#1264=LINE('',#5345,#1540);
#1265=LINE('',#5363,#1541);
#1266=LINE('',#5386,#1542);
#1267=LINE('',#5409,#1543);
#1268=LINE('',#5432,#1544);
#1269=LINE('',#5455,#1545);
#1270=LINE('',#5478,#1546);
#1271=LINE('',#5501,#1547);
#1272=LINE('',#5524,#1548);
#1273=LINE('',#5547,#1549);
#1274=LINE('',#5570,#1550);
#1275=LINE('',#5593,#1551);
#1276=LINE('',#5616,#1552);
#1277=LINE('',#5639,#1553);
#1278=LINE('',#5662,#1554);
#1279=LINE('',#5685,#1555);
#1280=LINE('',#5708,#1556);
#1281=LINE('',#5715,#1557);
#1282=LINE('',#5716,#1558);
#1283=LINE('',#5736,#1559);
#1284=LINE('',#5743,#1560);
#1285=LINE('',#5761,#1561);
#1286=LINE('',#5784,#1562);
#1287=LINE('',#5807,#1563);
#1288=LINE('',#5830,#1564);
#1289=LINE('',#5853,#1565);
#1290=LINE('',#5876,#1566);
#1291=LINE('',#5899,#1567);
#1292=LINE('',#5922,#1568);
#1293=LINE('',#5945,#1569);
#1294=LINE('',#5968,#1570);
#1295=LINE('',#5991,#1571);
#1296=LINE('',#6014,#1572);
#1297=LINE('',#6037,#1573);
#1298=LINE('',#6060,#1574);
#1299=LINE('',#6083,#1575);
#1300=LINE('',#6106,#1576);
#1301=LINE('',#6129,#1577);
#1302=LINE('',#6152,#1578);
#1303=LINE('',#6175,#1579);
#1304=LINE('',#6198,#1580);
#1305=LINE('',#6221,#1581);
#1306=LINE('',#6244,#1582);
#1307=LINE('',#6267,#1583);
#1308=LINE('',#6290,#1584);
#1309=LINE('',#6313,#1585);
#1310=LINE('',#6336,#1586);
#1311=LINE('',#6359,#1587);
#1312=LINE('',#6382,#1588);
#1313=LINE('',#6405,#1589);
#1314=LINE('',#6428,#1590);
#1315=LINE('',#6451,#1591);
#1316=LINE('',#6474,#1592);
#1317=LINE('',#6497,#1593);
#1318=LINE('',#6520,#1594);
#1319=LINE('',#6565,#1595);
#1320=LINE('',#6572,#1596);
#1321=LINE('',#6590,#1597);
#1322=LINE('',#6613,#1598);
#1323=LINE('',#6636,#1599);
#1324=LINE('',#6659,#1600);
#1325=LINE('',#6682,#1601);
#1326=LINE('',#6705,#1602);
#1327=LINE('',#6728,#1603);
#1328=LINE('',#6751,#1604);
#1329=LINE('',#6774,#1605);
#1330=LINE('',#6797,#1606);
#1331=LINE('',#6820,#1607);
#1332=LINE('',#6843,#1608);
#1333=LINE('',#6866,#1609);
#1334=LINE('',#6889,#1610);
#1335=LINE('',#6912,#1611);
#1336=LINE('',#6935,#1612);
#1337=LINE('',#6958,#1613);
#1338=LINE('',#6981,#1614);
#1339=LINE('',#7004,#1615);
#1340=LINE('',#7027,#1616);
#1341=LINE('',#7050,#1617);
#1342=LINE('',#7073,#1618);
#1343=LINE('',#7096,#1619);
#1344=LINE('',#7119,#1620);
#1345=LINE('',#7142,#1621);
#1346=LINE('',#7165,#1622);
#1347=LINE('',#7188,#1623);
#1348=LINE('',#7208,#1624);
#1349=LINE('',#7230,#1625);
#1350=LINE('',#7253,#1626);
#1351=LINE('',#7276,#1627);
#1352=LINE('',#7299,#1628);
#1353=LINE('',#7322,#1629);
#1354=LINE('',#7345,#1630);
#1355=LINE('',#7368,#1631);
#1356=LINE('',#7391,#1632);
#1357=LINE('',#7414,#1633);
#1358=LINE('',#7437,#1634);
#1359=LINE('',#7460,#1635);
#1360=LINE('',#7483,#1636);
#1361=LINE('',#7506,#1637);
#1362=LINE('',#7529,#1638);
#1363=LINE('',#7552,#1639);
#1364=LINE('',#7575,#1640);
#1365=LINE('',#7598,#1641);
#1366=LINE('',#7621,#1642);
#1367=LINE('',#7644,#1643);
#1368=LINE('',#7667,#1644);
#1369=LINE('',#7690,#1645);
#1370=LINE('',#7713,#1646);
#1371=LINE('',#7736,#1647);
#1372=LINE('',#7759,#1648);
#1373=LINE('',#7782,#1649);
#1374=LINE('',#7805,#1650);
#1375=LINE('',#7828,#1651);
#1376=LINE('',#7851,#1652);
#1377=LINE('',#7874,#1653);
#1378=LINE('',#7897,#1654);
#1379=LINE('',#7920,#1655);
#1380=LINE('',#7943,#1656);
#1381=LINE('',#7966,#1657);
#1382=LINE('',#8007,#1658);
#1383=LINE('',#8014,#1659);
#1384=LINE('',#8032,#1660);
#1385=LINE('',#8055,#1661);
#1386=LINE('',#8078,#1662);
#1387=LINE('',#8122,#1663);
#1388=LINE('',#8129,#1664);
#1389=LINE('',#8147,#1665);
#1390=LINE('',#8170,#1666);
#1391=LINE('',#8193,#1667);
#1392=LINE('',#8216,#1668);
#1393=LINE('',#8239,#1669);
#1394=LINE('',#8262,#1670);
#1395=LINE('',#8285,#1671);
#1396=LINE('',#8308,#1672);
#1397=LINE('',#8331,#1673);
#1398=LINE('',#8354,#1674);
#1399=LINE('',#8377,#1675);
#1400=LINE('',#8400,#1676);
#1401=LINE('',#8423,#1677);
#1402=LINE('',#8446,#1678);
#1403=LINE('',#8469,#1679);
#1404=LINE('',#8492,#1680);
#1405=LINE('',#8515,#1681);
#1406=LINE('',#8538,#1682);
#1407=LINE('',#8583,#1683);
#1408=LINE('',#8590,#1684);
#1409=LINE('',#8608,#1685);
#1410=LINE('',#8631,#1686);
#1411=LINE('',#8654,#1687);
#1412=LINE('',#8677,#1688);
#1413=LINE('',#8700,#1689);
#1414=LINE('',#8723,#1690);
#1415=LINE('',#8746,#1691);
#1416=LINE('',#8769,#1692);
#1417=LINE('',#8792,#1693);
#1418=LINE('',#8815,#1694);
#1419=LINE('',#8838,#1695);
#1420=LINE('',#8861,#1696);
#1421=LINE('',#8884,#1697);
#1422=LINE('',#8907,#1698);
#1423=LINE('',#8930,#1699);
#1424=LINE('',#8953,#1700);
#1425=LINE('',#8976,#1701);
#1426=LINE('',#8999,#1702);
#1427=LINE('',#9022,#1703);
#1428=LINE('',#9030,#1704);
#1429=LINE('',#9032,#1705);
#1430=LINE('',#9033,#1706);
#1431=LINE('',#9051,#1707);
#1432=LINE('',#9074,#1708);
#1433=LINE('',#9097,#1709);
#1434=LINE('',#9120,#1710);
#1435=LINE('',#9143,#1711);
#1436=LINE('',#9188,#1712);
#1437=LINE('',#9195,#1713);
#1438=LINE('',#9213,#1714);
#1439=LINE('',#9236,#1715);
#1440=LINE('',#9259,#1716);
#1441=LINE('',#9282,#1717);
#1442=LINE('',#9326,#1718);
#1443=LINE('',#9333,#1719);
#1444=LINE('',#9351,#1720);
#1445=LINE('',#9374,#1721);
#1446=LINE('',#9397,#1722);
#1447=LINE('',#9420,#1723);
#1448=LINE('',#9443,#1724);
#1449=LINE('',#9466,#1725);
#1450=LINE('',#9489,#1726);
#1451=LINE('',#9512,#1727);
#1452=LINE('',#9535,#1728);
#1453=LINE('',#9558,#1729);
#1454=LINE('',#9581,#1730);
#1455=LINE('',#9604,#1731);
#1456=LINE('',#9627,#1732);
#1457=LINE('',#9650,#1733);
#1458=LINE('',#9673,#1734);
#1459=LINE('',#9696,#1735);
#1460=LINE('',#9703,#1736);
#1461=LINE('',#9704,#1737);
#1462=LINE('',#9709,#1738);
#1463=LINE('',#9711,#1739);
#1464=LINE('',#9713,#1740);
#1465=LINE('',#9714,#1741);
#1466=LINE('',#9732,#1742);
#1467=LINE('',#9755,#1743);
#1468=LINE('',#9778,#1744);
#1469=LINE('',#9801,#1745);
#1470=LINE('',#9824,#1746);
#1471=LINE('',#9847,#1747);
#1472=LINE('',#9870,#1748);
#1473=LINE('',#9893,#1749);
#1474=LINE('',#9916,#1750);
#1475=LINE('',#9960,#1751);
#1476=LINE('',#9967,#1752);
#1477=LINE('',#9985,#1753);
#1478=LINE('',#10008,#1754);
#1479=LINE('',#10031,#1755);
#1480=LINE('',#10054,#1756);
#1481=LINE('',#10077,#1757);
#1482=LINE('',#10100,#1758);
#1483=LINE('',#10123,#1759);
#1484=LINE('',#10146,#1760);
#1485=LINE('',#10169,#1761);
#1486=LINE('',#10192,#1762);
#1487=LINE('',#10215,#1763);
#1488=LINE('',#10238,#1764);
#1489=LINE('',#10261,#1765);
#1490=LINE('',#10284,#1766);
#1491=LINE('',#10307,#1767);
#1492=LINE('',#10330,#1768);
#1493=LINE('',#10353,#1769);
#1494=LINE('',#10376,#1770);
#1495=LINE('',#10399,#1771);
#1496=LINE('',#10422,#1772);
#1497=LINE('',#10452,#1773);
#1498=LINE('',#10454,#1774);
#1499=LINE('',#10456,#1775);
#1500=LINE('',#10457,#1776);
#1501=LINE('',#10463,#1777);
#1502=LINE('',#10465,#1778);
#1503=LINE('',#10466,#1779);
#1504=LINE('',#10467,#1780);
#1505=LINE('',#10469,#1781);
#1506=LINE('',#10470,#1782);
#1507=LINE('',#10474,#1783);
#1508=LINE('',#10475,#1784);
#1509=LINE('',#10477,#1785);
#1510=LINE('',#10479,#1786);
#1511=VECTOR('',#4804,10.);
#1512=VECTOR('',#4805,10.);
#1513=VECTOR('',#4806,10.);
#1514=VECTOR('',#4807,10.);
#1515=VECTOR('',#4810,10.);
#1516=VECTOR('',#4811,10.);
#1517=VECTOR('',#4812,10.);
#1518=VECTOR('',#4813,10.);
#1519=VECTOR('',#4816,10.);
#1520=VECTOR('',#4817,10.);
#1521=VECTOR('',#4818,10.);
#1522=VECTOR('',#4819,10.);
#1523=VECTOR('',#4820,10.);
#1524=VECTOR('',#4821,10.);
#1525=VECTOR('',#4822,10.);
#1526=VECTOR('',#4823,10.);
#1527=VECTOR('',#4824,10.);
#1528=VECTOR('',#4825,10.);
#1529=VECTOR('',#4828,10.);
#1530=VECTOR('',#4829,10.);
#1531=VECTOR('',#4832,10.);
#1532=VECTOR('',#4833,10.);
#1533=VECTOR('',#4834,10.);
#1534=VECTOR('',#4835,10.);
#1535=VECTOR('',#4836,10.);
#1536=VECTOR('',#4837,10.);
#1537=VECTOR('',#4838,10.);
#1538=VECTOR('',#4839,10.);
#1539=VECTOR('',#4840,10.);
#1540=VECTOR('',#4841,10.);
#1541=VECTOR('',#4842,10.);
#1542=VECTOR('',#4843,10.);
#1543=VECTOR('',#4844,10.);
#1544=VECTOR('',#4845,10.);
#1545=VECTOR('',#4846,10.);
#1546=VECTOR('',#4847,10.);
#1547=VECTOR('',#4848,10.);
#1548=VECTOR('',#4849,10.);
#1549=VECTOR('',#4850,10.);
#1550=VECTOR('',#4851,10.);
#1551=VECTOR('',#4852,10.);
#1552=VECTOR('',#4853,10.);
#1553=VECTOR('',#4854,10.);
#1554=VECTOR('',#4855,10.);
#1555=VECTOR('',#4856,10.);
#1556=VECTOR('',#4857,10.);
#1557=VECTOR('',#4860,10.);
#1558=VECTOR('',#4861,10.);
#1559=VECTOR('',#4864,10.);
#1560=VECTOR('',#4865,10.);
#1561=VECTOR('',#4866,10.);
#1562=VECTOR('',#4867,10.);
#1563=VECTOR('',#4868,10.);
#1564=VECTOR('',#4869,10.);
#1565=VECTOR('',#4870,10.);
#1566=VECTOR('',#4871,10.);
#1567=VECTOR('',#4872,10.);
#1568=VECTOR('',#4873,10.);
#1569=VECTOR('',#4874,10.);
#1570=VECTOR('',#4875,10.);
#1571=VECTOR('',#4876,10.);
#1572=VECTOR('',#4877,10.);
#1573=VECTOR('',#4878,10.);
#1574=VECTOR('',#4879,10.);
#1575=VECTOR('',#4880,10.);
#1576=VECTOR('',#4881,10.);
#1577=VECTOR('',#4882,10.);
#1578=VECTOR('',#4883,10.);
#1579=VECTOR('',#4884,10.);
#1580=VECTOR('',#4885,10.);
#1581=VECTOR('',#4886,10.);
#1582=VECTOR('',#4887,10.);
#1583=VECTOR('',#4888,10.);
#1584=VECTOR('',#4889,10.);
#1585=VECTOR('',#4890,10.);
#1586=VECTOR('',#4891,10.);
#1587=VECTOR('',#4892,10.);
#1588=VECTOR('',#4893,10.);
#1589=VECTOR('',#4894,10.);
#1590=VECTOR('',#4895,10.);
#1591=VECTOR('',#4896,10.);
#1592=VECTOR('',#4897,10.);
#1593=VECTOR('',#4898,10.);
#1594=VECTOR('',#4899,10.);
#1595=VECTOR('',#4902,10.);
#1596=VECTOR('',#4903,10.);
#1597=VECTOR('',#4904,10.);
#1598=VECTOR('',#4905,10.);
#1599=VECTOR('',#4906,10.);
#1600=VECTOR('',#4907,10.);
#1601=VECTOR('',#4908,10.);
#1602=VECTOR('',#4909,10.);
#1603=VECTOR('',#4910,10.);
#1604=VECTOR('',#4911,10.);
#1605=VECTOR('',#4912,10.);
#1606=VECTOR('',#4913,10.);
#1607=VECTOR('',#4914,10.);
#1608=VECTOR('',#4915,10.);
#1609=VECTOR('',#4916,10.);
#1610=VECTOR('',#4917,10.);
#1611=VECTOR('',#4918,10.);
#1612=VECTOR('',#4919,10.);
#1613=VECTOR('',#4920,10.);
#1614=VECTOR('',#4921,10.);
#1615=VECTOR('',#4922,10.);
#1616=VECTOR('',#4923,10.);
#1617=VECTOR('',#4924,10.);
#1618=VECTOR('',#4925,10.);
#1619=VECTOR('',#4926,10.);
#1620=VECTOR('',#4927,10.);
#1621=VECTOR('',#4928,10.);
#1622=VECTOR('',#4929,10.);
#1623=VECTOR('',#4930,10.);
#1624=VECTOR('',#4931,10.);
#1625=VECTOR('',#4932,10.);
#1626=VECTOR('',#4933,10.);
#1627=VECTOR('',#4934,10.);
#1628=VECTOR('',#4935,10.);
#1629=VECTOR('',#4936,10.);
#1630=VECTOR('',#4937,10.);
#1631=VECTOR('',#4938,10.);
#1632=VECTOR('',#4939,10.);
#1633=VECTOR('',#4940,10.);
#1634=VECTOR('',#4941,10.);
#1635=VECTOR('',#4942,10.);
#1636=VECTOR('',#4943,10.);
#1637=VECTOR('',#4944,10.);
#1638=VECTOR('',#4945,10.);
#1639=VECTOR('',#4946,10.);
#1640=VECTOR('',#4947,10.);
#1641=VECTOR('',#4948,10.);
#1642=VECTOR('',#4949,10.);
#1643=VECTOR('',#4950,10.);
#1644=VECTOR('',#4951,10.);
#1645=VECTOR('',#4952,10.);
#1646=VECTOR('',#4953,10.);
#1647=VECTOR('',#4954,10.);
#1648=VECTOR('',#4955,10.);
#1649=VECTOR('',#4956,10.);
#1650=VECTOR('',#4957,10.);
#1651=VECTOR('',#4958,10.);
#1652=VECTOR('',#4959,10.);
#1653=VECTOR('',#4960,10.);
#1654=VECTOR('',#4961,10.);
#1655=VECTOR('',#4962,10.);
#1656=VECTOR('',#4963,10.);
#1657=VECTOR('',#4964,10.);
#1658=VECTOR('',#4967,10.);
#1659=VECTOR('',#4968,10.);
#1660=VECTOR('',#4969,10.);
#1661=VECTOR('',#4970,10.);
#1662=VECTOR('',#4971,10.);
#1663=VECTOR('',#4972,10.);
#1664=VECTOR('',#4973,10.);
#1665=VECTOR('',#4974,10.);
#1666=VECTOR('',#4975,10.);
#1667=VECTOR('',#4976,10.);
#1668=VECTOR('',#4977,10.);
#1669=VECTOR('',#4978,10.);
#1670=VECTOR('',#4979,10.);
#1671=VECTOR('',#4980,10.);
#1672=VECTOR('',#4981,10.);
#1673=VECTOR('',#4982,10.);
#1674=VECTOR('',#4983,10.);
#1675=VECTOR('',#4984,10.);
#1676=VECTOR('',#4985,10.);
#1677=VECTOR('',#4986,10.);
#1678=VECTOR('',#4987,10.);
#1679=VECTOR('',#4988,10.);
#1680=VECTOR('',#4989,10.);
#1681=VECTOR('',#4990,10.);
#1682=VECTOR('',#4991,10.);
#1683=VECTOR('',#4994,10.);
#1684=VECTOR('',#4995,10.);
#1685=VECTOR('',#4996,10.);
#1686=VECTOR('',#4997,10.);
#1687=VECTOR('',#4998,10.);
#1688=VECTOR('',#4999,10.);
#1689=VECTOR('',#5000,10.);
#1690=VECTOR('',#5001,10.);
#1691=VECTOR('',#5002,10.);
#1692=VECTOR('',#5003,10.);
#1693=VECTOR('',#5004,10.);
#1694=VECTOR('',#5005,10.);
#1695=VECTOR('',#5006,10.);
#1696=VECTOR('',#5007,10.);
#1697=VECTOR('',#5008,10.);
#1698=VECTOR('',#5009,10.);
#1699=VECTOR('',#5010,10.);
#1700=VECTOR('',#5011,10.);
#1701=VECTOR('',#5012,10.);
#1702=VECTOR('',#5013,10.);
#1703=VECTOR('',#5014,10.);
#1704=VECTOR('',#5017,10.);
#1705=VECTOR('',#5018,10.);
#1706=VECTOR('',#5019,10.);
#1707=VECTOR('',#5020,10.);
#1708=VECTOR('',#5021,10.);
#1709=VECTOR('',#5022,10.);
#1710=VECTOR('',#5023,10.);
#1711=VECTOR('',#5024,10.);
#1712=VECTOR('',#5027,10.);
#1713=VECTOR('',#5028,10.);
#1714=VECTOR('',#5029,10.);
#1715=VECTOR('',#5030,10.);
#1716=VECTOR('',#5031,10.);
#1717=VECTOR('',#5032,10.);
#1718=VECTOR('',#5033,10.);
#1719=VECTOR('',#5034,10.);
#1720=VECTOR('',#5035,10.);
#1721=VECTOR('',#5036,10.);
#1722=VECTOR('',#5037,10.);
#1723=VECTOR('',#5038,10.);
#1724=VECTOR('',#5039,10.);
#1725=VECTOR('',#5040,10.);
#1726=VECTOR('',#5041,10.);
#1727=VECTOR('',#5042,10.);
#1728=VECTOR('',#5043,10.);
#1729=VECTOR('',#5044,10.);
#1730=VECTOR('',#5045,10.);
#1731=VECTOR('',#5046,10.);
#1732=VECTOR('',#5047,10.);
#1733=VECTOR('',#5048,10.);
#1734=VECTOR('',#5049,10.);
#1735=VECTOR('',#5050,10.);
#1736=VECTOR('',#5053,10.);
#1737=VECTOR('',#5054,10.);
#1738=VECTOR('',#5059,10.);
#1739=VECTOR('',#5060,10.);
#1740=VECTOR('',#5061,10.);
#1741=VECTOR('',#5062,10.);
#1742=VECTOR('',#5063,10.);
#1743=VECTOR('',#5064,10.);
#1744=VECTOR('',#5065,10.);
#1745=VECTOR('',#5066,10.);
#1746=VECTOR('',#5067,10.);
#1747=VECTOR('',#5068,10.);
#1748=VECTOR('',#5069,10.);
#1749=VECTOR('',#5070,10.);
#1750=VECTOR('',#5071,10.);
#1751=VECTOR('',#5072,10.);
#1752=VECTOR('',#5073,10.);
#1753=VECTOR('',#5074,10.);
#1754=VECTOR('',#5075,10.);
#1755=VECTOR('',#5076,10.);
#1756=VECTOR('',#5077,10.);
#1757=VECTOR('',#5078,10.);
#1758=VECTOR('',#5079,10.);
#1759=VECTOR('',#5080,10.);
#1760=VECTOR('',#5081,10.);
#1761=VECTOR('',#5082,10.);
#1762=VECTOR('',#5083,10.);
#1763=VECTOR('',#5084,10.);
#1764=VECTOR('',#5085,10.);
#1765=VECTOR('',#5086,10.);
#1766=VECTOR('',#5087,10.);
#1767=VECTOR('',#5088,10.);
#1768=VECTOR('',#5089,10.);
#1769=VECTOR('',#5090,10.);
#1770=VECTOR('',#5091,10.);
#1771=VECTOR('',#5092,10.);
#1772=VECTOR('',#5093,10.);
#1773=VECTOR('',#5098,10.);
#1774=VECTOR('',#5099,10.);
#1775=VECTOR('',#5100,10.);
#1776=VECTOR('',#5101,10.);
#1777=VECTOR('',#5110,10.);
#1778=VECTOR('',#5111,10.);
#1779=VECTOR('',#5112,10.);
#1780=VECTOR('',#5113,10.);
#1781=VECTOR('',#5116,10.);
#1782=VECTOR('',#5117,10.);
#1783=VECTOR('',#5124,10.);
#1784=VECTOR('',#5125,10.);
#1785=VECTOR('',#5128,10.);
#1786=VECTOR('',#5131,10.);
#1787=VERTEX_POINT('',#5138);
#1788=VERTEX_POINT('',#5139);
#1789=VERTEX_POINT('',#5141);
#1790=VERTEX_POINT('',#5143);
#1791=VERTEX_POINT('',#5147);
#1792=VERTEX_POINT('',#5148);
#1793=VERTEX_POINT('',#5150);
#1794=VERTEX_POINT('',#5152);
#1795=VERTEX_POINT('',#5156);
#1796=VERTEX_POINT('',#5158);
#1797=VERTEX_POINT('',#5160);
#1798=VERTEX_POINT('',#5162);
#1799=VERTEX_POINT('',#5165);
#1800=VERTEX_POINT('',#5167);
#1801=VERTEX_POINT('',#5169);
#1802=VERTEX_POINT('',#5171);
#1803=VERTEX_POINT('',#5175);
#1804=VERTEX_POINT('',#5179);
#1805=VERTEX_POINT('',#5192);
#1806=VERTEX_POINT('',#5193);
#1807=VERTEX_POINT('',#5199);
#1808=VERTEX_POINT('',#5201);
#1809=VERTEX_POINT('',#5218);
#1810=VERTEX_POINT('',#5224);
#1811=VERTEX_POINT('',#5241);
#1812=VERTEX_POINT('',#5247);
#1813=VERTEX_POINT('',#5264);
#1814=VERTEX_POINT('',#5270);
#1815=VERTEX_POINT('',#5287);
#1816=VERTEX_POINT('',#5293);
#1817=VERTEX_POINT('',#5330);
#1818=VERTEX_POINT('',#5331);
#1819=VERTEX_POINT('',#5337);
#1820=VERTEX_POINT('',#5339);
#1821=VERTEX_POINT('',#5356);
#1822=VERTEX_POINT('',#5362);
#1823=VERTEX_POINT('',#5379);
#1824=VERTEX_POINT('',#5385);
#1825=VERTEX_POINT('',#5402);
#1826=VERTEX_POINT('',#5408);
#1827=VERTEX_POINT('',#5425);
#1828=VERTEX_POINT('',#5431);
#1829=VERTEX_POINT('',#5448);
#1830=VERTEX_POINT('',#5454);
#1831=VERTEX_POINT('',#5471);
#1832=VERTEX_POINT('',#5477);
#1833=VERTEX_POINT('',#5494);
#1834=VERTEX_POINT('',#5500);
#1835=VERTEX_POINT('',#5517);
#1836=VERTEX_POINT('',#5523);
#1837=VERTEX_POINT('',#5540);
#1838=VERTEX_POINT('',#5546);
#1839=VERTEX_POINT('',#5563);
#1840=VERTEX_POINT('',#5569);
#1841=VERTEX_POINT('',#5586);
#1842=VERTEX_POINT('',#5592);
#1843=VERTEX_POINT('',#5609);
#1844=VERTEX_POINT('',#5615);
#1845=VERTEX_POINT('',#5632);
#1846=VERTEX_POINT('',#5638);
#1847=VERTEX_POINT('',#5655);
#1848=VERTEX_POINT('',#5661);
#1849=VERTEX_POINT('',#5678);
#1850=VERTEX_POINT('',#5684);
#1851=VERTEX_POINT('',#5701);
#1852=VERTEX_POINT('',#5707);
#1853=VERTEX_POINT('',#5728);
#1854=VERTEX_POINT('',#5729);
#1855=VERTEX_POINT('',#5735);
#1856=VERTEX_POINT('',#5737);
#1857=VERTEX_POINT('',#5754);
#1858=VERTEX_POINT('',#5760);
#1859=VERTEX_POINT('',#5777);
#1860=VERTEX_POINT('',#5783);
#1861=VERTEX_POINT('',#5800);
#1862=VERTEX_POINT('',#5806);
#1863=VERTEX_POINT('',#5823);
#1864=VERTEX_POINT('',#5829);
#1865=VERTEX_POINT('',#5846);
#1866=VERTEX_POINT('',#5852);
#1867=VERTEX_POINT('',#5869);
#1868=VERTEX_POINT('',#5875);
#1869=VERTEX_POINT('',#5892);
#1870=VERTEX_POINT('',#5898);
#1871=VERTEX_POINT('',#5915);
#1872=VERTEX_POINT('',#5921);
#1873=VERTEX_POINT('',#5938);
#1874=VERTEX_POINT('',#5944);
#1875=VERTEX_POINT('',#5961);
#1876=VERTEX_POINT('',#5967);
#1877=VERTEX_POINT('',#5984);
#1878=VERTEX_POINT('',#5990);
#1879=VERTEX_POINT('',#6007);
#1880=VERTEX_POINT('',#6013);
#1881=VERTEX_POINT('',#6030);
#1882=VERTEX_POINT('',#6036);
#1883=VERTEX_POINT('',#6053);
#1884=VERTEX_POINT('',#6059);
#1885=VERTEX_POINT('',#6076);
#1886=VERTEX_POINT('',#6082);
#1887=VERTEX_POINT('',#6099);
#1888=VERTEX_POINT('',#6105);
#1889=VERTEX_POINT('',#6122);
#1890=VERTEX_POINT('',#6128);
#1891=VERTEX_POINT('',#6145);
#1892=VERTEX_POINT('',#6151);
#1893=VERTEX_POINT('',#6168);
#1894=VERTEX_POINT('',#6174);
#1895=VERTEX_POINT('',#6191);
#1896=VERTEX_POINT('',#6197);
#1897=VERTEX_POINT('',#6214);
#1898=VERTEX_POINT('',#6220);
#1899=VERTEX_POINT('',#6237);
#1900=VERTEX_POINT('',#6243);
#1901=VERTEX_POINT('',#6260);
#1902=VERTEX_POINT('',#6266);
#1903=VERTEX_POINT('',#6283);
#1904=VERTEX_POINT('',#6289);
#1905=VERTEX_POINT('',#6306);
#1906=VERTEX_POINT('',#6312);
#1907=VERTEX_POINT('',#6329);
#1908=VERTEX_POINT('',#6335);
#1909=VERTEX_POINT('',#6352);
#1910=VERTEX_POINT('',#6358);
#1911=VERTEX_POINT('',#6375);
#1912=VERTEX_POINT('',#6381);
#1913=VERTEX_POINT('',#6398);
#1914=VERTEX_POINT('',#6404);
#1915=VERTEX_POINT('',#6421);
#1916=VERTEX_POINT('',#6427);
#1917=VERTEX_POINT('',#6444);
#1918=VERTEX_POINT('',#6450);
#1919=VERTEX_POINT('',#6467);
#1920=VERTEX_POINT('',#6473);
#1921=VERTEX_POINT('',#6490);
#1922=VERTEX_POINT('',#6496);
#1923=VERTEX_POINT('',#6513);
#1924=VERTEX_POINT('',#6519);
#1925=VERTEX_POINT('',#6557);
#1926=VERTEX_POINT('',#6558);
#1927=VERTEX_POINT('',#6564);
#1928=VERTEX_POINT('',#6566);
#1929=VERTEX_POINT('',#6583);
#1930=VERTEX_POINT('',#6589);
#1931=VERTEX_POINT('',#6606);
#1932=VERTEX_POINT('',#6612);
#1933=VERTEX_POINT('',#6629);
#1934=VERTEX_POINT('',#6635);
#1935=VERTEX_POINT('',#6652);
#1936=VERTEX_POINT('',#6658);
#1937=VERTEX_POINT('',#6675);
#1938=VERTEX_POINT('',#6681);
#1939=VERTEX_POINT('',#6698);
#1940=VERTEX_POINT('',#6704);
#1941=VERTEX_POINT('',#6721);
#1942=VERTEX_POINT('',#6727);
#1943=VERTEX_POINT('',#6744);
#1944=VERTEX_POINT('',#6750);
#1945=VERTEX_POINT('',#6767);
#1946=VERTEX_POINT('',#6773);
#1947=VERTEX_POINT('',#6790);
#1948=VERTEX_POINT('',#6796);
#1949=VERTEX_POINT('',#6813);
#1950=VERTEX_POINT('',#6819);
#1951=VERTEX_POINT('',#6836);
#1952=VERTEX_POINT('',#6842);
#1953=VERTEX_POINT('',#6859);
#1954=VERTEX_POINT('',#6865);
#1955=VERTEX_POINT('',#6882);
#1956=VERTEX_POINT('',#6888);
#1957=VERTEX_POINT('',#6905);
#1958=VERTEX_POINT('',#6911);
#1959=VERTEX_POINT('',#6928);
#1960=VERTEX_POINT('',#6934);
#1961=VERTEX_POINT('',#6951);
#1962=VERTEX_POINT('',#6957);
#1963=VERTEX_POINT('',#6974);
#1964=VERTEX_POINT('',#6980);
#1965=VERTEX_POINT('',#6997);
#1966=VERTEX_POINT('',#7003);
#1967=VERTEX_POINT('',#7020);
#1968=VERTEX_POINT('',#7026);
#1969=VERTEX_POINT('',#7043);
#1970=VERTEX_POINT('',#7049);
#1971=VERTEX_POINT('',#7066);
#1972=VERTEX_POINT('',#7072);
#1973=VERTEX_POINT('',#7089);
#1974=VERTEX_POINT('',#7095);
#1975=VERTEX_POINT('',#7112);
#1976=VERTEX_POINT('',#7118);
#1977=VERTEX_POINT('',#7135);
#1978=VERTEX_POINT('',#7141);
#1979=VERTEX_POINT('',#7158);
#1980=VERTEX_POINT('',#7164);
#1981=VERTEX_POINT('',#7181);
#1982=VERTEX_POINT('',#7187);
#1983=VERTEX_POINT('',#7202);
#1984=VERTEX_POINT('',#7207);
#1985=VERTEX_POINT('',#7223);
#1986=VERTEX_POINT('',#7229);
#1987=VERTEX_POINT('',#7246);
#1988=VERTEX_POINT('',#7252);
#1989=VERTEX_POINT('',#7269);
#1990=VERTEX_POINT('',#7275);
#1991=VERTEX_POINT('',#7292);
#1992=VERTEX_POINT('',#7298);
#1993=VERTEX_POINT('',#7315);
#1994=VERTEX_POINT('',#7321);
#1995=VERTEX_POINT('',#7338);
#1996=VERTEX_POINT('',#7344);
#1997=VERTEX_POINT('',#7361);
#1998=VERTEX_POINT('',#7367);
#1999=VERTEX_POINT('',#7384);
#2000=VERTEX_POINT('',#7390);
#2001=VERTEX_POINT('',#7407);
#2002=VERTEX_POINT('',#7413);
#2003=VERTEX_POINT('',#7430);
#2004=VERTEX_POINT('',#7436);
#2005=VERTEX_POINT('',#7453);
#2006=VERTEX_POINT('',#7459);
#2007=VERTEX_POINT('',#7476);
#2008=VERTEX_POINT('',#7482);
#2009=VERTEX_POINT('',#7499);
#2010=VERTEX_POINT('',#7505);
#2011=VERTEX_POINT('',#7522);
#2012=VERTEX_POINT('',#7528);
#2013=VERTEX_POINT('',#7545);
#2014=VERTEX_POINT('',#7551);
#2015=VERTEX_POINT('',#7568);
#2016=VERTEX_POINT('',#7574);
#2017=VERTEX_POINT('',#7591);
#2018=VERTEX_POINT('',#7597);
#2019=VERTEX_POINT('',#7614);
#2020=VERTEX_POINT('',#7620);
#2021=VERTEX_POINT('',#7637);
#2022=VERTEX_POINT('',#7643);
#2023=VERTEX_POINT('',#7660);
#2024=VERTEX_POINT('',#7666);
#2025=VERTEX_POINT('',#7683);
#2026=VERTEX_POINT('',#7689);
#2027=VERTEX_POINT('',#7706);
#2028=VERTEX_POINT('',#7712);
#2029=VERTEX_POINT('',#7729);
#2030=VERTEX_POINT('',#7735);
#2031=VERTEX_POINT('',#7752);
#2032=VERTEX_POINT('',#7758);
#2033=VERTEX_POINT('',#7775);
#2034=VERTEX_POINT('',#7781);
#2035=VERTEX_POINT('',#7798);
#2036=VERTEX_POINT('',#7804);
#2037=VERTEX_POINT('',#7821);
#2038=VERTEX_POINT('',#7827);
#2039=VERTEX_POINT('',#7844);
#2040=VERTEX_POINT('',#7850);
#2041=VERTEX_POINT('',#7867);
#2042=VERTEX_POINT('',#7873);
#2043=VERTEX_POINT('',#7890);
#2044=VERTEX_POINT('',#7896);
#2045=VERTEX_POINT('',#7913);
#2046=VERTEX_POINT('',#7919);
#2047=VERTEX_POINT('',#7936);
#2048=VERTEX_POINT('',#7942);
#2049=VERTEX_POINT('',#7959);
#2050=VERTEX_POINT('',#7965);
#2051=VERTEX_POINT('',#7999);
#2052=VERTEX_POINT('',#8000);
#2053=VERTEX_POINT('',#8006);
#2054=VERTEX_POINT('',#8008);
#2055=VERTEX_POINT('',#8025);
#2056=VERTEX_POINT('',#8031);
#2057=VERTEX_POINT('',#8048);
#2058=VERTEX_POINT('',#8054);
#2059=VERTEX_POINT('',#8071);
#2060=VERTEX_POINT('',#8077);
#2061=VERTEX_POINT('',#8114);
#2062=VERTEX_POINT('',#8115);
#2063=VERTEX_POINT('',#8121);
#2064=VERTEX_POINT('',#8123);
#2065=VERTEX_POINT('',#8140);
#2066=VERTEX_POINT('',#8146);
#2067=VERTEX_POINT('',#8163);
#2068=VERTEX_POINT('',#8169);
#2069=VERTEX_POINT('',#8186);
#2070=VERTEX_POINT('',#8192);
#2071=VERTEX_POINT('',#8209);
#2072=VERTEX_POINT('',#8215);
#2073=VERTEX_POINT('',#8232);
#2074=VERTEX_POINT('',#8238);
#2075=VERTEX_POINT('',#8255);
#2076=VERTEX_POINT('',#8261);
#2077=VERTEX_POINT('',#8278);
#2078=VERTEX_POINT('',#8284);
#2079=VERTEX_POINT('',#8301);
#2080=VERTEX_POINT('',#8307);
#2081=VERTEX_POINT('',#8324);
#2082=VERTEX_POINT('',#8330);
#2083=VERTEX_POINT('',#8347);
#2084=VERTEX_POINT('',#8353);
#2085=VERTEX_POINT('',#8370);
#2086=VERTEX_POINT('',#8376);
#2087=VERTEX_POINT('',#8393);
#2088=VERTEX_POINT('',#8399);
#2089=VERTEX_POINT('',#8416);
#2090=VERTEX_POINT('',#8422);
#2091=VERTEX_POINT('',#8439);
#2092=VERTEX_POINT('',#8445);
#2093=VERTEX_POINT('',#8462);
#2094=VERTEX_POINT('',#8468);
#2095=VERTEX_POINT('',#8485);
#2096=VERTEX_POINT('',#8491);
#2097=VERTEX_POINT('',#8508);
#2098=VERTEX_POINT('',#8514);
#2099=VERTEX_POINT('',#8531);
#2100=VERTEX_POINT('',#8537);
#2101=VERTEX_POINT('',#8575);
#2102=VERTEX_POINT('',#8576);
#2103=VERTEX_POINT('',#8582);
#2104=VERTEX_POINT('',#8584);
#2105=VERTEX_POINT('',#8601);
#2106=VERTEX_POINT('',#8607);
#2107=VERTEX_POINT('',#8624);
#2108=VERTEX_POINT('',#8630);
#2109=VERTEX_POINT('',#8647);
#2110=VERTEX_POINT('',#8653);
#2111=VERTEX_POINT('',#8670);
#2112=VERTEX_POINT('',#8676);
#2113=VERTEX_POINT('',#8693);
#2114=VERTEX_POINT('',#8699);
#2115=VERTEX_POINT('',#8716);
#2116=VERTEX_POINT('',#8722);
#2117=VERTEX_POINT('',#8739);
#2118=VERTEX_POINT('',#8745);
#2119=VERTEX_POINT('',#8762);
#2120=VERTEX_POINT('',#8768);
#2121=VERTEX_POINT('',#8785);
#2122=VERTEX_POINT('',#8791);
#2123=VERTEX_POINT('',#8808);
#2124=VERTEX_POINT('',#8814);
#2125=VERTEX_POINT('',#8831);
#2126=VERTEX_POINT('',#8837);
#2127=VERTEX_POINT('',#8854);
#2128=VERTEX_POINT('',#8860);
#2129=VERTEX_POINT('',#8877);
#2130=VERTEX_POINT('',#8883);
#2131=VERTEX_POINT('',#8900);
#2132=VERTEX_POINT('',#8906);
#2133=VERTEX_POINT('',#8923);
#2134=VERTEX_POINT('',#8929);
#2135=VERTEX_POINT('',#8946);
#2136=VERTEX_POINT('',#8952);
#2137=VERTEX_POINT('',#8969);
#2138=VERTEX_POINT('',#8975);
#2139=VERTEX_POINT('',#8992);
#2140=VERTEX_POINT('',#8998);
#2141=VERTEX_POINT('',#9015);
#2142=VERTEX_POINT('',#9021);
#2143=VERTEX_POINT('',#9029);
#2144=VERTEX_POINT('',#9031);
#2145=VERTEX_POINT('',#9044);
#2146=VERTEX_POINT('',#9050);
#2147=VERTEX_POINT('',#9067);
#2148=VERTEX_POINT('',#9073);
#2149=VERTEX_POINT('',#9090);
#2150=VERTEX_POINT('',#9096);
#2151=VERTEX_POINT('',#9113);
#2152=VERTEX_POINT('',#9119);
#2153=VERTEX_POINT('',#9136);
#2154=VERTEX_POINT('',#9142);
#2155=VERTEX_POINT('',#9180);
#2156=VERTEX_POINT('',#9181);
#2157=VERTEX_POINT('',#9187);
#2158=VERTEX_POINT('',#9189);
#2159=VERTEX_POINT('',#9206);
#2160=VERTEX_POINT('',#9212);
#2161=VERTEX_POINT('',#9229);
#2162=VERTEX_POINT('',#9235);
#2163=VERTEX_POINT('',#9252);
#2164=VERTEX_POINT('',#9258);
#2165=VERTEX_POINT('',#9275);
#2166=VERTEX_POINT('',#9281);
#2167=VERTEX_POINT('',#9318);
#2168=VERTEX_POINT('',#9319);
#2169=VERTEX_POINT('',#9325);
#2170=VERTEX_POINT('',#9327);
#2171=VERTEX_POINT('',#9344);
#2172=VERTEX_POINT('',#9350);
#2173=VERTEX_POINT('',#9367);
#2174=VERTEX_POINT('',#9373);
#2175=VERTEX_POINT('',#9390);
#2176=VERTEX_POINT('',#9396);
#2177=VERTEX_POINT('',#9413);
#2178=VERTEX_POINT('',#9419);
#2179=VERTEX_POINT('',#9436);
#2180=VERTEX_POINT('',#9442);
#2181=VERTEX_POINT('',#9459);
#2182=VERTEX_POINT('',#9465);
#2183=VERTEX_POINT('',#9482);
#2184=VERTEX_POINT('',#9488);
#2185=VERTEX_POINT('',#9505);
#2186=VERTEX_POINT('',#9511);
#2187=VERTEX_POINT('',#9528);
#2188=VERTEX_POINT('',#9534);
#2189=VERTEX_POINT('',#9551);
#2190=VERTEX_POINT('',#9557);
#2191=VERTEX_POINT('',#9574);
#2192=VERTEX_POINT('',#9580);
#2193=VERTEX_POINT('',#9597);
#2194=VERTEX_POINT('',#9603);
#2195=VERTEX_POINT('',#9620);
#2196=VERTEX_POINT('',#9626);
#2197=VERTEX_POINT('',#9643);
#2198=VERTEX_POINT('',#9649);
#2199=VERTEX_POINT('',#9666);
#2200=VERTEX_POINT('',#9672);
#2201=VERTEX_POINT('',#9689);
#2202=VERTEX_POINT('',#9695);
#2203=VERTEX_POINT('',#9707);
#2204=VERTEX_POINT('',#9708);
#2205=VERTEX_POINT('',#9710);
#2206=VERTEX_POINT('',#9712);
#2207=VERTEX_POINT('',#9725);
#2208=VERTEX_POINT('',#9731);
#2209=VERTEX_POINT('',#9748);
#2210=VERTEX_POINT('',#9754);
#2211=VERTEX_POINT('',#9771);
#2212=VERTEX_POINT('',#9777);
#2213=VERTEX_POINT('',#9794);
#2214=VERTEX_POINT('',#9800);
#2215=VERTEX_POINT('',#9817);
#2216=VERTEX_POINT('',#9823);
#2217=VERTEX_POINT('',#9840);
#2218=VERTEX_POINT('',#9846);
#2219=VERTEX_POINT('',#9863);
#2220=VERTEX_POINT('',#9869);
#2221=VERTEX_POINT('',#9886);
#2222=VERTEX_POINT('',#9892);
#2223=VERTEX_POINT('',#9909);
#2224=VERTEX_POINT('',#9915);
#2225=VERTEX_POINT('',#9952);
#2226=VERTEX_POINT('',#9953);
#2227=VERTEX_POINT('',#9959);
#2228=VERTEX_POINT('',#9961);
#2229=VERTEX_POINT('',#9978);
#2230=VERTEX_POINT('',#9984);
#2231=VERTEX_POINT('',#10001);
#2232=VERTEX_POINT('',#10007);
#2233=VERTEX_POINT('',#10024);
#2234=VERTEX_POINT('',#10030);
#2235=VERTEX_POINT('',#10047);
#2236=VERTEX_POINT('',#10053);
#2237=VERTEX_POINT('',#10070);
#2238=VERTEX_POINT('',#10076);
#2239=VERTEX_POINT('',#10093);
#2240=VERTEX_POINT('',#10099);
#2241=VERTEX_POINT('',#10116);
#2242=VERTEX_POINT('',#10122);
#2243=VERTEX_POINT('',#10139);
#2244=VERTEX_POINT('',#10145);
#2245=VERTEX_POINT('',#10162);
#2246=VERTEX_POINT('',#10168);
#2247=VERTEX_POINT('',#10185);
#2248=VERTEX_POINT('',#10191);
#2249=VERTEX_POINT('',#10208);
#2250=VERTEX_POINT('',#10214);
#2251=VERTEX_POINT('',#10231);
#2252=VERTEX_POINT('',#10237);
#2253=VERTEX_POINT('',#10254);
#2254=VERTEX_POINT('',#10260);
#2255=VERTEX_POINT('',#10277);
#2256=VERTEX_POINT('',#10283);
#2257=VERTEX_POINT('',#10300);
#2258=VERTEX_POINT('',#10306);
#2259=VERTEX_POINT('',#10323);
#2260=VERTEX_POINT('',#10329);
#2261=VERTEX_POINT('',#10346);
#2262=VERTEX_POINT('',#10352);
#2263=VERTEX_POINT('',#10369);
#2264=VERTEX_POINT('',#10375);
#2265=VERTEX_POINT('',#10392);
#2266=VERTEX_POINT('',#10398);
#2267=VERTEX_POINT('',#10415);
#2268=VERTEX_POINT('',#10421);
#2269=VERTEX_POINT('',#10450);
#2270=VERTEX_POINT('',#10451);
#2271=VERTEX_POINT('',#10453);
#2272=VERTEX_POINT('',#10455);
#2273=VERTEX_POINT('',#10462);
#2274=VERTEX_POINT('',#10464);
#2275=EDGE_CURVE('',#1787,#1788,#1235,.T.);
#2276=EDGE_CURVE('',#1789,#1787,#1236,.T.);
#2277=EDGE_CURVE('',#1789,#1790,#1237,.T.);
#2278=EDGE_CURVE('',#1788,#1790,#1238,.T.);
#2279=EDGE_CURVE('',#1791,#1792,#1239,.T.);
#2280=EDGE_CURVE('',#1793,#1791,#1240,.T.);
#2281=EDGE_CURVE('',#1793,#1794,#1241,.T.);
#2282=EDGE_CURVE('',#1792,#1794,#1242,.T.);
#2283=EDGE_CURVE('',#1792,#1795,#1243,.T.);
#2284=EDGE_CURVE('',#1795,#1796,#1244,.T.);
#2285=EDGE_CURVE('',#1796,#1797,#1245,.T.);
#2286=EDGE_CURVE('',#1797,#1798,#1246,.T.);
#2287=EDGE_CURVE('',#1798,#1787,#1247,.T.);
#2288=EDGE_CURVE('',#1788,#1799,#1248,.T.);
#2289=EDGE_CURVE('',#1799,#1800,#1249,.T.);
#2290=EDGE_CURVE('',#1800,#1801,#1250,.T.);
#2291=EDGE_CURVE('',#1801,#1802,#1251,.T.);
#2292=EDGE_CURVE('',#1802,#1791,#1252,.T.);
#2293=EDGE_CURVE('',#1803,#1798,#1253,.T.);
#2294=EDGE_CURVE('',#1803,#1789,#1254,.T.);
#2295=EDGE_CURVE('',#1794,#1804,#1255,.T.);
#2296=EDGE_CURVE('',#1804,#1795,#1256,.T.);
#2297=EDGE_CURVE('',#1805,#1806,#26,.T.);
#2298=EDGE_CURVE('',#1805,#1807,#1257,.T.);
#2299=EDGE_CURVE('',#1807,#1808,#27,.T.);
#2300=EDGE_CURVE('',#1806,#1808,#1258,.T.);
#2301=EDGE_CURVE('',#1809,#1805,#28,.T.);
#2302=EDGE_CURVE('',#1809,#1810,#1259,.T.);
#2303=EDGE_CURVE('',#1810,#1807,#29,.T.);
#2304=EDGE_CURVE('',#1811,#1809,#30,.T.);
#2305=EDGE_CURVE('',#1811,#1812,#1260,.T.);
#2306=EDGE_CURVE('',#1812,#1810,#31,.T.);
#2307=EDGE_CURVE('',#1813,#1811,#32,.T.);
#2308=EDGE_CURVE('',#1813,#1814,#1261,.T.);
#2309=EDGE_CURVE('',#1814,#1812,#33,.T.);
#2310=EDGE_CURVE('',#1815,#1813,#34,.T.);
#2311=EDGE_CURVE('',#1815,#1816,#1262,.T.);
#2312=EDGE_CURVE('',#1816,#1814,#35,.T.);
#2313=EDGE_CURVE('',#1806,#1815,#36,.T.);
#2314=EDGE_CURVE('',#1808,#1816,#37,.T.);
#2315=EDGE_CURVE('',#1817,#1818,#38,.T.);
#2316=EDGE_CURVE('',#1817,#1819,#1263,.T.);
#2317=EDGE_CURVE('',#1819,#1820,#39,.T.);
#2318=EDGE_CURVE('',#1818,#1820,#1264,.T.);
#2319=EDGE_CURVE('',#1821,#1817,#40,.T.);
#2320=EDGE_CURVE('',#1821,#1822,#1265,.T.);
#2321=EDGE_CURVE('',#1822,#1819,#41,.T.);
#2322=EDGE_CURVE('',#1823,#1821,#42,.T.);
#2323=EDGE_CURVE('',#1823,#1824,#1266,.T.);
#2324=EDGE_CURVE('',#1824,#1822,#43,.T.);
#2325=EDGE_CURVE('',#1825,#1823,#44,.T.);
#2326=EDGE_CURVE('',#1825,#1826,#1267,.T.);
#2327=EDGE_CURVE('',#1826,#1824,#45,.T.);
#2328=EDGE_CURVE('',#1827,#1825,#46,.T.);
#2329=EDGE_CURVE('',#1827,#1828,#1268,.T.);
#2330=EDGE_CURVE('',#1828,#1826,#47,.T.);
#2331=EDGE_CURVE('',#1829,#1827,#48,.T.);
#2332=EDGE_CURVE('',#1829,#1830,#1269,.T.);
#2333=EDGE_CURVE('',#1830,#1828,#49,.T.);
#2334=EDGE_CURVE('',#1831,#1829,#50,.T.);
#2335=EDGE_CURVE('',#1831,#1832,#1270,.T.);
#2336=EDGE_CURVE('',#1832,#1830,#51,.T.);
#2337=EDGE_CURVE('',#1833,#1831,#52,.T.);
#2338=EDGE_CURVE('',#1833,#1834,#1271,.T.);
#2339=EDGE_CURVE('',#1834,#1832,#53,.T.);
#2340=EDGE_CURVE('',#1835,#1833,#54,.T.);
#2341=EDGE_CURVE('',#1835,#1836,#1272,.T.);
#2342=EDGE_CURVE('',#1836,#1834,#55,.T.);
#2343=EDGE_CURVE('',#1837,#1835,#56,.T.);
#2344=EDGE_CURVE('',#1837,#1838,#1273,.T.);
#2345=EDGE_CURVE('',#1838,#1836,#57,.T.);
#2346=EDGE_CURVE('',#1839,#1837,#58,.T.);
#2347=EDGE_CURVE('',#1839,#1840,#1274,.T.);
#2348=EDGE_CURVE('',#1840,#1838,#59,.T.);
#2349=EDGE_CURVE('',#1841,#1839,#60,.T.);
#2350=EDGE_CURVE('',#1841,#1842,#1275,.T.);
#2351=EDGE_CURVE('',#1842,#1840,#61,.T.);
#2352=EDGE_CURVE('',#1843,#1841,#62,.T.);
#2353=EDGE_CURVE('',#1843,#1844,#1276,.T.);
#2354=EDGE_CURVE('',#1844,#1842,#63,.T.);
#2355=EDGE_CURVE('',#1845,#1843,#64,.T.);
#2356=EDGE_CURVE('',#1845,#1846,#1277,.T.);
#2357=EDGE_CURVE('',#1846,#1844,#65,.T.);
#2358=EDGE_CURVE('',#1847,#1845,#66,.T.);
#2359=EDGE_CURVE('',#1847,#1848,#1278,.T.);
#2360=EDGE_CURVE('',#1848,#1846,#67,.T.);
#2361=EDGE_CURVE('',#1849,#1847,#68,.T.);
#2362=EDGE_CURVE('',#1849,#1850,#1279,.T.);
#2363=EDGE_CURVE('',#1850,#1848,#69,.T.);
#2364=EDGE_CURVE('',#1851,#1849,#70,.T.);
#2365=EDGE_CURVE('',#1851,#1852,#1280,.T.);
#2366=EDGE_CURVE('',#1852,#1850,#71,.T.);
#2367=EDGE_CURVE('',#1818,#1851,#1281,.T.);
#2368=EDGE_CURVE('',#1820,#1852,#1282,.T.);
#2369=EDGE_CURVE('',#1853,#1854,#72,.T.);
#2370=EDGE_CURVE('',#1853,#1855,#1283,.T.);
#2371=EDGE_CURVE('',#1855,#1856,#73,.T.);
#2372=EDGE_CURVE('',#1854,#1856,#1284,.T.);
#2373=EDGE_CURVE('',#1857,#1853,#74,.T.);
#2374=EDGE_CURVE('',#1857,#1858,#1285,.T.);
#2375=EDGE_CURVE('',#1858,#1855,#75,.T.);
#2376=EDGE_CURVE('',#1859,#1857,#76,.T.);
#2377=EDGE_CURVE('',#1859,#1860,#1286,.T.);
#2378=EDGE_CURVE('',#1860,#1858,#77,.T.);
#2379=EDGE_CURVE('',#1861,#1859,#78,.T.);
#2380=EDGE_CURVE('',#1861,#1862,#1287,.T.);
#2381=EDGE_CURVE('',#1862,#1860,#79,.T.);
#2382=EDGE_CURVE('',#1863,#1861,#80,.T.);
#2383=EDGE_CURVE('',#1863,#1864,#1288,.T.);
#2384=EDGE_CURVE('',#1864,#1862,#81,.T.);
#2385=EDGE_CURVE('',#1865,#1863,#82,.T.);
#2386=EDGE_CURVE('',#1865,#1866,#1289,.T.);
#2387=EDGE_CURVE('',#1866,#1864,#83,.T.);
#2388=EDGE_CURVE('',#1867,#1865,#84,.T.);
#2389=EDGE_CURVE('',#1867,#1868,#1290,.T.);
#2390=EDGE_CURVE('',#1868,#1866,#85,.T.);
#2391=EDGE_CURVE('',#1869,#1867,#86,.T.);
#2392=EDGE_CURVE('',#1869,#1870,#1291,.T.);
#2393=EDGE_CURVE('',#1870,#1868,#87,.T.);
#2394=EDGE_CURVE('',#1871,#1869,#88,.T.);
#2395=EDGE_CURVE('',#1871,#1872,#1292,.T.);
#2396=EDGE_CURVE('',#1872,#1870,#89,.T.);
#2397=EDGE_CURVE('',#1873,#1871,#90,.T.);
#2398=EDGE_CURVE('',#1873,#1874,#1293,.T.);
#2399=EDGE_CURVE('',#1874,#1872,#91,.T.);
#2400=EDGE_CURVE('',#1875,#1873,#92,.T.);
#2401=EDGE_CURVE('',#1875,#1876,#1294,.T.);
#2402=EDGE_CURVE('',#1876,#1874,#93,.T.);
#2403=EDGE_CURVE('',#1877,#1875,#94,.T.);
#2404=EDGE_CURVE('',#1877,#1878,#1295,.T.);
#2405=EDGE_CURVE('',#1878,#1876,#95,.T.);
#2406=EDGE_CURVE('',#1879,#1877,#96,.T.);
#2407=EDGE_CURVE('',#1879,#1880,#1296,.T.);
#2408=EDGE_CURVE('',#1880,#1878,#97,.T.);
#2409=EDGE_CURVE('',#1881,#1879,#98,.T.);
#2410=EDGE_CURVE('',#1881,#1882,#1297,.T.);
#2411=EDGE_CURVE('',#1882,#1880,#99,.T.);
#2412=EDGE_CURVE('',#1883,#1881,#100,.T.);
#2413=EDGE_CURVE('',#1883,#1884,#1298,.T.);
#2414=EDGE_CURVE('',#1884,#1882,#101,.T.);
#2415=EDGE_CURVE('',#1885,#1883,#102,.T.);
#2416=EDGE_CURVE('',#1885,#1886,#1299,.T.);
#2417=EDGE_CURVE('',#1886,#1884,#103,.T.);
#2418=EDGE_CURVE('',#1887,#1885,#104,.T.);
#2419=EDGE_CURVE('',#1887,#1888,#1300,.T.);
#2420=EDGE_CURVE('',#1888,#1886,#105,.T.);
#2421=EDGE_CURVE('',#1889,#1887,#106,.T.);
#2422=EDGE_CURVE('',#1889,#1890,#1301,.T.);
#2423=EDGE_CURVE('',#1890,#1888,#107,.T.);
#2424=EDGE_CURVE('',#1891,#1889,#108,.T.);
#2425=EDGE_CURVE('',#1891,#1892,#1302,.T.);
#2426=EDGE_CURVE('',#1892,#1890,#109,.T.);
#2427=EDGE_CURVE('',#1893,#1891,#110,.T.);
#2428=EDGE_CURVE('',#1893,#1894,#1303,.T.);
#2429=EDGE_CURVE('',#1894,#1892,#111,.T.);
#2430=EDGE_CURVE('',#1895,#1893,#112,.T.);
#2431=EDGE_CURVE('',#1895,#1896,#1304,.T.);
#2432=EDGE_CURVE('',#1896,#1894,#113,.T.);
#2433=EDGE_CURVE('',#1897,#1895,#114,.T.);
#2434=EDGE_CURVE('',#1897,#1898,#1305,.T.);
#2435=EDGE_CURVE('',#1898,#1896,#115,.T.);
#2436=EDGE_CURVE('',#1899,#1897,#116,.T.);
#2437=EDGE_CURVE('',#1899,#1900,#1306,.T.);
#2438=EDGE_CURVE('',#1900,#1898,#117,.T.);
#2439=EDGE_CURVE('',#1901,#1899,#118,.T.);
#2440=EDGE_CURVE('',#1901,#1902,#1307,.T.);
#2441=EDGE_CURVE('',#1902,#1900,#119,.T.);
#2442=EDGE_CURVE('',#1903,#1901,#120,.T.);
#2443=EDGE_CURVE('',#1903,#1904,#1308,.T.);
#2444=EDGE_CURVE('',#1904,#1902,#121,.T.);
#2445=EDGE_CURVE('',#1905,#1903,#122,.T.);
#2446=EDGE_CURVE('',#1905,#1906,#1309,.T.);
#2447=EDGE_CURVE('',#1906,#1904,#123,.T.);
#2448=EDGE_CURVE('',#1907,#1905,#124,.T.);
#2449=EDGE_CURVE('',#1907,#1908,#1310,.T.);
#2450=EDGE_CURVE('',#1908,#1906,#125,.T.);
#2451=EDGE_CURVE('',#1909,#1907,#126,.T.);
#2452=EDGE_CURVE('',#1909,#1910,#1311,.T.);
#2453=EDGE_CURVE('',#1910,#1908,#127,.T.);
#2454=EDGE_CURVE('',#1911,#1909,#128,.T.);
#2455=EDGE_CURVE('',#1911,#1912,#1312,.T.);
#2456=EDGE_CURVE('',#1912,#1910,#129,.T.);
#2457=EDGE_CURVE('',#1913,#1911,#130,.T.);
#2458=EDGE_CURVE('',#1913,#1914,#1313,.T.);
#2459=EDGE_CURVE('',#1914,#1912,#131,.T.);
#2460=EDGE_CURVE('',#1915,#1913,#132,.T.);
#2461=EDGE_CURVE('',#1915,#1916,#1314,.T.);
#2462=EDGE_CURVE('',#1916,#1914,#133,.T.);
#2463=EDGE_CURVE('',#1917,#1915,#134,.T.);
#2464=EDGE_CURVE('',#1917,#1918,#1315,.T.);
#2465=EDGE_CURVE('',#1918,#1916,#135,.T.);
#2466=EDGE_CURVE('',#1919,#1917,#136,.T.);
#2467=EDGE_CURVE('',#1919,#1920,#1316,.T.);
#2468=EDGE_CURVE('',#1920,#1918,#137,.T.);
#2469=EDGE_CURVE('',#1921,#1919,#138,.T.);
#2470=EDGE_CURVE('',#1921,#1922,#1317,.T.);
#2471=EDGE_CURVE('',#1922,#1920,#139,.T.);
#2472=EDGE_CURVE('',#1923,#1921,#140,.T.);
#2473=EDGE_CURVE('',#1923,#1924,#1318,.T.);
#2474=EDGE_CURVE('',#1924,#1922,#141,.T.);
#2475=EDGE_CURVE('',#1854,#1923,#142,.T.);
#2476=EDGE_CURVE('',#1856,#1924,#143,.T.);
#2477=EDGE_CURVE('',#1925,#1926,#144,.T.);
#2478=EDGE_CURVE('',#1925,#1927,#1319,.T.);
#2479=EDGE_CURVE('',#1927,#1928,#145,.T.);
#2480=EDGE_CURVE('',#1926,#1928,#1320,.T.);
#2481=EDGE_CURVE('',#1929,#1925,#146,.T.);
#2482=EDGE_CURVE('',#1929,#1930,#1321,.T.);
#2483=EDGE_CURVE('',#1930,#1927,#147,.T.);
#2484=EDGE_CURVE('',#1931,#1929,#148,.T.);
#2485=EDGE_CURVE('',#1931,#1932,#1322,.T.);
#2486=EDGE_CURVE('',#1932,#1930,#149,.T.);
#2487=EDGE_CURVE('',#1933,#1931,#150,.T.);
#2488=EDGE_CURVE('',#1933,#1934,#1323,.T.);
#2489=EDGE_CURVE('',#1934,#1932,#151,.T.);
#2490=EDGE_CURVE('',#1935,#1933,#152,.T.);
#2491=EDGE_CURVE('',#1935,#1936,#1324,.T.);
#2492=EDGE_CURVE('',#1936,#1934,#153,.T.);
#2493=EDGE_CURVE('',#1937,#1935,#154,.T.);
#2494=EDGE_CURVE('',#1937,#1938,#1325,.T.);
#2495=EDGE_CURVE('',#1938,#1936,#155,.T.);
#2496=EDGE_CURVE('',#1939,#1937,#156,.T.);
#2497=EDGE_CURVE('',#1939,#1940,#1326,.T.);
#2498=EDGE_CURVE('',#1940,#1938,#157,.T.);
#2499=EDGE_CURVE('',#1941,#1939,#158,.T.);
#2500=EDGE_CURVE('',#1941,#1942,#1327,.T.);
#2501=EDGE_CURVE('',#1942,#1940,#159,.T.);
#2502=EDGE_CURVE('',#1943,#1941,#160,.T.);
#2503=EDGE_CURVE('',#1943,#1944,#1328,.T.);
#2504=EDGE_CURVE('',#1944,#1942,#161,.T.);
#2505=EDGE_CURVE('',#1945,#1943,#162,.T.);
#2506=EDGE_CURVE('',#1945,#1946,#1329,.T.);
#2507=EDGE_CURVE('',#1946,#1944,#163,.T.);
#2508=EDGE_CURVE('',#1947,#1945,#164,.T.);
#2509=EDGE_CURVE('',#1947,#1948,#1330,.T.);
#2510=EDGE_CURVE('',#1948,#1946,#165,.T.);
#2511=EDGE_CURVE('',#1949,#1947,#166,.T.);
#2512=EDGE_CURVE('',#1949,#1950,#1331,.T.);
#2513=EDGE_CURVE('',#1950,#1948,#167,.T.);
#2514=EDGE_CURVE('',#1951,#1949,#168,.T.);
#2515=EDGE_CURVE('',#1951,#1952,#1332,.T.);
#2516=EDGE_CURVE('',#1952,#1950,#169,.T.);
#2517=EDGE_CURVE('',#1953,#1951,#170,.T.);
#2518=EDGE_CURVE('',#1953,#1954,#1333,.T.);
#2519=EDGE_CURVE('',#1954,#1952,#171,.T.);
#2520=EDGE_CURVE('',#1955,#1953,#172,.T.);
#2521=EDGE_CURVE('',#1955,#1956,#1334,.T.);
#2522=EDGE_CURVE('',#1956,#1954,#173,.T.);
#2523=EDGE_CURVE('',#1957,#1955,#174,.T.);
#2524=EDGE_CURVE('',#1957,#1958,#1335,.T.);
#2525=EDGE_CURVE('',#1958,#1956,#175,.T.);
#2526=EDGE_CURVE('',#1959,#1957,#176,.T.);
#2527=EDGE_CURVE('',#1959,#1960,#1336,.T.);
#2528=EDGE_CURVE('',#1960,#1958,#177,.T.);
#2529=EDGE_CURVE('',#1961,#1959,#178,.T.);
#2530=EDGE_CURVE('',#1961,#1962,#1337,.T.);
#2531=EDGE_CURVE('',#1962,#1960,#179,.T.);
#2532=EDGE_CURVE('',#1963,#1961,#180,.T.);
#2533=EDGE_CURVE('',#1963,#1964,#1338,.T.);
#2534=EDGE_CURVE('',#1964,#1962,#181,.T.);
#2535=EDGE_CURVE('',#1965,#1963,#182,.T.);
#2536=EDGE_CURVE('',#1965,#1966,#1339,.T.);
#2537=EDGE_CURVE('',#1966,#1964,#183,.T.);
#2538=EDGE_CURVE('',#1967,#1965,#184,.T.);
#2539=EDGE_CURVE('',#1967,#1968,#1340,.T.);
#2540=EDGE_CURVE('',#1968,#1966,#185,.T.);
#2541=EDGE_CURVE('',#1969,#1967,#186,.T.);
#2542=EDGE_CURVE('',#1969,#1970,#1341,.T.);
#2543=EDGE_CURVE('',#1970,#1968,#187,.T.);
#2544=EDGE_CURVE('',#1971,#1969,#188,.T.);
#2545=EDGE_CURVE('',#1971,#1972,#1342,.T.);
#2546=EDGE_CURVE('',#1972,#1970,#189,.T.);
#2547=EDGE_CURVE('',#1973,#1971,#190,.T.);
#2548=EDGE_CURVE('',#1973,#1974,#1343,.T.);
#2549=EDGE_CURVE('',#1974,#1972,#191,.T.);
#2550=EDGE_CURVE('',#1975,#1973,#192,.T.);
#2551=EDGE_CURVE('',#1975,#1976,#1344,.T.);
#2552=EDGE_CURVE('',#1976,#1974,#193,.T.);
#2553=EDGE_CURVE('',#1977,#1975,#194,.T.);
#2554=EDGE_CURVE('',#1977,#1978,#1345,.T.);
#2555=EDGE_CURVE('',#1978,#1976,#195,.T.);
#2556=EDGE_CURVE('',#1979,#1977,#196,.T.);
#2557=EDGE_CURVE('',#1979,#1980,#1346,.T.);
#2558=EDGE_CURVE('',#1980,#1978,#197,.T.);
#2559=EDGE_CURVE('',#1981,#1979,#198,.T.);
#2560=EDGE_CURVE('',#1981,#1982,#1347,.T.);
#2561=EDGE_CURVE('',#1982,#1980,#199,.T.);
#2562=EDGE_CURVE('',#1983,#1981,#200,.T.);
#2563=EDGE_CURVE('',#1983,#1984,#1348,.T.);
#2564=EDGE_CURVE('',#1984,#1982,#201,.T.);
#2565=EDGE_CURVE('',#1985,#1983,#202,.T.);
#2566=EDGE_CURVE('',#1985,#1986,#1349,.T.);
#2567=EDGE_CURVE('',#1986,#1984,#203,.T.);
#2568=EDGE_CURVE('',#1987,#1985,#204,.T.);
#2569=EDGE_CURVE('',#1987,#1988,#1350,.T.);
#2570=EDGE_CURVE('',#1988,#1986,#205,.T.);
#2571=EDGE_CURVE('',#1989,#1987,#206,.T.);
#2572=EDGE_CURVE('',#1989,#1990,#1351,.T.);
#2573=EDGE_CURVE('',#1990,#1988,#207,.T.);
#2574=EDGE_CURVE('',#1991,#1989,#208,.T.);
#2575=EDGE_CURVE('',#1991,#1992,#1352,.T.);
#2576=EDGE_CURVE('',#1992,#1990,#209,.T.);
#2577=EDGE_CURVE('',#1993,#1991,#210,.T.);
#2578=EDGE_CURVE('',#1993,#1994,#1353,.T.);
#2579=EDGE_CURVE('',#1994,#1992,#211,.T.);
#2580=EDGE_CURVE('',#1995,#1993,#212,.T.);
#2581=EDGE_CURVE('',#1995,#1996,#1354,.T.);
#2582=EDGE_CURVE('',#1996,#1994,#213,.T.);
#2583=EDGE_CURVE('',#1997,#1995,#214,.T.);
#2584=EDGE_CURVE('',#1997,#1998,#1355,.T.);
#2585=EDGE_CURVE('',#1998,#1996,#215,.T.);
#2586=EDGE_CURVE('',#1999,#1997,#216,.T.);
#2587=EDGE_CURVE('',#1999,#2000,#1356,.T.);
#2588=EDGE_CURVE('',#2000,#1998,#217,.T.);
#2589=EDGE_CURVE('',#2001,#1999,#218,.T.);
#2590=EDGE_CURVE('',#2001,#2002,#1357,.T.);
#2591=EDGE_CURVE('',#2002,#2000,#219,.T.);
#2592=EDGE_CURVE('',#2003,#2001,#220,.T.);
#2593=EDGE_CURVE('',#2003,#2004,#1358,.T.);
#2594=EDGE_CURVE('',#2004,#2002,#221,.T.);
#2595=EDGE_CURVE('',#2005,#2003,#222,.T.);
#2596=EDGE_CURVE('',#2005,#2006,#1359,.T.);
#2597=EDGE_CURVE('',#2006,#2004,#223,.T.);
#2598=EDGE_CURVE('',#2007,#2005,#224,.T.);
#2599=EDGE_CURVE('',#2007,#2008,#1360,.T.);
#2600=EDGE_CURVE('',#2008,#2006,#225,.T.);
#2601=EDGE_CURVE('',#2009,#2007,#226,.T.);
#2602=EDGE_CURVE('',#2009,#2010,#1361,.T.);
#2603=EDGE_CURVE('',#2010,#2008,#227,.T.);
#2604=EDGE_CURVE('',#2011,#2009,#228,.T.);
#2605=EDGE_CURVE('',#2011,#2012,#1362,.T.);
#2606=EDGE_CURVE('',#2012,#2010,#229,.T.);
#2607=EDGE_CURVE('',#2013,#2011,#230,.T.);
#2608=EDGE_CURVE('',#2013,#2014,#1363,.T.);
#2609=EDGE_CURVE('',#2014,#2012,#231,.T.);
#2610=EDGE_CURVE('',#2015,#2013,#232,.T.);
#2611=EDGE_CURVE('',#2015,#2016,#1364,.T.);
#2612=EDGE_CURVE('',#2016,#2014,#233,.T.);
#2613=EDGE_CURVE('',#2017,#2015,#234,.T.);
#2614=EDGE_CURVE('',#2017,#2018,#1365,.T.);
#2615=EDGE_CURVE('',#2018,#2016,#235,.T.);
#2616=EDGE_CURVE('',#2019,#2017,#236,.T.);
#2617=EDGE_CURVE('',#2019,#2020,#1366,.T.);
#2618=EDGE_CURVE('',#2020,#2018,#237,.T.);
#2619=EDGE_CURVE('',#2021,#2019,#238,.T.);
#2620=EDGE_CURVE('',#2021,#2022,#1367,.T.);
#2621=EDGE_CURVE('',#2022,#2020,#239,.T.);
#2622=EDGE_CURVE('',#2023,#2021,#240,.T.);
#2623=EDGE_CURVE('',#2023,#2024,#1368,.T.);
#2624=EDGE_CURVE('',#2024,#2022,#241,.T.);
#2625=EDGE_CURVE('',#2025,#2023,#242,.T.);
#2626=EDGE_CURVE('',#2025,#2026,#1369,.T.);
#2627=EDGE_CURVE('',#2026,#2024,#243,.T.);
#2628=EDGE_CURVE('',#2027,#2025,#244,.T.);
#2629=EDGE_CURVE('',#2027,#2028,#1370,.T.);
#2630=EDGE_CURVE('',#2028,#2026,#245,.T.);
#2631=EDGE_CURVE('',#2029,#2027,#246,.T.);
#2632=EDGE_CURVE('',#2029,#2030,#1371,.T.);
#2633=EDGE_CURVE('',#2030,#2028,#247,.T.);
#2634=EDGE_CURVE('',#2031,#2029,#248,.T.);
#2635=EDGE_CURVE('',#2031,#2032,#1372,.T.);
#2636=EDGE_CURVE('',#2032,#2030,#249,.T.);
#2637=EDGE_CURVE('',#2033,#2031,#250,.T.);
#2638=EDGE_CURVE('',#2033,#2034,#1373,.T.);
#2639=EDGE_CURVE('',#2034,#2032,#251,.T.);
#2640=EDGE_CURVE('',#2035,#2033,#252,.T.);
#2641=EDGE_CURVE('',#2035,#2036,#1374,.T.);
#2642=EDGE_CURVE('',#2036,#2034,#253,.T.);
#2643=EDGE_CURVE('',#2037,#2035,#254,.T.);
#2644=EDGE_CURVE('',#2037,#2038,#1375,.T.);
#2645=EDGE_CURVE('',#2038,#2036,#255,.T.);
#2646=EDGE_CURVE('',#2039,#2037,#256,.T.);
#2647=EDGE_CURVE('',#2039,#2040,#1376,.T.);
#2648=EDGE_CURVE('',#2040,#2038,#257,.T.);
#2649=EDGE_CURVE('',#2041,#2039,#258,.T.);
#2650=EDGE_CURVE('',#2041,#2042,#1377,.T.);
#2651=EDGE_CURVE('',#2042,#2040,#259,.T.);
#2652=EDGE_CURVE('',#2043,#2041,#260,.T.);
#2653=EDGE_CURVE('',#2043,#2044,#1378,.T.);
#2654=EDGE_CURVE('',#2044,#2042,#261,.T.);
#2655=EDGE_CURVE('',#2045,#2043,#262,.T.);
#2656=EDGE_CURVE('',#2045,#2046,#1379,.T.);
#2657=EDGE_CURVE('',#2046,#2044,#263,.T.);
#2658=EDGE_CURVE('',#2047,#2045,#264,.T.);
#2659=EDGE_CURVE('',#2047,#2048,#1380,.T.);
#2660=EDGE_CURVE('',#2048,#2046,#265,.T.);
#2661=EDGE_CURVE('',#2049,#2047,#266,.T.);
#2662=EDGE_CURVE('',#2049,#2050,#1381,.T.);
#2663=EDGE_CURVE('',#2050,#2048,#267,.T.);
#2664=EDGE_CURVE('',#1926,#2049,#268,.T.);
#2665=EDGE_CURVE('',#1928,#2050,#269,.T.);
#2666=EDGE_CURVE('',#2051,#2052,#270,.T.);
#2667=EDGE_CURVE('',#2051,#2053,#1382,.T.);
#2668=EDGE_CURVE('',#2053,#2054,#271,.T.);
#2669=EDGE_CURVE('',#2052,#2054,#1383,.T.);
#2670=EDGE_CURVE('',#2055,#2051,#272,.T.);
#2671=EDGE_CURVE('',#2055,#2056,#1384,.T.);
#2672=EDGE_CURVE('',#2056,#2053,#273,.T.);
#2673=EDGE_CURVE('',#2057,#2055,#274,.T.);
#2674=EDGE_CURVE('',#2057,#2058,#1385,.T.);
#2675=EDGE_CURVE('',#2058,#2056,#275,.T.);
#2676=EDGE_CURVE('',#2059,#2057,#276,.T.);
#2677=EDGE_CURVE('',#2059,#2060,#1386,.T.);
#2678=EDGE_CURVE('',#2060,#2058,#277,.T.);
#2679=EDGE_CURVE('',#2052,#2059,#278,.T.);
#2680=EDGE_CURVE('',#2054,#2060,#279,.T.);
#2681=EDGE_CURVE('',#2061,#2062,#280,.T.);
#2682=EDGE_CURVE('',#2061,#2063,#1387,.T.);
#2683=EDGE_CURVE('',#2063,#2064,#281,.T.);
#2684=EDGE_CURVE('',#2062,#2064,#1388,.T.);
#2685=EDGE_CURVE('',#2065,#2061,#282,.T.);
#2686=EDGE_CURVE('',#2065,#2066,#1389,.T.);
#2687=EDGE_CURVE('',#2066,#2063,#283,.T.);
#2688=EDGE_CURVE('',#2067,#2065,#284,.T.);
#2689=EDGE_CURVE('',#2067,#2068,#1390,.T.);
#2690=EDGE_CURVE('',#2068,#2066,#285,.T.);
#2691=EDGE_CURVE('',#2069,#2067,#286,.T.);
#2692=EDGE_CURVE('',#2069,#2070,#1391,.T.);
#2693=EDGE_CURVE('',#2070,#2068,#287,.T.);
#2694=EDGE_CURVE('',#2071,#2069,#288,.T.);
#2695=EDGE_CURVE('',#2071,#2072,#1392,.T.);
#2696=EDGE_CURVE('',#2072,#2070,#289,.T.);
#2697=EDGE_CURVE('',#2073,#2071,#290,.T.);
#2698=EDGE_CURVE('',#2073,#2074,#1393,.T.);
#2699=EDGE_CURVE('',#2074,#2072,#291,.T.);
#2700=EDGE_CURVE('',#2075,#2073,#292,.T.);
#2701=EDGE_CURVE('',#2075,#2076,#1394,.T.);
#2702=EDGE_CURVE('',#2076,#2074,#293,.T.);
#2703=EDGE_CURVE('',#2077,#2075,#294,.T.);
#2704=EDGE_CURVE('',#2077,#2078,#1395,.T.);
#2705=EDGE_CURVE('',#2078,#2076,#295,.T.);
#2706=EDGE_CURVE('',#2079,#2077,#296,.T.);
#2707=EDGE_CURVE('',#2079,#2080,#1396,.T.);
#2708=EDGE_CURVE('',#2080,#2078,#297,.T.);
#2709=EDGE_CURVE('',#2081,#2079,#298,.T.);
#2710=EDGE_CURVE('',#2081,#2082,#1397,.T.);
#2711=EDGE_CURVE('',#2082,#2080,#299,.T.);
#2712=EDGE_CURVE('',#2083,#2081,#300,.T.);
#2713=EDGE_CURVE('',#2083,#2084,#1398,.T.);
#2714=EDGE_CURVE('',#2084,#2082,#301,.T.);
#2715=EDGE_CURVE('',#2085,#2083,#302,.T.);
#2716=EDGE_CURVE('',#2085,#2086,#1399,.T.);
#2717=EDGE_CURVE('',#2086,#2084,#303,.T.);
#2718=EDGE_CURVE('',#2087,#2085,#304,.T.);
#2719=EDGE_CURVE('',#2087,#2088,#1400,.T.);
#2720=EDGE_CURVE('',#2088,#2086,#305,.T.);
#2721=EDGE_CURVE('',#2089,#2087,#306,.T.);
#2722=EDGE_CURVE('',#2089,#2090,#1401,.T.);
#2723=EDGE_CURVE('',#2090,#2088,#307,.T.);
#2724=EDGE_CURVE('',#2091,#2089,#308,.T.);
#2725=EDGE_CURVE('',#2091,#2092,#1402,.T.);
#2726=EDGE_CURVE('',#2092,#2090,#309,.T.);
#2727=EDGE_CURVE('',#2093,#2091,#310,.T.);
#2728=EDGE_CURVE('',#2093,#2094,#1403,.T.);
#2729=EDGE_CURVE('',#2094,#2092,#311,.T.);
#2730=EDGE_CURVE('',#2095,#2093,#312,.T.);
#2731=EDGE_CURVE('',#2095,#2096,#1404,.T.);
#2732=EDGE_CURVE('',#2096,#2094,#313,.T.);
#2733=EDGE_CURVE('',#2097,#2095,#314,.T.);
#2734=EDGE_CURVE('',#2097,#2098,#1405,.T.);
#2735=EDGE_CURVE('',#2098,#2096,#315,.T.);
#2736=EDGE_CURVE('',#2099,#2097,#316,.T.);
#2737=EDGE_CURVE('',#2099,#2100,#1406,.T.);
#2738=EDGE_CURVE('',#2100,#2098,#317,.T.);
#2739=EDGE_CURVE('',#2062,#2099,#318,.T.);
#2740=EDGE_CURVE('',#2064,#2100,#319,.T.);
#2741=EDGE_CURVE('',#2101,#2102,#320,.T.);
#2742=EDGE_CURVE('',#2101,#2103,#1407,.T.);
#2743=EDGE_CURVE('',#2103,#2104,#321,.T.);
#2744=EDGE_CURVE('',#2102,#2104,#1408,.T.);
#2745=EDGE_CURVE('',#2105,#2101,#322,.T.);
#2746=EDGE_CURVE('',#2105,#2106,#1409,.T.);
#2747=EDGE_CURVE('',#2106,#2103,#323,.T.);
#2748=EDGE_CURVE('',#2107,#2105,#324,.T.);
#2749=EDGE_CURVE('',#2107,#2108,#1410,.T.);
#2750=EDGE_CURVE('',#2108,#2106,#325,.T.);
#2751=EDGE_CURVE('',#2109,#2107,#326,.T.);
#2752=EDGE_CURVE('',#2109,#2110,#1411,.T.);
#2753=EDGE_CURVE('',#2110,#2108,#327,.T.);
#2754=EDGE_CURVE('',#2111,#2109,#328,.T.);
#2755=EDGE_CURVE('',#2111,#2112,#1412,.T.);
#2756=EDGE_CURVE('',#2112,#2110,#329,.T.);
#2757=EDGE_CURVE('',#2113,#2111,#330,.T.);
#2758=EDGE_CURVE('',#2113,#2114,#1413,.T.);
#2759=EDGE_CURVE('',#2114,#2112,#331,.T.);
#2760=EDGE_CURVE('',#2115,#2113,#332,.T.);
#2761=EDGE_CURVE('',#2115,#2116,#1414,.T.);
#2762=EDGE_CURVE('',#2116,#2114,#333,.T.);
#2763=EDGE_CURVE('',#2117,#2115,#334,.T.);
#2764=EDGE_CURVE('',#2117,#2118,#1415,.T.);
#2765=EDGE_CURVE('',#2118,#2116,#335,.T.);
#2766=EDGE_CURVE('',#2119,#2117,#336,.T.);
#2767=EDGE_CURVE('',#2119,#2120,#1416,.T.);
#2768=EDGE_CURVE('',#2120,#2118,#337,.T.);
#2769=EDGE_CURVE('',#2121,#2119,#338,.T.);
#2770=EDGE_CURVE('',#2121,#2122,#1417,.T.);
#2771=EDGE_CURVE('',#2122,#2120,#339,.T.);
#2772=EDGE_CURVE('',#2123,#2121,#340,.T.);
#2773=EDGE_CURVE('',#2123,#2124,#1418,.T.);
#2774=EDGE_CURVE('',#2124,#2122,#341,.T.);
#2775=EDGE_CURVE('',#2125,#2123,#342,.T.);
#2776=EDGE_CURVE('',#2125,#2126,#1419,.T.);
#2777=EDGE_CURVE('',#2126,#2124,#343,.T.);
#2778=EDGE_CURVE('',#2127,#2125,#344,.T.);
#2779=EDGE_CURVE('',#2127,#2128,#1420,.T.);
#2780=EDGE_CURVE('',#2128,#2126,#345,.T.);
#2781=EDGE_CURVE('',#2129,#2127,#346,.T.);
#2782=EDGE_CURVE('',#2129,#2130,#1421,.T.);
#2783=EDGE_CURVE('',#2130,#2128,#347,.T.);
#2784=EDGE_CURVE('',#2131,#2129,#348,.T.);
#2785=EDGE_CURVE('',#2131,#2132,#1422,.T.);
#2786=EDGE_CURVE('',#2132,#2130,#349,.T.);
#2787=EDGE_CURVE('',#2133,#2131,#350,.T.);
#2788=EDGE_CURVE('',#2133,#2134,#1423,.T.);
#2789=EDGE_CURVE('',#2134,#2132,#351,.T.);
#2790=EDGE_CURVE('',#2135,#2133,#352,.T.);
#2791=EDGE_CURVE('',#2135,#2136,#1424,.T.);
#2792=EDGE_CURVE('',#2136,#2134,#353,.T.);
#2793=EDGE_CURVE('',#2137,#2135,#354,.T.);
#2794=EDGE_CURVE('',#2137,#2138,#1425,.T.);
#2795=EDGE_CURVE('',#2138,#2136,#355,.T.);
#2796=EDGE_CURVE('',#2139,#2137,#356,.T.);
#2797=EDGE_CURVE('',#2139,#2140,#1426,.T.);
#2798=EDGE_CURVE('',#2140,#2138,#357,.T.);
#2799=EDGE_CURVE('',#2141,#2139,#358,.T.);
#2800=EDGE_CURVE('',#2141,#2142,#1427,.T.);
#2801=EDGE_CURVE('',#2142,#2140,#359,.T.);
#2802=EDGE_CURVE('',#2143,#2141,#1428,.T.);
#2803=EDGE_CURVE('',#2143,#2144,#1429,.T.);
#2804=EDGE_CURVE('',#2144,#2142,#1430,.T.);
#2805=EDGE_CURVE('',#2145,#2143,#360,.T.);
#2806=EDGE_CURVE('',#2145,#2146,#1431,.T.);
#2807=EDGE_CURVE('',#2146,#2144,#361,.T.);
#2808=EDGE_CURVE('',#2147,#2145,#362,.T.);
#2809=EDGE_CURVE('',#2147,#2148,#1432,.T.);
#2810=EDGE_CURVE('',#2148,#2146,#363,.T.);
#2811=EDGE_CURVE('',#2149,#2147,#364,.T.);
#2812=EDGE_CURVE('',#2149,#2150,#1433,.T.);
#2813=EDGE_CURVE('',#2150,#2148,#365,.T.);
#2814=EDGE_CURVE('',#2151,#2149,#366,.T.);
#2815=EDGE_CURVE('',#2151,#2152,#1434,.T.);
#2816=EDGE_CURVE('',#2152,#2150,#367,.T.);
#2817=EDGE_CURVE('',#2153,#2151,#368,.T.);
#2818=EDGE_CURVE('',#2153,#2154,#1435,.T.);
#2819=EDGE_CURVE('',#2154,#2152,#369,.T.);
#2820=EDGE_CURVE('',#2102,#2153,#370,.T.);
#2821=EDGE_CURVE('',#2104,#2154,#371,.T.);
#2822=EDGE_CURVE('',#2155,#2156,#372,.T.);
#2823=EDGE_CURVE('',#2155,#2157,#1436,.T.);
#2824=EDGE_CURVE('',#2157,#2158,#373,.T.);
#2825=EDGE_CURVE('',#2156,#2158,#1437,.T.);
#2826=EDGE_CURVE('',#2159,#2155,#374,.T.);
#2827=EDGE_CURVE('',#2159,#2160,#1438,.T.);
#2828=EDGE_CURVE('',#2160,#2157,#375,.T.);
#2829=EDGE_CURVE('',#2161,#2159,#376,.T.);
#2830=EDGE_CURVE('',#2161,#2162,#1439,.T.);
#2831=EDGE_CURVE('',#2162,#2160,#377,.T.);
#2832=EDGE_CURVE('',#2163,#2161,#378,.T.);
#2833=EDGE_CURVE('',#2163,#2164,#1440,.T.);
#2834=EDGE_CURVE('',#2164,#2162,#379,.T.);
#2835=EDGE_CURVE('',#2165,#2163,#380,.T.);
#2836=EDGE_CURVE('',#2165,#2166,#1441,.T.);
#2837=EDGE_CURVE('',#2166,#2164,#381,.T.);
#2838=EDGE_CURVE('',#2156,#2165,#382,.T.);
#2839=EDGE_CURVE('',#2158,#2166,#383,.T.);
#2840=EDGE_CURVE('',#2167,#2168,#384,.T.);
#2841=EDGE_CURVE('',#2167,#2169,#1442,.T.);
#2842=EDGE_CURVE('',#2169,#2170,#385,.T.);
#2843=EDGE_CURVE('',#2168,#2170,#1443,.T.);
#2844=EDGE_CURVE('',#2171,#2167,#386,.T.);
#2845=EDGE_CURVE('',#2171,#2172,#1444,.T.);
#2846=EDGE_CURVE('',#2172,#2169,#387,.T.);
#2847=EDGE_CURVE('',#2173,#2171,#388,.T.);
#2848=EDGE_CURVE('',#2173,#2174,#1445,.T.);
#2849=EDGE_CURVE('',#2174,#2172,#389,.T.);
#2850=EDGE_CURVE('',#2175,#2173,#390,.T.);
#2851=EDGE_CURVE('',#2175,#2176,#1446,.T.);
#2852=EDGE_CURVE('',#2176,#2174,#391,.T.);
#2853=EDGE_CURVE('',#2177,#2175,#392,.T.);
#2854=EDGE_CURVE('',#2177,#2178,#1447,.T.);
#2855=EDGE_CURVE('',#2178,#2176,#393,.T.);
#2856=EDGE_CURVE('',#2179,#2177,#394,.T.);
#2857=EDGE_CURVE('',#2179,#2180,#1448,.T.);
#2858=EDGE_CURVE('',#2180,#2178,#395,.T.);
#2859=EDGE_CURVE('',#2181,#2179,#396,.T.);
#2860=EDGE_CURVE('',#2181,#2182,#1449,.T.);
#2861=EDGE_CURVE('',#2182,#2180,#397,.T.);
#2862=EDGE_CURVE('',#2183,#2181,#398,.T.);
#2863=EDGE_CURVE('',#2183,#2184,#1450,.T.);
#2864=EDGE_CURVE('',#2184,#2182,#399,.T.);
#2865=EDGE_CURVE('',#2185,#2183,#400,.T.);
#2866=EDGE_CURVE('',#2185,#2186,#1451,.T.);
#2867=EDGE_CURVE('',#2186,#2184,#401,.T.);
#2868=EDGE_CURVE('',#2187,#2185,#402,.T.);
#2869=EDGE_CURVE('',#2187,#2188,#1452,.T.);
#2870=EDGE_CURVE('',#2188,#2186,#403,.T.);
#2871=EDGE_CURVE('',#2189,#2187,#404,.T.);
#2872=EDGE_CURVE('',#2189,#2190,#1453,.T.);
#2873=EDGE_CURVE('',#2190,#2188,#405,.T.);
#2874=EDGE_CURVE('',#2191,#2189,#406,.T.);
#2875=EDGE_CURVE('',#2191,#2192,#1454,.T.);
#2876=EDGE_CURVE('',#2192,#2190,#407,.T.);
#2877=EDGE_CURVE('',#2193,#2191,#408,.T.);
#2878=EDGE_CURVE('',#2193,#2194,#1455,.T.);
#2879=EDGE_CURVE('',#2194,#2192,#409,.T.);
#2880=EDGE_CURVE('',#2195,#2193,#410,.T.);
#2881=EDGE_CURVE('',#2195,#2196,#1456,.T.);
#2882=EDGE_CURVE('',#2196,#2194,#411,.T.);
#2883=EDGE_CURVE('',#2197,#2195,#412,.T.);
#2884=EDGE_CURVE('',#2197,#2198,#1457,.T.);
#2885=EDGE_CURVE('',#2198,#2196,#413,.T.);
#2886=EDGE_CURVE('',#2199,#2197,#414,.T.);
#2887=EDGE_CURVE('',#2199,#2200,#1458,.T.);
#2888=EDGE_CURVE('',#2200,#2198,#415,.T.);
#2889=EDGE_CURVE('',#2201,#2199,#416,.T.);
#2890=EDGE_CURVE('',#2201,#2202,#1459,.T.);
#2891=EDGE_CURVE('',#2202,#2200,#417,.T.);
#2892=EDGE_CURVE('',#2168,#2201,#1460,.T.);
#2893=EDGE_CURVE('',#2170,#2202,#1461,.T.);
#2894=EDGE_CURVE('',#2203,#2204,#1462,.T.);
#2895=EDGE_CURVE('',#2203,#2205,#1463,.T.);
#2896=EDGE_CURVE('',#2205,#2206,#1464,.T.);
#2897=EDGE_CURVE('',#2204,#2206,#1465,.T.);
#2898=EDGE_CURVE('',#2207,#2203,#418,.T.);
#2899=EDGE_CURVE('',#2207,#2208,#1466,.T.);
#2900=EDGE_CURVE('',#2208,#2205,#419,.T.);
#2901=EDGE_CURVE('',#2209,#2207,#420,.T.);
#2902=EDGE_CURVE('',#2209,#2210,#1467,.T.);
#2903=EDGE_CURVE('',#2210,#2208,#421,.T.);
#2904=EDGE_CURVE('',#2211,#2209,#422,.T.);
#2905=EDGE_CURVE('',#2211,#2212,#1468,.T.);
#2906=EDGE_CURVE('',#2212,#2210,#423,.T.);
#2907=EDGE_CURVE('',#2213,#2211,#424,.T.);
#2908=EDGE_CURVE('',#2213,#2214,#1469,.T.);
#2909=EDGE_CURVE('',#2214,#2212,#425,.T.);
#2910=EDGE_CURVE('',#2215,#2213,#426,.T.);
#2911=EDGE_CURVE('',#2215,#2216,#1470,.T.);
#2912=EDGE_CURVE('',#2216,#2214,#427,.T.);
#2913=EDGE_CURVE('',#2217,#2215,#428,.T.);
#2914=EDGE_CURVE('',#2217,#2218,#1471,.T.);
#2915=EDGE_CURVE('',#2218,#2216,#429,.T.);
#2916=EDGE_CURVE('',#2219,#2217,#430,.T.);
#2917=EDGE_CURVE('',#2219,#2220,#1472,.T.);
#2918=EDGE_CURVE('',#2220,#2218,#431,.T.);
#2919=EDGE_CURVE('',#2221,#2219,#432,.T.);
#2920=EDGE_CURVE('',#2221,#2222,#1473,.T.);
#2921=EDGE_CURVE('',#2222,#2220,#433,.T.);
#2922=EDGE_CURVE('',#2223,#2221,#434,.T.);
#2923=EDGE_CURVE('',#2223,#2224,#1474,.T.);
#2924=EDGE_CURVE('',#2224,#2222,#435,.T.);
#2925=EDGE_CURVE('',#2204,#2223,#436,.T.);
#2926=EDGE_CURVE('',#2206,#2224,#437,.T.);
#2927=EDGE_CURVE('',#2225,#2226,#438,.T.);
#2928=EDGE_CURVE('',#2225,#2227,#1475,.T.);
#2929=EDGE_CURVE('',#2227,#2228,#439,.T.);
#2930=EDGE_CURVE('',#2226,#2228,#1476,.T.);
#2931=EDGE_CURVE('',#2229,#2225,#440,.T.);
#2932=EDGE_CURVE('',#2229,#2230,#1477,.T.);
#2933=EDGE_CURVE('',#2230,#2227,#441,.T.);
#2934=EDGE_CURVE('',#2231,#2229,#442,.T.);
#2935=EDGE_CURVE('',#2231,#2232,#1478,.T.);
#2936=EDGE_CURVE('',#2232,#2230,#443,.T.);
#2937=EDGE_CURVE('',#2233,#2231,#444,.T.);
#2938=EDGE_CURVE('',#2233,#2234,#1479,.T.);
#2939=EDGE_CURVE('',#2234,#2232,#445,.T.);
#2940=EDGE_CURVE('',#2235,#2233,#446,.T.);
#2941=EDGE_CURVE('',#2235,#2236,#1480,.T.);
#2942=EDGE_CURVE('',#2236,#2234,#447,.T.);
#2943=EDGE_CURVE('',#2237,#2235,#448,.T.);
#2944=EDGE_CURVE('',#2237,#2238,#1481,.T.);
#2945=EDGE_CURVE('',#2238,#2236,#449,.T.);
#2946=EDGE_CURVE('',#2239,#2237,#450,.T.);
#2947=EDGE_CURVE('',#2239,#2240,#1482,.T.);
#2948=EDGE_CURVE('',#2240,#2238,#451,.T.);
#2949=EDGE_CURVE('',#2241,#2239,#452,.T.);
#2950=EDGE_CURVE('',#2241,#2242,#1483,.T.);
#2951=EDGE_CURVE('',#2242,#2240,#453,.T.);
#2952=EDGE_CURVE('',#2243,#2241,#454,.T.);
#2953=EDGE_CURVE('',#2243,#2244,#1484,.T.);
#2954=EDGE_CURVE('',#2244,#2242,#455,.T.);
#2955=EDGE_CURVE('',#2245,#2243,#456,.T.);
#2956=EDGE_CURVE('',#2245,#2246,#1485,.T.);
#2957=EDGE_CURVE('',#2246,#2244,#457,.T.);
#2958=EDGE_CURVE('',#2247,#2245,#458,.T.);
#2959=EDGE_CURVE('',#2247,#2248,#1486,.T.);
#2960=EDGE_CURVE('',#2248,#2246,#459,.T.);
#2961=EDGE_CURVE('',#2249,#2247,#460,.T.);
#2962=EDGE_CURVE('',#2249,#2250,#1487,.T.);
#2963=EDGE_CURVE('',#2250,#2248,#461,.T.);
#2964=EDGE_CURVE('',#2251,#2249,#462,.T.);
#2965=EDGE_CURVE('',#2251,#2252,#1488,.T.);
#2966=EDGE_CURVE('',#2252,#2250,#463,.T.);
#2967=EDGE_CURVE('',#2253,#2251,#464,.T.);
#2968=EDGE_CURVE('',#2253,#2254,#1489,.T.);
#2969=EDGE_CURVE('',#2254,#2252,#465,.T.);
#2970=EDGE_CURVE('',#2255,#2253,#466,.T.);
#2971=EDGE_CURVE('',#2255,#2256,#1490,.T.);
#2972=EDGE_CURVE('',#2256,#2254,#467,.T.);
#2973=EDGE_CURVE('',#2257,#2255,#468,.T.);
#2974=EDGE_CURVE('',#2257,#2258,#1491,.T.);
#2975=EDGE_CURVE('',#2258,#2256,#469,.T.);
#2976=EDGE_CURVE('',#2259,#2257,#470,.T.);
#2977=EDGE_CURVE('',#2259,#2260,#1492,.T.);
#2978=EDGE_CURVE('',#2260,#2258,#471,.T.);
#2979=EDGE_CURVE('',#2261,#2259,#472,.T.);
#2980=EDGE_CURVE('',#2261,#2262,#1493,.T.);
#2981=EDGE_CURVE('',#2262,#2260,#473,.T.);
#2982=EDGE_CURVE('',#2263,#2261,#474,.T.);
#2983=EDGE_CURVE('',#2263,#2264,#1494,.T.);
#2984=EDGE_CURVE('',#2264,#2262,#475,.T.);
#2985=EDGE_CURVE('',#2265,#2263,#476,.T.);
#2986=EDGE_CURVE('',#2265,#2266,#1495,.T.);
#2987=EDGE_CURVE('',#2266,#2264,#477,.T.);
#2988=EDGE_CURVE('',#2267,#2265,#478,.T.);
#2989=EDGE_CURVE('',#2267,#2268,#1496,.T.);
#2990=EDGE_CURVE('',#2268,#2266,#479,.T.);
#2991=EDGE_CURVE('',#2226,#2267,#480,.T.);
#2992=EDGE_CURVE('',#2228,#2268,#481,.T.);
#2993=EDGE_CURVE('',#2269,#2270,#1497,.T.);
#2994=EDGE_CURVE('',#2270,#2271,#1498,.T.);
#2995=EDGE_CURVE('',#2271,#2272,#1499,.T.);
#2996=EDGE_CURVE('',#2272,#2269,#1500,.T.);
#2997=EDGE_CURVE('',#2273,#1803,#1501,.T.);
#2998=EDGE_CURVE('',#2274,#2273,#1502,.T.);
#2999=EDGE_CURVE('',#1804,#2274,#1503,.T.);
#3000=EDGE_CURVE('',#1790,#1793,#1504,.T.);
#3001=EDGE_CURVE('',#2273,#1797,#1505,.T.);
#3002=EDGE_CURVE('',#2274,#1796,#1506,.T.);
#3003=EDGE_CURVE('',#2270,#1802,#1507,.T.);
#3004=EDGE_CURVE('',#2271,#1801,#1508,.T.);
#3005=EDGE_CURVE('',#2272,#1800,#1509,.T.);
#3006=EDGE_CURVE('',#2269,#1799,#1510,.T.);
#3007=ORIENTED_EDGE('',*,*,#2275,.F.);
#3008=ORIENTED_EDGE('',*,*,#2276,.F.);
#3009=ORIENTED_EDGE('',*,*,#2277,.T.);
#3010=ORIENTED_EDGE('',*,*,#2278,.F.);
#3011=ORIENTED_EDGE('',*,*,#2279,.F.);
#3012=ORIENTED_EDGE('',*,*,#2280,.F.);
#3013=ORIENTED_EDGE('',*,*,#2281,.T.);
#3014=ORIENTED_EDGE('',*,*,#2282,.F.);
#3015=ORIENTED_EDGE('',*,*,#2279,.T.);
#3016=ORIENTED_EDGE('',*,*,#2283,.T.);
#3017=ORIENTED_EDGE('',*,*,#2284,.T.);
#3018=ORIENTED_EDGE('',*,*,#2285,.T.);
#3019=ORIENTED_EDGE('',*,*,#2286,.T.);
#3020=ORIENTED_EDGE('',*,*,#2287,.T.);
#3021=ORIENTED_EDGE('',*,*,#2275,.T.);
#3022=ORIENTED_EDGE('',*,*,#2288,.T.);
#3023=ORIENTED_EDGE('',*,*,#2289,.T.);
#3024=ORIENTED_EDGE('',*,*,#2290,.T.);
#3025=ORIENTED_EDGE('',*,*,#2291,.T.);
#3026=ORIENTED_EDGE('',*,*,#2292,.T.);
#3027=ORIENTED_EDGE('',*,*,#2276,.T.);
#3028=ORIENTED_EDGE('',*,*,#2287,.F.);
#3029=ORIENTED_EDGE('',*,*,#2293,.F.);
#3030=ORIENTED_EDGE('',*,*,#2294,.T.);
#3031=ORIENTED_EDGE('',*,*,#2282,.T.);
#3032=ORIENTED_EDGE('',*,*,#2295,.T.);
#3033=ORIENTED_EDGE('',*,*,#2296,.T.);
#3034=ORIENTED_EDGE('',*,*,#2283,.F.);
#3035=ORIENTED_EDGE('',*,*,#2297,.F.);
#3036=ORIENTED_EDGE('',*,*,#2298,.T.);
#3037=ORIENTED_EDGE('',*,*,#2299,.T.);
#3038=ORIENTED_EDGE('',*,*,#2300,.F.);
#3039=ORIENTED_EDGE('',*,*,#2301,.F.);
#3040=ORIENTED_EDGE('',*,*,#2302,.T.);
#3041=ORIENTED_EDGE('',*,*,#2303,.T.);
#3042=ORIENTED_EDGE('',*,*,#2298,.F.);
#3043=ORIENTED_EDGE('',*,*,#2304,.F.);
#3044=ORIENTED_EDGE('',*,*,#2305,.T.);
#3045=ORIENTED_EDGE('',*,*,#2306,.T.);
#3046=ORIENTED_EDGE('',*,*,#2302,.F.);
#3047=ORIENTED_EDGE('',*,*,#2307,.F.);
#3048=ORIENTED_EDGE('',*,*,#2308,.T.);
#3049=ORIENTED_EDGE('',*,*,#2309,.T.);
#3050=ORIENTED_EDGE('',*,*,#2305,.F.);
#3051=ORIENTED_EDGE('',*,*,#2310,.F.);
#3052=ORIENTED_EDGE('',*,*,#2311,.T.);
#3053=ORIENTED_EDGE('',*,*,#2312,.T.);
#3054=ORIENTED_EDGE('',*,*,#2308,.F.);
#3055=ORIENTED_EDGE('',*,*,#2313,.F.);
#3056=ORIENTED_EDGE('',*,*,#2300,.T.);
#3057=ORIENTED_EDGE('',*,*,#2314,.T.);
#3058=ORIENTED_EDGE('',*,*,#2311,.F.);
#3059=ORIENTED_EDGE('',*,*,#2315,.F.);
#3060=ORIENTED_EDGE('',*,*,#2316,.T.);
#3061=ORIENTED_EDGE('',*,*,#2317,.T.);
#3062=ORIENTED_EDGE('',*,*,#2318,.F.);
#3063=ORIENTED_EDGE('',*,*,#2319,.F.);
#3064=ORIENTED_EDGE('',*,*,#2320,.T.);
#3065=ORIENTED_EDGE('',*,*,#2321,.T.);
#3066=ORIENTED_EDGE('',*,*,#2316,.F.);
#3067=ORIENTED_EDGE('',*,*,#2322,.F.);
#3068=ORIENTED_EDGE('',*,*,#2323,.T.);
#3069=ORIENTED_EDGE('',*,*,#2324,.T.);
#3070=ORIENTED_EDGE('',*,*,#2320,.F.);
#3071=ORIENTED_EDGE('',*,*,#2325,.F.);
#3072=ORIENTED_EDGE('',*,*,#2326,.T.);
#3073=ORIENTED_EDGE('',*,*,#2327,.T.);
#3074=ORIENTED_EDGE('',*,*,#2323,.F.);
#3075=ORIENTED_EDGE('',*,*,#2328,.F.);
#3076=ORIENTED_EDGE('',*,*,#2329,.T.);
#3077=ORIENTED_EDGE('',*,*,#2330,.T.);
#3078=ORIENTED_EDGE('',*,*,#2326,.F.);
#3079=ORIENTED_EDGE('',*,*,#2331,.F.);
#3080=ORIENTED_EDGE('',*,*,#2332,.T.);
#3081=ORIENTED_EDGE('',*,*,#2333,.T.);
#3082=ORIENTED_EDGE('',*,*,#2329,.F.);
#3083=ORIENTED_EDGE('',*,*,#2334,.F.);
#3084=ORIENTED_EDGE('',*,*,#2335,.T.);
#3085=ORIENTED_EDGE('',*,*,#2336,.T.);
#3086=ORIENTED_EDGE('',*,*,#2332,.F.);
#3087=ORIENTED_EDGE('',*,*,#2337,.F.);
#3088=ORIENTED_EDGE('',*,*,#2338,.T.);
#3089=ORIENTED_EDGE('',*,*,#2339,.T.);
#3090=ORIENTED_EDGE('',*,*,#2335,.F.);
#3091=ORIENTED_EDGE('',*,*,#2340,.F.);
#3092=ORIENTED_EDGE('',*,*,#2341,.T.);
#3093=ORIENTED_EDGE('',*,*,#2342,.T.);
#3094=ORIENTED_EDGE('',*,*,#2338,.F.);
#3095=ORIENTED_EDGE('',*,*,#2343,.F.);
#3096=ORIENTED_EDGE('',*,*,#2344,.T.);
#3097=ORIENTED_EDGE('',*,*,#2345,.T.);
#3098=ORIENTED_EDGE('',*,*,#2341,.F.);
#3099=ORIENTED_EDGE('',*,*,#2346,.F.);
#3100=ORIENTED_EDGE('',*,*,#2347,.T.);
#3101=ORIENTED_EDGE('',*,*,#2348,.T.);
#3102=ORIENTED_EDGE('',*,*,#2344,.F.);
#3103=ORIENTED_EDGE('',*,*,#2349,.F.);
#3104=ORIENTED_EDGE('',*,*,#2350,.T.);
#3105=ORIENTED_EDGE('',*,*,#2351,.T.);
#3106=ORIENTED_EDGE('',*,*,#2347,.F.);
#3107=ORIENTED_EDGE('',*,*,#2352,.F.);
#3108=ORIENTED_EDGE('',*,*,#2353,.T.);
#3109=ORIENTED_EDGE('',*,*,#2354,.T.);
#3110=ORIENTED_EDGE('',*,*,#2350,.F.);
#3111=ORIENTED_EDGE('',*,*,#2355,.F.);
#3112=ORIENTED_EDGE('',*,*,#2356,.T.);
#3113=ORIENTED_EDGE('',*,*,#2357,.T.);
#3114=ORIENTED_EDGE('',*,*,#2353,.F.);
#3115=ORIENTED_EDGE('',*,*,#2358,.F.);
#3116=ORIENTED_EDGE('',*,*,#2359,.T.);
#3117=ORIENTED_EDGE('',*,*,#2360,.T.);
#3118=ORIENTED_EDGE('',*,*,#2356,.F.);
#3119=ORIENTED_EDGE('',*,*,#2361,.F.);
#3120=ORIENTED_EDGE('',*,*,#2362,.T.);
#3121=ORIENTED_EDGE('',*,*,#2363,.T.);
#3122=ORIENTED_EDGE('',*,*,#2359,.F.);
#3123=ORIENTED_EDGE('',*,*,#2364,.F.);
#3124=ORIENTED_EDGE('',*,*,#2365,.T.);
#3125=ORIENTED_EDGE('',*,*,#2366,.T.);
#3126=ORIENTED_EDGE('',*,*,#2362,.F.);
#3127=ORIENTED_EDGE('',*,*,#2367,.F.);
#3128=ORIENTED_EDGE('',*,*,#2318,.T.);
#3129=ORIENTED_EDGE('',*,*,#2368,.T.);
#3130=ORIENTED_EDGE('',*,*,#2365,.F.);
#3131=ORIENTED_EDGE('',*,*,#2368,.F.);
#3132=ORIENTED_EDGE('',*,*,#2317,.F.);
#3133=ORIENTED_EDGE('',*,*,#2321,.F.);
#3134=ORIENTED_EDGE('',*,*,#2324,.F.);
#3135=ORIENTED_EDGE('',*,*,#2327,.F.);
#3136=ORIENTED_EDGE('',*,*,#2330,.F.);
#3137=ORIENTED_EDGE('',*,*,#2333,.F.);
#3138=ORIENTED_EDGE('',*,*,#2336,.F.);
#3139=ORIENTED_EDGE('',*,*,#2339,.F.);
#3140=ORIENTED_EDGE('',*,*,#2342,.F.);
#3141=ORIENTED_EDGE('',*,*,#2345,.F.);
#3142=ORIENTED_EDGE('',*,*,#2348,.F.);
#3143=ORIENTED_EDGE('',*,*,#2351,.F.);
#3144=ORIENTED_EDGE('',*,*,#2354,.F.);
#3145=ORIENTED_EDGE('',*,*,#2357,.F.);
#3146=ORIENTED_EDGE('',*,*,#2360,.F.);
#3147=ORIENTED_EDGE('',*,*,#2363,.F.);
#3148=ORIENTED_EDGE('',*,*,#2366,.F.);
#3149=ORIENTED_EDGE('',*,*,#2314,.F.);
#3150=ORIENTED_EDGE('',*,*,#2299,.F.);
#3151=ORIENTED_EDGE('',*,*,#2303,.F.);
#3152=ORIENTED_EDGE('',*,*,#2306,.F.);
#3153=ORIENTED_EDGE('',*,*,#2309,.F.);
#3154=ORIENTED_EDGE('',*,*,#2312,.F.);
#3155=ORIENTED_EDGE('',*,*,#2369,.F.);
#3156=ORIENTED_EDGE('',*,*,#2370,.T.);
#3157=ORIENTED_EDGE('',*,*,#2371,.T.);
#3158=ORIENTED_EDGE('',*,*,#2372,.F.);
#3159=ORIENTED_EDGE('',*,*,#2373,.F.);
#3160=ORIENTED_EDGE('',*,*,#2374,.T.);
#3161=ORIENTED_EDGE('',*,*,#2375,.T.);
#3162=ORIENTED_EDGE('',*,*,#2370,.F.);
#3163=ORIENTED_EDGE('',*,*,#2376,.F.);
#3164=ORIENTED_EDGE('',*,*,#2377,.T.);
#3165=ORIENTED_EDGE('',*,*,#2378,.T.);
#3166=ORIENTED_EDGE('',*,*,#2374,.F.);
#3167=ORIENTED_EDGE('',*,*,#2379,.F.);
#3168=ORIENTED_EDGE('',*,*,#2380,.T.);
#3169=ORIENTED_EDGE('',*,*,#2381,.T.);
#3170=ORIENTED_EDGE('',*,*,#2377,.F.);
#3171=ORIENTED_EDGE('',*,*,#2382,.F.);
#3172=ORIENTED_EDGE('',*,*,#2383,.T.);
#3173=ORIENTED_EDGE('',*,*,#2384,.T.);
#3174=ORIENTED_EDGE('',*,*,#2380,.F.);
#3175=ORIENTED_EDGE('',*,*,#2385,.F.);
#3176=ORIENTED_EDGE('',*,*,#2386,.T.);
#3177=ORIENTED_EDGE('',*,*,#2387,.T.);
#3178=ORIENTED_EDGE('',*,*,#2383,.F.);
#3179=ORIENTED_EDGE('',*,*,#2388,.F.);
#3180=ORIENTED_EDGE('',*,*,#2389,.T.);
#3181=ORIENTED_EDGE('',*,*,#2390,.T.);
#3182=ORIENTED_EDGE('',*,*,#2386,.F.);
#3183=ORIENTED_EDGE('',*,*,#2391,.F.);
#3184=ORIENTED_EDGE('',*,*,#2392,.T.);
#3185=ORIENTED_EDGE('',*,*,#2393,.T.);
#3186=ORIENTED_EDGE('',*,*,#2389,.F.);
#3187=ORIENTED_EDGE('',*,*,#2394,.F.);
#3188=ORIENTED_EDGE('',*,*,#2395,.T.);
#3189=ORIENTED_EDGE('',*,*,#2396,.T.);
#3190=ORIENTED_EDGE('',*,*,#2392,.F.);
#3191=ORIENTED_EDGE('',*,*,#2397,.F.);
#3192=ORIENTED_EDGE('',*,*,#2398,.T.);
#3193=ORIENTED_EDGE('',*,*,#2399,.T.);
#3194=ORIENTED_EDGE('',*,*,#2395,.F.);
#3195=ORIENTED_EDGE('',*,*,#2400,.F.);
#3196=ORIENTED_EDGE('',*,*,#2401,.T.);
#3197=ORIENTED_EDGE('',*,*,#2402,.T.);
#3198=ORIENTED_EDGE('',*,*,#2398,.F.);
#3199=ORIENTED_EDGE('',*,*,#2403,.F.);
#3200=ORIENTED_EDGE('',*,*,#2404,.T.);
#3201=ORIENTED_EDGE('',*,*,#2405,.T.);
#3202=ORIENTED_EDGE('',*,*,#2401,.F.);
#3203=ORIENTED_EDGE('',*,*,#2406,.F.);
#3204=ORIENTED_EDGE('',*,*,#2407,.T.);
#3205=ORIENTED_EDGE('',*,*,#2408,.T.);
#3206=ORIENTED_EDGE('',*,*,#2404,.F.);
#3207=ORIENTED_EDGE('',*,*,#2409,.F.);
#3208=ORIENTED_EDGE('',*,*,#2410,.T.);
#3209=ORIENTED_EDGE('',*,*,#2411,.T.);
#3210=ORIENTED_EDGE('',*,*,#2407,.F.);
#3211=ORIENTED_EDGE('',*,*,#2412,.F.);
#3212=ORIENTED_EDGE('',*,*,#2413,.T.);
#3213=ORIENTED_EDGE('',*,*,#2414,.T.);
#3214=ORIENTED_EDGE('',*,*,#2410,.F.);
#3215=ORIENTED_EDGE('',*,*,#2415,.F.);
#3216=ORIENTED_EDGE('',*,*,#2416,.T.);
#3217=ORIENTED_EDGE('',*,*,#2417,.T.);
#3218=ORIENTED_EDGE('',*,*,#2413,.F.);
#3219=ORIENTED_EDGE('',*,*,#2418,.F.);
#3220=ORIENTED_EDGE('',*,*,#2419,.T.);
#3221=ORIENTED_EDGE('',*,*,#2420,.T.);
#3222=ORIENTED_EDGE('',*,*,#2416,.F.);
#3223=ORIENTED_EDGE('',*,*,#2421,.F.);
#3224=ORIENTED_EDGE('',*,*,#2422,.T.);
#3225=ORIENTED_EDGE('',*,*,#2423,.T.);
#3226=ORIENTED_EDGE('',*,*,#2419,.F.);
#3227=ORIENTED_EDGE('',*,*,#2424,.F.);
#3228=ORIENTED_EDGE('',*,*,#2425,.T.);
#3229=ORIENTED_EDGE('',*,*,#2426,.T.);
#3230=ORIENTED_EDGE('',*,*,#2422,.F.);
#3231=ORIENTED_EDGE('',*,*,#2427,.F.);
#3232=ORIENTED_EDGE('',*,*,#2428,.T.);
#3233=ORIENTED_EDGE('',*,*,#2429,.T.);
#3234=ORIENTED_EDGE('',*,*,#2425,.F.);
#3235=ORIENTED_EDGE('',*,*,#2430,.F.);
#3236=ORIENTED_EDGE('',*,*,#2431,.T.);
#3237=ORIENTED_EDGE('',*,*,#2432,.T.);
#3238=ORIENTED_EDGE('',*,*,#2428,.F.);
#3239=ORIENTED_EDGE('',*,*,#2433,.F.);
#3240=ORIENTED_EDGE('',*,*,#2434,.T.);
#3241=ORIENTED_EDGE('',*,*,#2435,.T.);
#3242=ORIENTED_EDGE('',*,*,#2431,.F.);
#3243=ORIENTED_EDGE('',*,*,#2436,.F.);
#3244=ORIENTED_EDGE('',*,*,#2437,.T.);
#3245=ORIENTED_EDGE('',*,*,#2438,.T.);
#3246=ORIENTED_EDGE('',*,*,#2434,.F.);
#3247=ORIENTED_EDGE('',*,*,#2439,.F.);
#3248=ORIENTED_EDGE('',*,*,#2440,.T.);
#3249=ORIENTED_EDGE('',*,*,#2441,.T.);
#3250=ORIENTED_EDGE('',*,*,#2437,.F.);
#3251=ORIENTED_EDGE('',*,*,#2442,.F.);
#3252=ORIENTED_EDGE('',*,*,#2443,.T.);
#3253=ORIENTED_EDGE('',*,*,#2444,.T.);
#3254=ORIENTED_EDGE('',*,*,#2440,.F.);
#3255=ORIENTED_EDGE('',*,*,#2445,.F.);
#3256=ORIENTED_EDGE('',*,*,#2446,.T.);
#3257=ORIENTED_EDGE('',*,*,#2447,.T.);
#3258=ORIENTED_EDGE('',*,*,#2443,.F.);
#3259=ORIENTED_EDGE('',*,*,#2448,.F.);
#3260=ORIENTED_EDGE('',*,*,#2449,.T.);
#3261=ORIENTED_EDGE('',*,*,#2450,.T.);
#3262=ORIENTED_EDGE('',*,*,#2446,.F.);
#3263=ORIENTED_EDGE('',*,*,#2451,.F.);
#3264=ORIENTED_EDGE('',*,*,#2452,.T.);
#3265=ORIENTED_EDGE('',*,*,#2453,.T.);
#3266=ORIENTED_EDGE('',*,*,#2449,.F.);
#3267=ORIENTED_EDGE('',*,*,#2454,.F.);
#3268=ORIENTED_EDGE('',*,*,#2455,.T.);
#3269=ORIENTED_EDGE('',*,*,#2456,.T.);
#3270=ORIENTED_EDGE('',*,*,#2452,.F.);
#3271=ORIENTED_EDGE('',*,*,#2457,.F.);
#3272=ORIENTED_EDGE('',*,*,#2458,.T.);
#3273=ORIENTED_EDGE('',*,*,#2459,.T.);
#3274=ORIENTED_EDGE('',*,*,#2455,.F.);
#3275=ORIENTED_EDGE('',*,*,#2460,.F.);
#3276=ORIENTED_EDGE('',*,*,#2461,.T.);
#3277=ORIENTED_EDGE('',*,*,#2462,.T.);
#3278=ORIENTED_EDGE('',*,*,#2458,.F.);
#3279=ORIENTED_EDGE('',*,*,#2463,.F.);
#3280=ORIENTED_EDGE('',*,*,#2464,.T.);
#3281=ORIENTED_EDGE('',*,*,#2465,.T.);
#3282=ORIENTED_EDGE('',*,*,#2461,.F.);
#3283=ORIENTED_EDGE('',*,*,#2466,.F.);
#3284=ORIENTED_EDGE('',*,*,#2467,.T.);
#3285=ORIENTED_EDGE('',*,*,#2468,.T.);
#3286=ORIENTED_EDGE('',*,*,#2464,.F.);
#3287=ORIENTED_EDGE('',*,*,#2469,.F.);
#3288=ORIENTED_EDGE('',*,*,#2470,.T.);
#3289=ORIENTED_EDGE('',*,*,#2471,.T.);
#3290=ORIENTED_EDGE('',*,*,#2467,.F.);
#3291=ORIENTED_EDGE('',*,*,#2472,.F.);
#3292=ORIENTED_EDGE('',*,*,#2473,.T.);
#3293=ORIENTED_EDGE('',*,*,#2474,.T.);
#3294=ORIENTED_EDGE('',*,*,#2470,.F.);
#3295=ORIENTED_EDGE('',*,*,#2475,.F.);
#3296=ORIENTED_EDGE('',*,*,#2372,.T.);
#3297=ORIENTED_EDGE('',*,*,#2476,.T.);
#3298=ORIENTED_EDGE('',*,*,#2473,.F.);
#3299=ORIENTED_EDGE('',*,*,#2476,.F.);
#3300=ORIENTED_EDGE('',*,*,#2371,.F.);
#3301=ORIENTED_EDGE('',*,*,#2375,.F.);
#3302=ORIENTED_EDGE('',*,*,#2378,.F.);
#3303=ORIENTED_EDGE('',*,*,#2381,.F.);
#3304=ORIENTED_EDGE('',*,*,#2384,.F.);
#3305=ORIENTED_EDGE('',*,*,#2387,.F.);
#3306=ORIENTED_EDGE('',*,*,#2390,.F.);
#3307=ORIENTED_EDGE('',*,*,#2393,.F.);
#3308=ORIENTED_EDGE('',*,*,#2396,.F.);
#3309=ORIENTED_EDGE('',*,*,#2399,.F.);
#3310=ORIENTED_EDGE('',*,*,#2402,.F.);
#3311=ORIENTED_EDGE('',*,*,#2405,.F.);
#3312=ORIENTED_EDGE('',*,*,#2408,.F.);
#3313=ORIENTED_EDGE('',*,*,#2411,.F.);
#3314=ORIENTED_EDGE('',*,*,#2414,.F.);
#3315=ORIENTED_EDGE('',*,*,#2417,.F.);
#3316=ORIENTED_EDGE('',*,*,#2420,.F.);
#3317=ORIENTED_EDGE('',*,*,#2423,.F.);
#3318=ORIENTED_EDGE('',*,*,#2426,.F.);
#3319=ORIENTED_EDGE('',*,*,#2429,.F.);
#3320=ORIENTED_EDGE('',*,*,#2432,.F.);
#3321=ORIENTED_EDGE('',*,*,#2435,.F.);
#3322=ORIENTED_EDGE('',*,*,#2438,.F.);
#3323=ORIENTED_EDGE('',*,*,#2441,.F.);
#3324=ORIENTED_EDGE('',*,*,#2444,.F.);
#3325=ORIENTED_EDGE('',*,*,#2447,.F.);
#3326=ORIENTED_EDGE('',*,*,#2450,.F.);
#3327=ORIENTED_EDGE('',*,*,#2453,.F.);
#3328=ORIENTED_EDGE('',*,*,#2456,.F.);
#3329=ORIENTED_EDGE('',*,*,#2459,.F.);
#3330=ORIENTED_EDGE('',*,*,#2462,.F.);
#3331=ORIENTED_EDGE('',*,*,#2465,.F.);
#3332=ORIENTED_EDGE('',*,*,#2468,.F.);
#3333=ORIENTED_EDGE('',*,*,#2471,.F.);
#3334=ORIENTED_EDGE('',*,*,#2474,.F.);
#3335=ORIENTED_EDGE('',*,*,#2477,.F.);
#3336=ORIENTED_EDGE('',*,*,#2478,.T.);
#3337=ORIENTED_EDGE('',*,*,#2479,.T.);
#3338=ORIENTED_EDGE('',*,*,#2480,.F.);
#3339=ORIENTED_EDGE('',*,*,#2481,.F.);
#3340=ORIENTED_EDGE('',*,*,#2482,.T.);
#3341=ORIENTED_EDGE('',*,*,#2483,.T.);
#3342=ORIENTED_EDGE('',*,*,#2478,.F.);
#3343=ORIENTED_EDGE('',*,*,#2484,.F.);
#3344=ORIENTED_EDGE('',*,*,#2485,.T.);
#3345=ORIENTED_EDGE('',*,*,#2486,.T.);
#3346=ORIENTED_EDGE('',*,*,#2482,.F.);
#3347=ORIENTED_EDGE('',*,*,#2487,.F.);
#3348=ORIENTED_EDGE('',*,*,#2488,.T.);
#3349=ORIENTED_EDGE('',*,*,#2489,.T.);
#3350=ORIENTED_EDGE('',*,*,#2485,.F.);
#3351=ORIENTED_EDGE('',*,*,#2490,.F.);
#3352=ORIENTED_EDGE('',*,*,#2491,.T.);
#3353=ORIENTED_EDGE('',*,*,#2492,.T.);
#3354=ORIENTED_EDGE('',*,*,#2488,.F.);
#3355=ORIENTED_EDGE('',*,*,#2493,.F.);
#3356=ORIENTED_EDGE('',*,*,#2494,.T.);
#3357=ORIENTED_EDGE('',*,*,#2495,.T.);
#3358=ORIENTED_EDGE('',*,*,#2491,.F.);
#3359=ORIENTED_EDGE('',*,*,#2496,.F.);
#3360=ORIENTED_EDGE('',*,*,#2497,.T.);
#3361=ORIENTED_EDGE('',*,*,#2498,.T.);
#3362=ORIENTED_EDGE('',*,*,#2494,.F.);
#3363=ORIENTED_EDGE('',*,*,#2499,.F.);
#3364=ORIENTED_EDGE('',*,*,#2500,.T.);
#3365=ORIENTED_EDGE('',*,*,#2501,.T.);
#3366=ORIENTED_EDGE('',*,*,#2497,.F.);
#3367=ORIENTED_EDGE('',*,*,#2502,.F.);
#3368=ORIENTED_EDGE('',*,*,#2503,.T.);
#3369=ORIENTED_EDGE('',*,*,#2504,.T.);
#3370=ORIENTED_EDGE('',*,*,#2500,.F.);
#3371=ORIENTED_EDGE('',*,*,#2505,.F.);
#3372=ORIENTED_EDGE('',*,*,#2506,.T.);
#3373=ORIENTED_EDGE('',*,*,#2507,.T.);
#3374=ORIENTED_EDGE('',*,*,#2503,.F.);
#3375=ORIENTED_EDGE('',*,*,#2508,.F.);
#3376=ORIENTED_EDGE('',*,*,#2509,.T.);
#3377=ORIENTED_EDGE('',*,*,#2510,.T.);
#3378=ORIENTED_EDGE('',*,*,#2506,.F.);
#3379=ORIENTED_EDGE('',*,*,#2511,.F.);
#3380=ORIENTED_EDGE('',*,*,#2512,.T.);
#3381=ORIENTED_EDGE('',*,*,#2513,.T.);
#3382=ORIENTED_EDGE('',*,*,#2509,.F.);
#3383=ORIENTED_EDGE('',*,*,#2514,.F.);
#3384=ORIENTED_EDGE('',*,*,#2515,.T.);
#3385=ORIENTED_EDGE('',*,*,#2516,.T.);
#3386=ORIENTED_EDGE('',*,*,#2512,.F.);
#3387=ORIENTED_EDGE('',*,*,#2517,.F.);
#3388=ORIENTED_EDGE('',*,*,#2518,.T.);
#3389=ORIENTED_EDGE('',*,*,#2519,.T.);
#3390=ORIENTED_EDGE('',*,*,#2515,.F.);
#3391=ORIENTED_EDGE('',*,*,#2520,.F.);
#3392=ORIENTED_EDGE('',*,*,#2521,.T.);
#3393=ORIENTED_EDGE('',*,*,#2522,.T.);
#3394=ORIENTED_EDGE('',*,*,#2518,.F.);
#3395=ORIENTED_EDGE('',*,*,#2523,.F.);
#3396=ORIENTED_EDGE('',*,*,#2524,.T.);
#3397=ORIENTED_EDGE('',*,*,#2525,.T.);
#3398=ORIENTED_EDGE('',*,*,#2521,.F.);
#3399=ORIENTED_EDGE('',*,*,#2526,.F.);
#3400=ORIENTED_EDGE('',*,*,#2527,.T.);
#3401=ORIENTED_EDGE('',*,*,#2528,.T.);
#3402=ORIENTED_EDGE('',*,*,#2524,.F.);
#3403=ORIENTED_EDGE('',*,*,#2529,.F.);
#3404=ORIENTED_EDGE('',*,*,#2530,.T.);
#3405=ORIENTED_EDGE('',*,*,#2531,.T.);
#3406=ORIENTED_EDGE('',*,*,#2527,.F.);
#3407=ORIENTED_EDGE('',*,*,#2532,.F.);
#3408=ORIENTED_EDGE('',*,*,#2533,.T.);
#3409=ORIENTED_EDGE('',*,*,#2534,.T.);
#3410=ORIENTED_EDGE('',*,*,#2530,.F.);
#3411=ORIENTED_EDGE('',*,*,#2535,.F.);
#3412=ORIENTED_EDGE('',*,*,#2536,.T.);
#3413=ORIENTED_EDGE('',*,*,#2537,.T.);
#3414=ORIENTED_EDGE('',*,*,#2533,.F.);
#3415=ORIENTED_EDGE('',*,*,#2538,.F.);
#3416=ORIENTED_EDGE('',*,*,#2539,.T.);
#3417=ORIENTED_EDGE('',*,*,#2540,.T.);
#3418=ORIENTED_EDGE('',*,*,#2536,.F.);
#3419=ORIENTED_EDGE('',*,*,#2541,.F.);
#3420=ORIENTED_EDGE('',*,*,#2542,.T.);
#3421=ORIENTED_EDGE('',*,*,#2543,.T.);
#3422=ORIENTED_EDGE('',*,*,#2539,.F.);
#3423=ORIENTED_EDGE('',*,*,#2544,.F.);
#3424=ORIENTED_EDGE('',*,*,#2545,.T.);
#3425=ORIENTED_EDGE('',*,*,#2546,.T.);
#3426=ORIENTED_EDGE('',*,*,#2542,.F.);
#3427=ORIENTED_EDGE('',*,*,#2547,.F.);
#3428=ORIENTED_EDGE('',*,*,#2548,.T.);
#3429=ORIENTED_EDGE('',*,*,#2549,.T.);
#3430=ORIENTED_EDGE('',*,*,#2545,.F.);
#3431=ORIENTED_EDGE('',*,*,#2550,.F.);
#3432=ORIENTED_EDGE('',*,*,#2551,.T.);
#3433=ORIENTED_EDGE('',*,*,#2552,.T.);
#3434=ORIENTED_EDGE('',*,*,#2548,.F.);
#3435=ORIENTED_EDGE('',*,*,#2553,.F.);
#3436=ORIENTED_EDGE('',*,*,#2554,.T.);
#3437=ORIENTED_EDGE('',*,*,#2555,.T.);
#3438=ORIENTED_EDGE('',*,*,#2551,.F.);
#3439=ORIENTED_EDGE('',*,*,#2556,.F.);
#3440=ORIENTED_EDGE('',*,*,#2557,.T.);
#3441=ORIENTED_EDGE('',*,*,#2558,.T.);
#3442=ORIENTED_EDGE('',*,*,#2554,.F.);
#3443=ORIENTED_EDGE('',*,*,#2559,.F.);
#3444=ORIENTED_EDGE('',*,*,#2560,.T.);
#3445=ORIENTED_EDGE('',*,*,#2561,.T.);
#3446=ORIENTED_EDGE('',*,*,#2557,.F.);
#3447=ORIENTED_EDGE('',*,*,#2562,.F.);
#3448=ORIENTED_EDGE('',*,*,#2563,.T.);
#3449=ORIENTED_EDGE('',*,*,#2564,.T.);
#3450=ORIENTED_EDGE('',*,*,#2560,.F.);
#3451=ORIENTED_EDGE('',*,*,#2565,.F.);
#3452=ORIENTED_EDGE('',*,*,#2566,.T.);
#3453=ORIENTED_EDGE('',*,*,#2567,.T.);
#3454=ORIENTED_EDGE('',*,*,#2563,.F.);
#3455=ORIENTED_EDGE('',*,*,#2568,.F.);
#3456=ORIENTED_EDGE('',*,*,#2569,.T.);
#3457=ORIENTED_EDGE('',*,*,#2570,.T.);
#3458=ORIENTED_EDGE('',*,*,#2566,.F.);
#3459=ORIENTED_EDGE('',*,*,#2571,.F.);
#3460=ORIENTED_EDGE('',*,*,#2572,.T.);
#3461=ORIENTED_EDGE('',*,*,#2573,.T.);
#3462=ORIENTED_EDGE('',*,*,#2569,.F.);
#3463=ORIENTED_EDGE('',*,*,#2574,.F.);
#3464=ORIENTED_EDGE('',*,*,#2575,.T.);
#3465=ORIENTED_EDGE('',*,*,#2576,.T.);
#3466=ORIENTED_EDGE('',*,*,#2572,.F.);
#3467=ORIENTED_EDGE('',*,*,#2577,.F.);
#3468=ORIENTED_EDGE('',*,*,#2578,.T.);
#3469=ORIENTED_EDGE('',*,*,#2579,.T.);
#3470=ORIENTED_EDGE('',*,*,#2575,.F.);
#3471=ORIENTED_EDGE('',*,*,#2580,.F.);
#3472=ORIENTED_EDGE('',*,*,#2581,.T.);
#3473=ORIENTED_EDGE('',*,*,#2582,.T.);
#3474=ORIENTED_EDGE('',*,*,#2578,.F.);
#3475=ORIENTED_EDGE('',*,*,#2583,.F.);
#3476=ORIENTED_EDGE('',*,*,#2584,.T.);
#3477=ORIENTED_EDGE('',*,*,#2585,.T.);
#3478=ORIENTED_EDGE('',*,*,#2581,.F.);
#3479=ORIENTED_EDGE('',*,*,#2586,.F.);
#3480=ORIENTED_EDGE('',*,*,#2587,.T.);
#3481=ORIENTED_EDGE('',*,*,#2588,.T.);
#3482=ORIENTED_EDGE('',*,*,#2584,.F.);
#3483=ORIENTED_EDGE('',*,*,#2589,.F.);
#3484=ORIENTED_EDGE('',*,*,#2590,.T.);
#3485=ORIENTED_EDGE('',*,*,#2591,.T.);
#3486=ORIENTED_EDGE('',*,*,#2587,.F.);
#3487=ORIENTED_EDGE('',*,*,#2592,.F.);
#3488=ORIENTED_EDGE('',*,*,#2593,.T.);
#3489=ORIENTED_EDGE('',*,*,#2594,.T.);
#3490=ORIENTED_EDGE('',*,*,#2590,.F.);
#3491=ORIENTED_EDGE('',*,*,#2595,.F.);
#3492=ORIENTED_EDGE('',*,*,#2596,.T.);
#3493=ORIENTED_EDGE('',*,*,#2597,.T.);
#3494=ORIENTED_EDGE('',*,*,#2593,.F.);
#3495=ORIENTED_EDGE('',*,*,#2598,.F.);
#3496=ORIENTED_EDGE('',*,*,#2599,.T.);
#3497=ORIENTED_EDGE('',*,*,#2600,.T.);
#3498=ORIENTED_EDGE('',*,*,#2596,.F.);
#3499=ORIENTED_EDGE('',*,*,#2601,.F.);
#3500=ORIENTED_EDGE('',*,*,#2602,.T.);
#3501=ORIENTED_EDGE('',*,*,#2603,.T.);
#3502=ORIENTED_EDGE('',*,*,#2599,.F.);
#3503=ORIENTED_EDGE('',*,*,#2604,.F.);
#3504=ORIENTED_EDGE('',*,*,#2605,.T.);
#3505=ORIENTED_EDGE('',*,*,#2606,.T.);
#3506=ORIENTED_EDGE('',*,*,#2602,.F.);
#3507=ORIENTED_EDGE('',*,*,#2607,.F.);
#3508=ORIENTED_EDGE('',*,*,#2608,.T.);
#3509=ORIENTED_EDGE('',*,*,#2609,.T.);
#3510=ORIENTED_EDGE('',*,*,#2605,.F.);
#3511=ORIENTED_EDGE('',*,*,#2610,.F.);
#3512=ORIENTED_EDGE('',*,*,#2611,.T.);
#3513=ORIENTED_EDGE('',*,*,#2612,.T.);
#3514=ORIENTED_EDGE('',*,*,#2608,.F.);
#3515=ORIENTED_EDGE('',*,*,#2613,.F.);
#3516=ORIENTED_EDGE('',*,*,#2614,.T.);
#3517=ORIENTED_EDGE('',*,*,#2615,.T.);
#3518=ORIENTED_EDGE('',*,*,#2611,.F.);
#3519=ORIENTED_EDGE('',*,*,#2616,.F.);
#3520=ORIENTED_EDGE('',*,*,#2617,.T.);
#3521=ORIENTED_EDGE('',*,*,#2618,.T.);
#3522=ORIENTED_EDGE('',*,*,#2614,.F.);
#3523=ORIENTED_EDGE('',*,*,#2619,.F.);
#3524=ORIENTED_EDGE('',*,*,#2620,.T.);
#3525=ORIENTED_EDGE('',*,*,#2621,.T.);
#3526=ORIENTED_EDGE('',*,*,#2617,.F.);
#3527=ORIENTED_EDGE('',*,*,#2622,.F.);
#3528=ORIENTED_EDGE('',*,*,#2623,.T.);
#3529=ORIENTED_EDGE('',*,*,#2624,.T.);
#3530=ORIENTED_EDGE('',*,*,#2620,.F.);
#3531=ORIENTED_EDGE('',*,*,#2625,.F.);
#3532=ORIENTED_EDGE('',*,*,#2626,.T.);
#3533=ORIENTED_EDGE('',*,*,#2627,.T.);
#3534=ORIENTED_EDGE('',*,*,#2623,.F.);
#3535=ORIENTED_EDGE('',*,*,#2628,.F.);
#3536=ORIENTED_EDGE('',*,*,#2629,.T.);
#3537=ORIENTED_EDGE('',*,*,#2630,.T.);
#3538=ORIENTED_EDGE('',*,*,#2626,.F.);
#3539=ORIENTED_EDGE('',*,*,#2631,.F.);
#3540=ORIENTED_EDGE('',*,*,#2632,.T.);
#3541=ORIENTED_EDGE('',*,*,#2633,.T.);
#3542=ORIENTED_EDGE('',*,*,#2629,.F.);
#3543=ORIENTED_EDGE('',*,*,#2634,.F.);
#3544=ORIENTED_EDGE('',*,*,#2635,.T.);
#3545=ORIENTED_EDGE('',*,*,#2636,.T.);
#3546=ORIENTED_EDGE('',*,*,#2632,.F.);
#3547=ORIENTED_EDGE('',*,*,#2637,.F.);
#3548=ORIENTED_EDGE('',*,*,#2638,.T.);
#3549=ORIENTED_EDGE('',*,*,#2639,.T.);
#3550=ORIENTED_EDGE('',*,*,#2635,.F.);
#3551=ORIENTED_EDGE('',*,*,#2640,.F.);
#3552=ORIENTED_EDGE('',*,*,#2641,.T.);
#3553=ORIENTED_EDGE('',*,*,#2642,.T.);
#3554=ORIENTED_EDGE('',*,*,#2638,.F.);
#3555=ORIENTED_EDGE('',*,*,#2643,.F.);
#3556=ORIENTED_EDGE('',*,*,#2644,.T.);
#3557=ORIENTED_EDGE('',*,*,#2645,.T.);
#3558=ORIENTED_EDGE('',*,*,#2641,.F.);
#3559=ORIENTED_EDGE('',*,*,#2646,.F.);
#3560=ORIENTED_EDGE('',*,*,#2647,.T.);
#3561=ORIENTED_EDGE('',*,*,#2648,.T.);
#3562=ORIENTED_EDGE('',*,*,#2644,.F.);
#3563=ORIENTED_EDGE('',*,*,#2649,.F.);
#3564=ORIENTED_EDGE('',*,*,#2650,.T.);
#3565=ORIENTED_EDGE('',*,*,#2651,.T.);
#3566=ORIENTED_EDGE('',*,*,#2647,.F.);
#3567=ORIENTED_EDGE('',*,*,#2652,.F.);
#3568=ORIENTED_EDGE('',*,*,#2653,.T.);
#3569=ORIENTED_EDGE('',*,*,#2654,.T.);
#3570=ORIENTED_EDGE('',*,*,#2650,.F.);
#3571=ORIENTED_EDGE('',*,*,#2655,.F.);
#3572=ORIENTED_EDGE('',*,*,#2656,.T.);
#3573=ORIENTED_EDGE('',*,*,#2657,.T.);
#3574=ORIENTED_EDGE('',*,*,#2653,.F.);
#3575=ORIENTED_EDGE('',*,*,#2658,.F.);
#3576=ORIENTED_EDGE('',*,*,#2659,.T.);
#3577=ORIENTED_EDGE('',*,*,#2660,.T.);
#3578=ORIENTED_EDGE('',*,*,#2656,.F.);
#3579=ORIENTED_EDGE('',*,*,#2661,.F.);
#3580=ORIENTED_EDGE('',*,*,#2662,.T.);
#3581=ORIENTED_EDGE('',*,*,#2663,.T.);
#3582=ORIENTED_EDGE('',*,*,#2659,.F.);
#3583=ORIENTED_EDGE('',*,*,#2664,.F.);
#3584=ORIENTED_EDGE('',*,*,#2480,.T.);
#3585=ORIENTED_EDGE('',*,*,#2665,.T.);
#3586=ORIENTED_EDGE('',*,*,#2662,.F.);
#3587=ORIENTED_EDGE('',*,*,#2665,.F.);
#3588=ORIENTED_EDGE('',*,*,#2479,.F.);
#3589=ORIENTED_EDGE('',*,*,#2483,.F.);
#3590=ORIENTED_EDGE('',*,*,#2486,.F.);
#3591=ORIENTED_EDGE('',*,*,#2489,.F.);
#3592=ORIENTED_EDGE('',*,*,#2492,.F.);
#3593=ORIENTED_EDGE('',*,*,#2495,.F.);
#3594=ORIENTED_EDGE('',*,*,#2498,.F.);
#3595=ORIENTED_EDGE('',*,*,#2501,.F.);
#3596=ORIENTED_EDGE('',*,*,#2504,.F.);
#3597=ORIENTED_EDGE('',*,*,#2507,.F.);
#3598=ORIENTED_EDGE('',*,*,#2510,.F.);
#3599=ORIENTED_EDGE('',*,*,#2513,.F.);
#3600=ORIENTED_EDGE('',*,*,#2516,.F.);
#3601=ORIENTED_EDGE('',*,*,#2519,.F.);
#3602=ORIENTED_EDGE('',*,*,#2522,.F.);
#3603=ORIENTED_EDGE('',*,*,#2525,.F.);
#3604=ORIENTED_EDGE('',*,*,#2528,.F.);
#3605=ORIENTED_EDGE('',*,*,#2531,.F.);
#3606=ORIENTED_EDGE('',*,*,#2534,.F.);
#3607=ORIENTED_EDGE('',*,*,#2537,.F.);
#3608=ORIENTED_EDGE('',*,*,#2540,.F.);
#3609=ORIENTED_EDGE('',*,*,#2543,.F.);
#3610=ORIENTED_EDGE('',*,*,#2546,.F.);
#3611=ORIENTED_EDGE('',*,*,#2549,.F.);
#3612=ORIENTED_EDGE('',*,*,#2552,.F.);
#3613=ORIENTED_EDGE('',*,*,#2555,.F.);
#3614=ORIENTED_EDGE('',*,*,#2558,.F.);
#3615=ORIENTED_EDGE('',*,*,#2561,.F.);
#3616=ORIENTED_EDGE('',*,*,#2564,.F.);
#3617=ORIENTED_EDGE('',*,*,#2567,.F.);
#3618=ORIENTED_EDGE('',*,*,#2570,.F.);
#3619=ORIENTED_EDGE('',*,*,#2573,.F.);
#3620=ORIENTED_EDGE('',*,*,#2576,.F.);
#3621=ORIENTED_EDGE('',*,*,#2579,.F.);
#3622=ORIENTED_EDGE('',*,*,#2582,.F.);
#3623=ORIENTED_EDGE('',*,*,#2585,.F.);
#3624=ORIENTED_EDGE('',*,*,#2588,.F.);
#3625=ORIENTED_EDGE('',*,*,#2591,.F.);
#3626=ORIENTED_EDGE('',*,*,#2594,.F.);
#3627=ORIENTED_EDGE('',*,*,#2597,.F.);
#3628=ORIENTED_EDGE('',*,*,#2600,.F.);
#3629=ORIENTED_EDGE('',*,*,#2603,.F.);
#3630=ORIENTED_EDGE('',*,*,#2606,.F.);
#3631=ORIENTED_EDGE('',*,*,#2609,.F.);
#3632=ORIENTED_EDGE('',*,*,#2612,.F.);
#3633=ORIENTED_EDGE('',*,*,#2615,.F.);
#3634=ORIENTED_EDGE('',*,*,#2618,.F.);
#3635=ORIENTED_EDGE('',*,*,#2621,.F.);
#3636=ORIENTED_EDGE('',*,*,#2624,.F.);
#3637=ORIENTED_EDGE('',*,*,#2627,.F.);
#3638=ORIENTED_EDGE('',*,*,#2630,.F.);
#3639=ORIENTED_EDGE('',*,*,#2633,.F.);
#3640=ORIENTED_EDGE('',*,*,#2636,.F.);
#3641=ORIENTED_EDGE('',*,*,#2639,.F.);
#3642=ORIENTED_EDGE('',*,*,#2642,.F.);
#3643=ORIENTED_EDGE('',*,*,#2645,.F.);
#3644=ORIENTED_EDGE('',*,*,#2648,.F.);
#3645=ORIENTED_EDGE('',*,*,#2651,.F.);
#3646=ORIENTED_EDGE('',*,*,#2654,.F.);
#3647=ORIENTED_EDGE('',*,*,#2657,.F.);
#3648=ORIENTED_EDGE('',*,*,#2660,.F.);
#3649=ORIENTED_EDGE('',*,*,#2663,.F.);
#3650=ORIENTED_EDGE('',*,*,#2666,.F.);
#3651=ORIENTED_EDGE('',*,*,#2667,.T.);
#3652=ORIENTED_EDGE('',*,*,#2668,.T.);
#3653=ORIENTED_EDGE('',*,*,#2669,.F.);
#3654=ORIENTED_EDGE('',*,*,#2670,.F.);
#3655=ORIENTED_EDGE('',*,*,#2671,.T.);
#3656=ORIENTED_EDGE('',*,*,#2672,.T.);
#3657=ORIENTED_EDGE('',*,*,#2667,.F.);
#3658=ORIENTED_EDGE('',*,*,#2673,.F.);
#3659=ORIENTED_EDGE('',*,*,#2674,.T.);
#3660=ORIENTED_EDGE('',*,*,#2675,.T.);
#3661=ORIENTED_EDGE('',*,*,#2671,.F.);
#3662=ORIENTED_EDGE('',*,*,#2676,.F.);
#3663=ORIENTED_EDGE('',*,*,#2677,.T.);
#3664=ORIENTED_EDGE('',*,*,#2678,.T.);
#3665=ORIENTED_EDGE('',*,*,#2674,.F.);
#3666=ORIENTED_EDGE('',*,*,#2679,.F.);
#3667=ORIENTED_EDGE('',*,*,#2669,.T.);
#3668=ORIENTED_EDGE('',*,*,#2680,.T.);
#3669=ORIENTED_EDGE('',*,*,#2677,.F.);
#3670=ORIENTED_EDGE('',*,*,#2681,.F.);
#3671=ORIENTED_EDGE('',*,*,#2682,.T.);
#3672=ORIENTED_EDGE('',*,*,#2683,.T.);
#3673=ORIENTED_EDGE('',*,*,#2684,.F.);
#3674=ORIENTED_EDGE('',*,*,#2685,.F.);
#3675=ORIENTED_EDGE('',*,*,#2686,.T.);
#3676=ORIENTED_EDGE('',*,*,#2687,.T.);
#3677=ORIENTED_EDGE('',*,*,#2682,.F.);
#3678=ORIENTED_EDGE('',*,*,#2688,.F.);
#3679=ORIENTED_EDGE('',*,*,#2689,.T.);
#3680=ORIENTED_EDGE('',*,*,#2690,.T.);
#3681=ORIENTED_EDGE('',*,*,#2686,.F.);
#3682=ORIENTED_EDGE('',*,*,#2691,.F.);
#3683=ORIENTED_EDGE('',*,*,#2692,.T.);
#3684=ORIENTED_EDGE('',*,*,#2693,.T.);
#3685=ORIENTED_EDGE('',*,*,#2689,.F.);
#3686=ORIENTED_EDGE('',*,*,#2694,.F.);
#3687=ORIENTED_EDGE('',*,*,#2695,.T.);
#3688=ORIENTED_EDGE('',*,*,#2696,.T.);
#3689=ORIENTED_EDGE('',*,*,#2692,.F.);
#3690=ORIENTED_EDGE('',*,*,#2697,.F.);
#3691=ORIENTED_EDGE('',*,*,#2698,.T.);
#3692=ORIENTED_EDGE('',*,*,#2699,.T.);
#3693=ORIENTED_EDGE('',*,*,#2695,.F.);
#3694=ORIENTED_EDGE('',*,*,#2700,.F.);
#3695=ORIENTED_EDGE('',*,*,#2701,.T.);
#3696=ORIENTED_EDGE('',*,*,#2702,.T.);
#3697=ORIENTED_EDGE('',*,*,#2698,.F.);
#3698=ORIENTED_EDGE('',*,*,#2703,.F.);
#3699=ORIENTED_EDGE('',*,*,#2704,.T.);
#3700=ORIENTED_EDGE('',*,*,#2705,.T.);
#3701=ORIENTED_EDGE('',*,*,#2701,.F.);
#3702=ORIENTED_EDGE('',*,*,#2706,.F.);
#3703=ORIENTED_EDGE('',*,*,#2707,.T.);
#3704=ORIENTED_EDGE('',*,*,#2708,.T.);
#3705=ORIENTED_EDGE('',*,*,#2704,.F.);
#3706=ORIENTED_EDGE('',*,*,#2709,.F.);
#3707=ORIENTED_EDGE('',*,*,#2710,.T.);
#3708=ORIENTED_EDGE('',*,*,#2711,.T.);
#3709=ORIENTED_EDGE('',*,*,#2707,.F.);
#3710=ORIENTED_EDGE('',*,*,#2712,.F.);
#3711=ORIENTED_EDGE('',*,*,#2713,.T.);
#3712=ORIENTED_EDGE('',*,*,#2714,.T.);
#3713=ORIENTED_EDGE('',*,*,#2710,.F.);
#3714=ORIENTED_EDGE('',*,*,#2715,.F.);
#3715=ORIENTED_EDGE('',*,*,#2716,.T.);
#3716=ORIENTED_EDGE('',*,*,#2717,.T.);
#3717=ORIENTED_EDGE('',*,*,#2713,.F.);
#3718=ORIENTED_EDGE('',*,*,#2718,.F.);
#3719=ORIENTED_EDGE('',*,*,#2719,.T.);
#3720=ORIENTED_EDGE('',*,*,#2720,.T.);
#3721=ORIENTED_EDGE('',*,*,#2716,.F.);
#3722=ORIENTED_EDGE('',*,*,#2721,.F.);
#3723=ORIENTED_EDGE('',*,*,#2722,.T.);
#3724=ORIENTED_EDGE('',*,*,#2723,.T.);
#3725=ORIENTED_EDGE('',*,*,#2719,.F.);
#3726=ORIENTED_EDGE('',*,*,#2724,.F.);
#3727=ORIENTED_EDGE('',*,*,#2725,.T.);
#3728=ORIENTED_EDGE('',*,*,#2726,.T.);
#3729=ORIENTED_EDGE('',*,*,#2722,.F.);
#3730=ORIENTED_EDGE('',*,*,#2727,.F.);
#3731=ORIENTED_EDGE('',*,*,#2728,.T.);
#3732=ORIENTED_EDGE('',*,*,#2729,.T.);
#3733=ORIENTED_EDGE('',*,*,#2725,.F.);
#3734=ORIENTED_EDGE('',*,*,#2730,.F.);
#3735=ORIENTED_EDGE('',*,*,#2731,.T.);
#3736=ORIENTED_EDGE('',*,*,#2732,.T.);
#3737=ORIENTED_EDGE('',*,*,#2728,.F.);
#3738=ORIENTED_EDGE('',*,*,#2733,.F.);
#3739=ORIENTED_EDGE('',*,*,#2734,.T.);
#3740=ORIENTED_EDGE('',*,*,#2735,.T.);
#3741=ORIENTED_EDGE('',*,*,#2731,.F.);
#3742=ORIENTED_EDGE('',*,*,#2736,.F.);
#3743=ORIENTED_EDGE('',*,*,#2737,.T.);
#3744=ORIENTED_EDGE('',*,*,#2738,.T.);
#3745=ORIENTED_EDGE('',*,*,#2734,.F.);
#3746=ORIENTED_EDGE('',*,*,#2739,.F.);
#3747=ORIENTED_EDGE('',*,*,#2684,.T.);
#3748=ORIENTED_EDGE('',*,*,#2740,.T.);
#3749=ORIENTED_EDGE('',*,*,#2737,.F.);
#3750=ORIENTED_EDGE('',*,*,#2740,.F.);
#3751=ORIENTED_EDGE('',*,*,#2683,.F.);
#3752=ORIENTED_EDGE('',*,*,#2687,.F.);
#3753=ORIENTED_EDGE('',*,*,#2690,.F.);
#3754=ORIENTED_EDGE('',*,*,#2693,.F.);
#3755=ORIENTED_EDGE('',*,*,#2696,.F.);
#3756=ORIENTED_EDGE('',*,*,#2699,.F.);
#3757=ORIENTED_EDGE('',*,*,#2702,.F.);
#3758=ORIENTED_EDGE('',*,*,#2705,.F.);
#3759=ORIENTED_EDGE('',*,*,#2708,.F.);
#3760=ORIENTED_EDGE('',*,*,#2711,.F.);
#3761=ORIENTED_EDGE('',*,*,#2714,.F.);
#3762=ORIENTED_EDGE('',*,*,#2717,.F.);
#3763=ORIENTED_EDGE('',*,*,#2720,.F.);
#3764=ORIENTED_EDGE('',*,*,#2723,.F.);
#3765=ORIENTED_EDGE('',*,*,#2726,.F.);
#3766=ORIENTED_EDGE('',*,*,#2729,.F.);
#3767=ORIENTED_EDGE('',*,*,#2732,.F.);
#3768=ORIENTED_EDGE('',*,*,#2735,.F.);
#3769=ORIENTED_EDGE('',*,*,#2738,.F.);
#3770=ORIENTED_EDGE('',*,*,#2680,.F.);
#3771=ORIENTED_EDGE('',*,*,#2668,.F.);
#3772=ORIENTED_EDGE('',*,*,#2672,.F.);
#3773=ORIENTED_EDGE('',*,*,#2675,.F.);
#3774=ORIENTED_EDGE('',*,*,#2678,.F.);
#3775=ORIENTED_EDGE('',*,*,#2741,.F.);
#3776=ORIENTED_EDGE('',*,*,#2742,.T.);
#3777=ORIENTED_EDGE('',*,*,#2743,.T.);
#3778=ORIENTED_EDGE('',*,*,#2744,.F.);
#3779=ORIENTED_EDGE('',*,*,#2745,.F.);
#3780=ORIENTED_EDGE('',*,*,#2746,.T.);
#3781=ORIENTED_EDGE('',*,*,#2747,.T.);
#3782=ORIENTED_EDGE('',*,*,#2742,.F.);
#3783=ORIENTED_EDGE('',*,*,#2748,.F.);
#3784=ORIENTED_EDGE('',*,*,#2749,.T.);
#3785=ORIENTED_EDGE('',*,*,#2750,.T.);
#3786=ORIENTED_EDGE('',*,*,#2746,.F.);
#3787=ORIENTED_EDGE('',*,*,#2751,.F.);
#3788=ORIENTED_EDGE('',*,*,#2752,.T.);
#3789=ORIENTED_EDGE('',*,*,#2753,.T.);
#3790=ORIENTED_EDGE('',*,*,#2749,.F.);
#3791=ORIENTED_EDGE('',*,*,#2754,.F.);
#3792=ORIENTED_EDGE('',*,*,#2755,.T.);
#3793=ORIENTED_EDGE('',*,*,#2756,.T.);
#3794=ORIENTED_EDGE('',*,*,#2752,.F.);
#3795=ORIENTED_EDGE('',*,*,#2757,.F.);
#3796=ORIENTED_EDGE('',*,*,#2758,.T.);
#3797=ORIENTED_EDGE('',*,*,#2759,.T.);
#3798=ORIENTED_EDGE('',*,*,#2755,.F.);
#3799=ORIENTED_EDGE('',*,*,#2760,.F.);
#3800=ORIENTED_EDGE('',*,*,#2761,.T.);
#3801=ORIENTED_EDGE('',*,*,#2762,.T.);
#3802=ORIENTED_EDGE('',*,*,#2758,.F.);
#3803=ORIENTED_EDGE('',*,*,#2763,.F.);
#3804=ORIENTED_EDGE('',*,*,#2764,.T.);
#3805=ORIENTED_EDGE('',*,*,#2765,.T.);
#3806=ORIENTED_EDGE('',*,*,#2761,.F.);
#3807=ORIENTED_EDGE('',*,*,#2766,.F.);
#3808=ORIENTED_EDGE('',*,*,#2767,.T.);
#3809=ORIENTED_EDGE('',*,*,#2768,.T.);
#3810=ORIENTED_EDGE('',*,*,#2764,.F.);
#3811=ORIENTED_EDGE('',*,*,#2769,.F.);
#3812=ORIENTED_EDGE('',*,*,#2770,.T.);
#3813=ORIENTED_EDGE('',*,*,#2771,.T.);
#3814=ORIENTED_EDGE('',*,*,#2767,.F.);
#3815=ORIENTED_EDGE('',*,*,#2772,.F.);
#3816=ORIENTED_EDGE('',*,*,#2773,.T.);
#3817=ORIENTED_EDGE('',*,*,#2774,.T.);
#3818=ORIENTED_EDGE('',*,*,#2770,.F.);
#3819=ORIENTED_EDGE('',*,*,#2775,.F.);
#3820=ORIENTED_EDGE('',*,*,#2776,.T.);
#3821=ORIENTED_EDGE('',*,*,#2777,.T.);
#3822=ORIENTED_EDGE('',*,*,#2773,.F.);
#3823=ORIENTED_EDGE('',*,*,#2778,.F.);
#3824=ORIENTED_EDGE('',*,*,#2779,.T.);
#3825=ORIENTED_EDGE('',*,*,#2780,.T.);
#3826=ORIENTED_EDGE('',*,*,#2776,.F.);
#3827=ORIENTED_EDGE('',*,*,#2781,.F.);
#3828=ORIENTED_EDGE('',*,*,#2782,.T.);
#3829=ORIENTED_EDGE('',*,*,#2783,.T.);
#3830=ORIENTED_EDGE('',*,*,#2779,.F.);
#3831=ORIENTED_EDGE('',*,*,#2784,.F.);
#3832=ORIENTED_EDGE('',*,*,#2785,.T.);
#3833=ORIENTED_EDGE('',*,*,#2786,.T.);
#3834=ORIENTED_EDGE('',*,*,#2782,.F.);
#3835=ORIENTED_EDGE('',*,*,#2787,.F.);
#3836=ORIENTED_EDGE('',*,*,#2788,.T.);
#3837=ORIENTED_EDGE('',*,*,#2789,.T.);
#3838=ORIENTED_EDGE('',*,*,#2785,.F.);
#3839=ORIENTED_EDGE('',*,*,#2790,.F.);
#3840=ORIENTED_EDGE('',*,*,#2791,.T.);
#3841=ORIENTED_EDGE('',*,*,#2792,.T.);
#3842=ORIENTED_EDGE('',*,*,#2788,.F.);
#3843=ORIENTED_EDGE('',*,*,#2793,.F.);
#3844=ORIENTED_EDGE('',*,*,#2794,.T.);
#3845=ORIENTED_EDGE('',*,*,#2795,.T.);
#3846=ORIENTED_EDGE('',*,*,#2791,.F.);
#3847=ORIENTED_EDGE('',*,*,#2796,.F.);
#3848=ORIENTED_EDGE('',*,*,#2797,.T.);
#3849=ORIENTED_EDGE('',*,*,#2798,.T.);
#3850=ORIENTED_EDGE('',*,*,#2794,.F.);
#3851=ORIENTED_EDGE('',*,*,#2799,.F.);
#3852=ORIENTED_EDGE('',*,*,#2800,.T.);
#3853=ORIENTED_EDGE('',*,*,#2801,.T.);
#3854=ORIENTED_EDGE('',*,*,#2797,.F.);
#3855=ORIENTED_EDGE('',*,*,#2802,.F.);
#3856=ORIENTED_EDGE('',*,*,#2803,.T.);
#3857=ORIENTED_EDGE('',*,*,#2804,.T.);
#3858=ORIENTED_EDGE('',*,*,#2800,.F.);
#3859=ORIENTED_EDGE('',*,*,#2805,.F.);
#3860=ORIENTED_EDGE('',*,*,#2806,.T.);
#3861=ORIENTED_EDGE('',*,*,#2807,.T.);
#3862=ORIENTED_EDGE('',*,*,#2803,.F.);
#3863=ORIENTED_EDGE('',*,*,#2808,.F.);
#3864=ORIENTED_EDGE('',*,*,#2809,.T.);
#3865=ORIENTED_EDGE('',*,*,#2810,.T.);
#3866=ORIENTED_EDGE('',*,*,#2806,.F.);
#3867=ORIENTED_EDGE('',*,*,#2811,.F.);
#3868=ORIENTED_EDGE('',*,*,#2812,.T.);
#3869=ORIENTED_EDGE('',*,*,#2813,.T.);
#3870=ORIENTED_EDGE('',*,*,#2809,.F.);
#3871=ORIENTED_EDGE('',*,*,#2814,.F.);
#3872=ORIENTED_EDGE('',*,*,#2815,.T.);
#3873=ORIENTED_EDGE('',*,*,#2816,.T.);
#3874=ORIENTED_EDGE('',*,*,#2812,.F.);
#3875=ORIENTED_EDGE('',*,*,#2817,.F.);
#3876=ORIENTED_EDGE('',*,*,#2818,.T.);
#3877=ORIENTED_EDGE('',*,*,#2819,.T.);
#3878=ORIENTED_EDGE('',*,*,#2815,.F.);
#3879=ORIENTED_EDGE('',*,*,#2820,.F.);
#3880=ORIENTED_EDGE('',*,*,#2744,.T.);
#3881=ORIENTED_EDGE('',*,*,#2821,.T.);
#3882=ORIENTED_EDGE('',*,*,#2818,.F.);
#3883=ORIENTED_EDGE('',*,*,#2821,.F.);
#3884=ORIENTED_EDGE('',*,*,#2743,.F.);
#3885=ORIENTED_EDGE('',*,*,#2747,.F.);
#3886=ORIENTED_EDGE('',*,*,#2750,.F.);
#3887=ORIENTED_EDGE('',*,*,#2753,.F.);
#3888=ORIENTED_EDGE('',*,*,#2756,.F.);
#3889=ORIENTED_EDGE('',*,*,#2759,.F.);
#3890=ORIENTED_EDGE('',*,*,#2762,.F.);
#3891=ORIENTED_EDGE('',*,*,#2765,.F.);
#3892=ORIENTED_EDGE('',*,*,#2768,.F.);
#3893=ORIENTED_EDGE('',*,*,#2771,.F.);
#3894=ORIENTED_EDGE('',*,*,#2774,.F.);
#3895=ORIENTED_EDGE('',*,*,#2777,.F.);
#3896=ORIENTED_EDGE('',*,*,#2780,.F.);
#3897=ORIENTED_EDGE('',*,*,#2783,.F.);
#3898=ORIENTED_EDGE('',*,*,#2786,.F.);
#3899=ORIENTED_EDGE('',*,*,#2789,.F.);
#3900=ORIENTED_EDGE('',*,*,#2792,.F.);
#3901=ORIENTED_EDGE('',*,*,#2795,.F.);
#3902=ORIENTED_EDGE('',*,*,#2798,.F.);
#3903=ORIENTED_EDGE('',*,*,#2801,.F.);
#3904=ORIENTED_EDGE('',*,*,#2804,.F.);
#3905=ORIENTED_EDGE('',*,*,#2807,.F.);
#3906=ORIENTED_EDGE('',*,*,#2810,.F.);
#3907=ORIENTED_EDGE('',*,*,#2813,.F.);
#3908=ORIENTED_EDGE('',*,*,#2816,.F.);
#3909=ORIENTED_EDGE('',*,*,#2819,.F.);
#3910=ORIENTED_EDGE('',*,*,#2822,.F.);
#3911=ORIENTED_EDGE('',*,*,#2823,.T.);
#3912=ORIENTED_EDGE('',*,*,#2824,.T.);
#3913=ORIENTED_EDGE('',*,*,#2825,.F.);
#3914=ORIENTED_EDGE('',*,*,#2826,.F.);
#3915=ORIENTED_EDGE('',*,*,#2827,.T.);
#3916=ORIENTED_EDGE('',*,*,#2828,.T.);
#3917=ORIENTED_EDGE('',*,*,#2823,.F.);
#3918=ORIENTED_EDGE('',*,*,#2829,.F.);
#3919=ORIENTED_EDGE('',*,*,#2830,.T.);
#3920=ORIENTED_EDGE('',*,*,#2831,.T.);
#3921=ORIENTED_EDGE('',*,*,#2827,.F.);
#3922=ORIENTED_EDGE('',*,*,#2832,.F.);
#3923=ORIENTED_EDGE('',*,*,#2833,.T.);
#3924=ORIENTED_EDGE('',*,*,#2834,.T.);
#3925=ORIENTED_EDGE('',*,*,#2830,.F.);
#3926=ORIENTED_EDGE('',*,*,#2835,.F.);
#3927=ORIENTED_EDGE('',*,*,#2836,.T.);
#3928=ORIENTED_EDGE('',*,*,#2837,.T.);
#3929=ORIENTED_EDGE('',*,*,#2833,.F.);
#3930=ORIENTED_EDGE('',*,*,#2838,.F.);
#3931=ORIENTED_EDGE('',*,*,#2825,.T.);
#3932=ORIENTED_EDGE('',*,*,#2839,.T.);
#3933=ORIENTED_EDGE('',*,*,#2836,.F.);
#3934=ORIENTED_EDGE('',*,*,#2840,.F.);
#3935=ORIENTED_EDGE('',*,*,#2841,.T.);
#3936=ORIENTED_EDGE('',*,*,#2842,.T.);
#3937=ORIENTED_EDGE('',*,*,#2843,.F.);
#3938=ORIENTED_EDGE('',*,*,#2844,.F.);
#3939=ORIENTED_EDGE('',*,*,#2845,.T.);
#3940=ORIENTED_EDGE('',*,*,#2846,.T.);
#3941=ORIENTED_EDGE('',*,*,#2841,.F.);
#3942=ORIENTED_EDGE('',*,*,#2847,.F.);
#3943=ORIENTED_EDGE('',*,*,#2848,.T.);
#3944=ORIENTED_EDGE('',*,*,#2849,.T.);
#3945=ORIENTED_EDGE('',*,*,#2845,.F.);
#3946=ORIENTED_EDGE('',*,*,#2850,.F.);
#3947=ORIENTED_EDGE('',*,*,#2851,.T.);
#3948=ORIENTED_EDGE('',*,*,#2852,.T.);
#3949=ORIENTED_EDGE('',*,*,#2848,.F.);
#3950=ORIENTED_EDGE('',*,*,#2853,.F.);
#3951=ORIENTED_EDGE('',*,*,#2854,.T.);
#3952=ORIENTED_EDGE('',*,*,#2855,.T.);
#3953=ORIENTED_EDGE('',*,*,#2851,.F.);
#3954=ORIENTED_EDGE('',*,*,#2856,.F.);
#3955=ORIENTED_EDGE('',*,*,#2857,.T.);
#3956=ORIENTED_EDGE('',*,*,#2858,.T.);
#3957=ORIENTED_EDGE('',*,*,#2854,.F.);
#3958=ORIENTED_EDGE('',*,*,#2859,.F.);
#3959=ORIENTED_EDGE('',*,*,#2860,.T.);
#3960=ORIENTED_EDGE('',*,*,#2861,.T.);
#3961=ORIENTED_EDGE('',*,*,#2857,.F.);
#3962=ORIENTED_EDGE('',*,*,#2862,.F.);
#3963=ORIENTED_EDGE('',*,*,#2863,.T.);
#3964=ORIENTED_EDGE('',*,*,#2864,.T.);
#3965=ORIENTED_EDGE('',*,*,#2860,.F.);
#3966=ORIENTED_EDGE('',*,*,#2865,.F.);
#3967=ORIENTED_EDGE('',*,*,#2866,.T.);
#3968=ORIENTED_EDGE('',*,*,#2867,.T.);
#3969=ORIENTED_EDGE('',*,*,#2863,.F.);
#3970=ORIENTED_EDGE('',*,*,#2868,.F.);
#3971=ORIENTED_EDGE('',*,*,#2869,.T.);
#3972=ORIENTED_EDGE('',*,*,#2870,.T.);
#3973=ORIENTED_EDGE('',*,*,#2866,.F.);
#3974=ORIENTED_EDGE('',*,*,#2871,.F.);
#3975=ORIENTED_EDGE('',*,*,#2872,.T.);
#3976=ORIENTED_EDGE('',*,*,#2873,.T.);
#3977=ORIENTED_EDGE('',*,*,#2869,.F.);
#3978=ORIENTED_EDGE('',*,*,#2874,.F.);
#3979=ORIENTED_EDGE('',*,*,#2875,.T.);
#3980=ORIENTED_EDGE('',*,*,#2876,.T.);
#3981=ORIENTED_EDGE('',*,*,#2872,.F.);
#3982=ORIENTED_EDGE('',*,*,#2877,.F.);
#3983=ORIENTED_EDGE('',*,*,#2878,.T.);
#3984=ORIENTED_EDGE('',*,*,#2879,.T.);
#3985=ORIENTED_EDGE('',*,*,#2875,.F.);
#3986=ORIENTED_EDGE('',*,*,#2880,.F.);
#3987=ORIENTED_EDGE('',*,*,#2881,.T.);
#3988=ORIENTED_EDGE('',*,*,#2882,.T.);
#3989=ORIENTED_EDGE('',*,*,#2878,.F.);
#3990=ORIENTED_EDGE('',*,*,#2883,.F.);
#3991=ORIENTED_EDGE('',*,*,#2884,.T.);
#3992=ORIENTED_EDGE('',*,*,#2885,.T.);
#3993=ORIENTED_EDGE('',*,*,#2881,.F.);
#3994=ORIENTED_EDGE('',*,*,#2886,.F.);
#3995=ORIENTED_EDGE('',*,*,#2887,.T.);
#3996=ORIENTED_EDGE('',*,*,#2888,.T.);
#3997=ORIENTED_EDGE('',*,*,#2884,.F.);
#3998=ORIENTED_EDGE('',*,*,#2889,.F.);
#3999=ORIENTED_EDGE('',*,*,#2890,.T.);
#4000=ORIENTED_EDGE('',*,*,#2891,.T.);
#4001=ORIENTED_EDGE('',*,*,#2887,.F.);
#4002=ORIENTED_EDGE('',*,*,#2892,.F.);
#4003=ORIENTED_EDGE('',*,*,#2843,.T.);
#4004=ORIENTED_EDGE('',*,*,#2893,.T.);
#4005=ORIENTED_EDGE('',*,*,#2890,.F.);
#4006=ORIENTED_EDGE('',*,*,#2893,.F.);
#4007=ORIENTED_EDGE('',*,*,#2842,.F.);
#4008=ORIENTED_EDGE('',*,*,#2846,.F.);
#4009=ORIENTED_EDGE('',*,*,#2849,.F.);
#4010=ORIENTED_EDGE('',*,*,#2852,.F.);
#4011=ORIENTED_EDGE('',*,*,#2855,.F.);
#4012=ORIENTED_EDGE('',*,*,#2858,.F.);
#4013=ORIENTED_EDGE('',*,*,#2861,.F.);
#4014=ORIENTED_EDGE('',*,*,#2864,.F.);
#4015=ORIENTED_EDGE('',*,*,#2867,.F.);
#4016=ORIENTED_EDGE('',*,*,#2870,.F.);
#4017=ORIENTED_EDGE('',*,*,#2873,.F.);
#4018=ORIENTED_EDGE('',*,*,#2876,.F.);
#4019=ORIENTED_EDGE('',*,*,#2879,.F.);
#4020=ORIENTED_EDGE('',*,*,#2882,.F.);
#4021=ORIENTED_EDGE('',*,*,#2885,.F.);
#4022=ORIENTED_EDGE('',*,*,#2888,.F.);
#4023=ORIENTED_EDGE('',*,*,#2891,.F.);
#4024=ORIENTED_EDGE('',*,*,#2839,.F.);
#4025=ORIENTED_EDGE('',*,*,#2824,.F.);
#4026=ORIENTED_EDGE('',*,*,#2828,.F.);
#4027=ORIENTED_EDGE('',*,*,#2831,.F.);
#4028=ORIENTED_EDGE('',*,*,#2834,.F.);
#4029=ORIENTED_EDGE('',*,*,#2837,.F.);
#4030=ORIENTED_EDGE('',*,*,#2894,.F.);
#4031=ORIENTED_EDGE('',*,*,#2895,.T.);
#4032=ORIENTED_EDGE('',*,*,#2896,.T.);
#4033=ORIENTED_EDGE('',*,*,#2897,.F.);
#4034=ORIENTED_EDGE('',*,*,#2898,.F.);
#4035=ORIENTED_EDGE('',*,*,#2899,.T.);
#4036=ORIENTED_EDGE('',*,*,#2900,.T.);
#4037=ORIENTED_EDGE('',*,*,#2895,.F.);
#4038=ORIENTED_EDGE('',*,*,#2901,.F.);
#4039=ORIENTED_EDGE('',*,*,#2902,.T.);
#4040=ORIENTED_EDGE('',*,*,#2903,.T.);
#4041=ORIENTED_EDGE('',*,*,#2899,.F.);
#4042=ORIENTED_EDGE('',*,*,#2904,.F.);
#4043=ORIENTED_EDGE('',*,*,#2905,.T.);
#4044=ORIENTED_EDGE('',*,*,#2906,.T.);
#4045=ORIENTED_EDGE('',*,*,#2902,.F.);
#4046=ORIENTED_EDGE('',*,*,#2907,.F.);
#4047=ORIENTED_EDGE('',*,*,#2908,.T.);
#4048=ORIENTED_EDGE('',*,*,#2909,.T.);
#4049=ORIENTED_EDGE('',*,*,#2905,.F.);
#4050=ORIENTED_EDGE('',*,*,#2910,.F.);
#4051=ORIENTED_EDGE('',*,*,#2911,.T.);
#4052=ORIENTED_EDGE('',*,*,#2912,.T.);
#4053=ORIENTED_EDGE('',*,*,#2908,.F.);
#4054=ORIENTED_EDGE('',*,*,#2913,.F.);
#4055=ORIENTED_EDGE('',*,*,#2914,.T.);
#4056=ORIENTED_EDGE('',*,*,#2915,.T.);
#4057=ORIENTED_EDGE('',*,*,#2911,.F.);
#4058=ORIENTED_EDGE('',*,*,#2916,.F.);
#4059=ORIENTED_EDGE('',*,*,#2917,.T.);
#4060=ORIENTED_EDGE('',*,*,#2918,.T.);
#4061=ORIENTED_EDGE('',*,*,#2914,.F.);
#4062=ORIENTED_EDGE('',*,*,#2919,.F.);
#4063=ORIENTED_EDGE('',*,*,#2920,.T.);
#4064=ORIENTED_EDGE('',*,*,#2921,.T.);
#4065=ORIENTED_EDGE('',*,*,#2917,.F.);
#4066=ORIENTED_EDGE('',*,*,#2922,.F.);
#4067=ORIENTED_EDGE('',*,*,#2923,.T.);
#4068=ORIENTED_EDGE('',*,*,#2924,.T.);
#4069=ORIENTED_EDGE('',*,*,#2920,.F.);
#4070=ORIENTED_EDGE('',*,*,#2925,.F.);
#4071=ORIENTED_EDGE('',*,*,#2897,.T.);
#4072=ORIENTED_EDGE('',*,*,#2926,.T.);
#4073=ORIENTED_EDGE('',*,*,#2923,.F.);
#4074=ORIENTED_EDGE('',*,*,#2927,.F.);
#4075=ORIENTED_EDGE('',*,*,#2928,.T.);
#4076=ORIENTED_EDGE('',*,*,#2929,.T.);
#4077=ORIENTED_EDGE('',*,*,#2930,.F.);
#4078=ORIENTED_EDGE('',*,*,#2931,.F.);
#4079=ORIENTED_EDGE('',*,*,#2932,.T.);
#4080=ORIENTED_EDGE('',*,*,#2933,.T.);
#4081=ORIENTED_EDGE('',*,*,#2928,.F.);
#4082=ORIENTED_EDGE('',*,*,#2934,.F.);
#4083=ORIENTED_EDGE('',*,*,#2935,.T.);
#4084=ORIENTED_EDGE('',*,*,#2936,.T.);
#4085=ORIENTED_EDGE('',*,*,#2932,.F.);
#4086=ORIENTED_EDGE('',*,*,#2937,.F.);
#4087=ORIENTED_EDGE('',*,*,#2938,.T.);
#4088=ORIENTED_EDGE('',*,*,#2939,.T.);
#4089=ORIENTED_EDGE('',*,*,#2935,.F.);
#4090=ORIENTED_EDGE('',*,*,#2940,.F.);
#4091=ORIENTED_EDGE('',*,*,#2941,.T.);
#4092=ORIENTED_EDGE('',*,*,#2942,.T.);
#4093=ORIENTED_EDGE('',*,*,#2938,.F.);
#4094=ORIENTED_EDGE('',*,*,#2943,.F.);
#4095=ORIENTED_EDGE('',*,*,#2944,.T.);
#4096=ORIENTED_EDGE('',*,*,#2945,.T.);
#4097=ORIENTED_EDGE('',*,*,#2941,.F.);
#4098=ORIENTED_EDGE('',*,*,#2946,.F.);
#4099=ORIENTED_EDGE('',*,*,#2947,.T.);
#4100=ORIENTED_EDGE('',*,*,#2948,.T.);
#4101=ORIENTED_EDGE('',*,*,#2944,.F.);
#4102=ORIENTED_EDGE('',*,*,#2949,.F.);
#4103=ORIENTED_EDGE('',*,*,#2950,.T.);
#4104=ORIENTED_EDGE('',*,*,#2951,.T.);
#4105=ORIENTED_EDGE('',*,*,#2947,.F.);
#4106=ORIENTED_EDGE('',*,*,#2952,.F.);
#4107=ORIENTED_EDGE('',*,*,#2953,.T.);
#4108=ORIENTED_EDGE('',*,*,#2954,.T.);
#4109=ORIENTED_EDGE('',*,*,#2950,.F.);
#4110=ORIENTED_EDGE('',*,*,#2955,.F.);
#4111=ORIENTED_EDGE('',*,*,#2956,.T.);
#4112=ORIENTED_EDGE('',*,*,#2957,.T.);
#4113=ORIENTED_EDGE('',*,*,#2953,.F.);
#4114=ORIENTED_EDGE('',*,*,#2958,.F.);
#4115=ORIENTED_EDGE('',*,*,#2959,.T.);
#4116=ORIENTED_EDGE('',*,*,#2960,.T.);
#4117=ORIENTED_EDGE('',*,*,#2956,.F.);
#4118=ORIENTED_EDGE('',*,*,#2961,.F.);
#4119=ORIENTED_EDGE('',*,*,#2962,.T.);
#4120=ORIENTED_EDGE('',*,*,#2963,.T.);
#4121=ORIENTED_EDGE('',*,*,#2959,.F.);
#4122=ORIENTED_EDGE('',*,*,#2964,.F.);
#4123=ORIENTED_EDGE('',*,*,#2965,.T.);
#4124=ORIENTED_EDGE('',*,*,#2966,.T.);
#4125=ORIENTED_EDGE('',*,*,#2962,.F.);
#4126=ORIENTED_EDGE('',*,*,#2967,.F.);
#4127=ORIENTED_EDGE('',*,*,#2968,.T.);
#4128=ORIENTED_EDGE('',*,*,#2969,.T.);
#4129=ORIENTED_EDGE('',*,*,#2965,.F.);
#4130=ORIENTED_EDGE('',*,*,#2970,.F.);
#4131=ORIENTED_EDGE('',*,*,#2971,.T.);
#4132=ORIENTED_EDGE('',*,*,#2972,.T.);
#4133=ORIENTED_EDGE('',*,*,#2968,.F.);
#4134=ORIENTED_EDGE('',*,*,#2973,.F.);
#4135=ORIENTED_EDGE('',*,*,#2974,.T.);
#4136=ORIENTED_EDGE('',*,*,#2975,.T.);
#4137=ORIENTED_EDGE('',*,*,#2971,.F.);
#4138=ORIENTED_EDGE('',*,*,#2976,.F.);
#4139=ORIENTED_EDGE('',*,*,#2977,.T.);
#4140=ORIENTED_EDGE('',*,*,#2978,.T.);
#4141=ORIENTED_EDGE('',*,*,#2974,.F.);
#4142=ORIENTED_EDGE('',*,*,#2979,.F.);
#4143=ORIENTED_EDGE('',*,*,#2980,.T.);
#4144=ORIENTED_EDGE('',*,*,#2981,.T.);
#4145=ORIENTED_EDGE('',*,*,#2977,.F.);
#4146=ORIENTED_EDGE('',*,*,#2982,.F.);
#4147=ORIENTED_EDGE('',*,*,#2983,.T.);
#4148=ORIENTED_EDGE('',*,*,#2984,.T.);
#4149=ORIENTED_EDGE('',*,*,#2980,.F.);
#4150=ORIENTED_EDGE('',*,*,#2985,.F.);
#4151=ORIENTED_EDGE('',*,*,#2986,.T.);
#4152=ORIENTED_EDGE('',*,*,#2987,.T.);
#4153=ORIENTED_EDGE('',*,*,#2983,.F.);
#4154=ORIENTED_EDGE('',*,*,#2988,.F.);
#4155=ORIENTED_EDGE('',*,*,#2989,.T.);
#4156=ORIENTED_EDGE('',*,*,#2990,.T.);
#4157=ORIENTED_EDGE('',*,*,#2986,.F.);
#4158=ORIENTED_EDGE('',*,*,#2991,.F.);
#4159=ORIENTED_EDGE('',*,*,#2930,.T.);
#4160=ORIENTED_EDGE('',*,*,#2992,.T.);
#4161=ORIENTED_EDGE('',*,*,#2989,.F.);
#4162=ORIENTED_EDGE('',*,*,#2992,.F.);
#4163=ORIENTED_EDGE('',*,*,#2929,.F.);
#4164=ORIENTED_EDGE('',*,*,#2933,.F.);
#4165=ORIENTED_EDGE('',*,*,#2936,.F.);
#4166=ORIENTED_EDGE('',*,*,#2939,.F.);
#4167=ORIENTED_EDGE('',*,*,#2942,.F.);
#4168=ORIENTED_EDGE('',*,*,#2945,.F.);
#4169=ORIENTED_EDGE('',*,*,#2948,.F.);
#4170=ORIENTED_EDGE('',*,*,#2951,.F.);
#4171=ORIENTED_EDGE('',*,*,#2954,.F.);
#4172=ORIENTED_EDGE('',*,*,#2957,.F.);
#4173=ORIENTED_EDGE('',*,*,#2960,.F.);
#4174=ORIENTED_EDGE('',*,*,#2963,.F.);
#4175=ORIENTED_EDGE('',*,*,#2966,.F.);
#4176=ORIENTED_EDGE('',*,*,#2969,.F.);
#4177=ORIENTED_EDGE('',*,*,#2972,.F.);
#4178=ORIENTED_EDGE('',*,*,#2975,.F.);
#4179=ORIENTED_EDGE('',*,*,#2978,.F.);
#4180=ORIENTED_EDGE('',*,*,#2981,.F.);
#4181=ORIENTED_EDGE('',*,*,#2984,.F.);
#4182=ORIENTED_EDGE('',*,*,#2987,.F.);
#4183=ORIENTED_EDGE('',*,*,#2990,.F.);
#4184=ORIENTED_EDGE('',*,*,#2926,.F.);
#4185=ORIENTED_EDGE('',*,*,#2896,.F.);
#4186=ORIENTED_EDGE('',*,*,#2900,.F.);
#4187=ORIENTED_EDGE('',*,*,#2903,.F.);
#4188=ORIENTED_EDGE('',*,*,#2906,.F.);
#4189=ORIENTED_EDGE('',*,*,#2909,.F.);
#4190=ORIENTED_EDGE('',*,*,#2912,.F.);
#4191=ORIENTED_EDGE('',*,*,#2915,.F.);
#4192=ORIENTED_EDGE('',*,*,#2918,.F.);
#4193=ORIENTED_EDGE('',*,*,#2921,.F.);
#4194=ORIENTED_EDGE('',*,*,#2924,.F.);
#4195=ORIENTED_EDGE('',*,*,#2993,.T.);
#4196=ORIENTED_EDGE('',*,*,#2994,.T.);
#4197=ORIENTED_EDGE('',*,*,#2995,.T.);
#4198=ORIENTED_EDGE('',*,*,#2996,.T.);
#4199=ORIENTED_EDGE('',*,*,#2315,.T.);
#4200=ORIENTED_EDGE('',*,*,#2367,.T.);
#4201=ORIENTED_EDGE('',*,*,#2364,.T.);
#4202=ORIENTED_EDGE('',*,*,#2361,.T.);
#4203=ORIENTED_EDGE('',*,*,#2358,.T.);
#4204=ORIENTED_EDGE('',*,*,#2355,.T.);
#4205=ORIENTED_EDGE('',*,*,#2352,.T.);
#4206=ORIENTED_EDGE('',*,*,#2349,.T.);
#4207=ORIENTED_EDGE('',*,*,#2346,.T.);
#4208=ORIENTED_EDGE('',*,*,#2343,.T.);
#4209=ORIENTED_EDGE('',*,*,#2340,.T.);
#4210=ORIENTED_EDGE('',*,*,#2337,.T.);
#4211=ORIENTED_EDGE('',*,*,#2334,.T.);
#4212=ORIENTED_EDGE('',*,*,#2331,.T.);
#4213=ORIENTED_EDGE('',*,*,#2328,.T.);
#4214=ORIENTED_EDGE('',*,*,#2325,.T.);
#4215=ORIENTED_EDGE('',*,*,#2322,.T.);
#4216=ORIENTED_EDGE('',*,*,#2319,.T.);
#4217=ORIENTED_EDGE('',*,*,#2369,.T.);
#4218=ORIENTED_EDGE('',*,*,#2475,.T.);
#4219=ORIENTED_EDGE('',*,*,#2472,.T.);
#4220=ORIENTED_EDGE('',*,*,#2469,.T.);
#4221=ORIENTED_EDGE('',*,*,#2466,.T.);
#4222=ORIENTED_EDGE('',*,*,#2463,.T.);
#4223=ORIENTED_EDGE('',*,*,#2460,.T.);
#4224=ORIENTED_EDGE('',*,*,#2457,.T.);
#4225=ORIENTED_EDGE('',*,*,#2454,.T.);
#4226=ORIENTED_EDGE('',*,*,#2451,.T.);
#4227=ORIENTED_EDGE('',*,*,#2448,.T.);
#4228=ORIENTED_EDGE('',*,*,#2445,.T.);
#4229=ORIENTED_EDGE('',*,*,#2442,.T.);
#4230=ORIENTED_EDGE('',*,*,#2439,.T.);
#4231=ORIENTED_EDGE('',*,*,#2436,.T.);
#4232=ORIENTED_EDGE('',*,*,#2433,.T.);
#4233=ORIENTED_EDGE('',*,*,#2430,.T.);
#4234=ORIENTED_EDGE('',*,*,#2427,.T.);
#4235=ORIENTED_EDGE('',*,*,#2424,.T.);
#4236=ORIENTED_EDGE('',*,*,#2421,.T.);
#4237=ORIENTED_EDGE('',*,*,#2418,.T.);
#4238=ORIENTED_EDGE('',*,*,#2415,.T.);
#4239=ORIENTED_EDGE('',*,*,#2412,.T.);
#4240=ORIENTED_EDGE('',*,*,#2409,.T.);
#4241=ORIENTED_EDGE('',*,*,#2406,.T.);
#4242=ORIENTED_EDGE('',*,*,#2403,.T.);
#4243=ORIENTED_EDGE('',*,*,#2400,.T.);
#4244=ORIENTED_EDGE('',*,*,#2397,.T.);
#4245=ORIENTED_EDGE('',*,*,#2394,.T.);
#4246=ORIENTED_EDGE('',*,*,#2391,.T.);
#4247=ORIENTED_EDGE('',*,*,#2388,.T.);
#4248=ORIENTED_EDGE('',*,*,#2385,.T.);
#4249=ORIENTED_EDGE('',*,*,#2382,.T.);
#4250=ORIENTED_EDGE('',*,*,#2379,.T.);
#4251=ORIENTED_EDGE('',*,*,#2376,.T.);
#4252=ORIENTED_EDGE('',*,*,#2373,.T.);
#4253=ORIENTED_EDGE('',*,*,#2477,.T.);
#4254=ORIENTED_EDGE('',*,*,#2664,.T.);
#4255=ORIENTED_EDGE('',*,*,#2661,.T.);
#4256=ORIENTED_EDGE('',*,*,#2658,.T.);
#4257=ORIENTED_EDGE('',*,*,#2655,.T.);
#4258=ORIENTED_EDGE('',*,*,#2652,.T.);
#4259=ORIENTED_EDGE('',*,*,#2649,.T.);
#4260=ORIENTED_EDGE('',*,*,#2646,.T.);
#4261=ORIENTED_EDGE('',*,*,#2643,.T.);
#4262=ORIENTED_EDGE('',*,*,#2640,.T.);
#4263=ORIENTED_EDGE('',*,*,#2637,.T.);
#4264=ORIENTED_EDGE('',*,*,#2634,.T.);
#4265=ORIENTED_EDGE('',*,*,#2631,.T.);
#4266=ORIENTED_EDGE('',*,*,#2628,.T.);
#4267=ORIENTED_EDGE('',*,*,#2625,.T.);
#4268=ORIENTED_EDGE('',*,*,#2622,.T.);
#4269=ORIENTED_EDGE('',*,*,#2619,.T.);
#4270=ORIENTED_EDGE('',*,*,#2616,.T.);
#4271=ORIENTED_EDGE('',*,*,#2613,.T.);
#4272=ORIENTED_EDGE('',*,*,#2610,.T.);
#4273=ORIENTED_EDGE('',*,*,#2607,.T.);
#4274=ORIENTED_EDGE('',*,*,#2604,.T.);
#4275=ORIENTED_EDGE('',*,*,#2601,.T.);
#4276=ORIENTED_EDGE('',*,*,#2598,.T.);
#4277=ORIENTED_EDGE('',*,*,#2595,.T.);
#4278=ORIENTED_EDGE('',*,*,#2592,.T.);
#4279=ORIENTED_EDGE('',*,*,#2589,.T.);
#4280=ORIENTED_EDGE('',*,*,#2586,.T.);
#4281=ORIENTED_EDGE('',*,*,#2583,.T.);
#4282=ORIENTED_EDGE('',*,*,#2580,.T.);
#4283=ORIENTED_EDGE('',*,*,#2577,.T.);
#4284=ORIENTED_EDGE('',*,*,#2574,.T.);
#4285=ORIENTED_EDGE('',*,*,#2571,.T.);
#4286=ORIENTED_EDGE('',*,*,#2568,.T.);
#4287=ORIENTED_EDGE('',*,*,#2565,.T.);
#4288=ORIENTED_EDGE('',*,*,#2562,.T.);
#4289=ORIENTED_EDGE('',*,*,#2559,.T.);
#4290=ORIENTED_EDGE('',*,*,#2556,.T.);
#4291=ORIENTED_EDGE('',*,*,#2553,.T.);
#4292=ORIENTED_EDGE('',*,*,#2550,.T.);
#4293=ORIENTED_EDGE('',*,*,#2547,.T.);
#4294=ORIENTED_EDGE('',*,*,#2544,.T.);
#4295=ORIENTED_EDGE('',*,*,#2541,.T.);
#4296=ORIENTED_EDGE('',*,*,#2538,.T.);
#4297=ORIENTED_EDGE('',*,*,#2535,.T.);
#4298=ORIENTED_EDGE('',*,*,#2532,.T.);
#4299=ORIENTED_EDGE('',*,*,#2529,.T.);
#4300=ORIENTED_EDGE('',*,*,#2526,.T.);
#4301=ORIENTED_EDGE('',*,*,#2523,.T.);
#4302=ORIENTED_EDGE('',*,*,#2520,.T.);
#4303=ORIENTED_EDGE('',*,*,#2517,.T.);
#4304=ORIENTED_EDGE('',*,*,#2514,.T.);
#4305=ORIENTED_EDGE('',*,*,#2511,.T.);
#4306=ORIENTED_EDGE('',*,*,#2508,.T.);
#4307=ORIENTED_EDGE('',*,*,#2505,.T.);
#4308=ORIENTED_EDGE('',*,*,#2502,.T.);
#4309=ORIENTED_EDGE('',*,*,#2499,.T.);
#4310=ORIENTED_EDGE('',*,*,#2496,.T.);
#4311=ORIENTED_EDGE('',*,*,#2493,.T.);
#4312=ORIENTED_EDGE('',*,*,#2490,.T.);
#4313=ORIENTED_EDGE('',*,*,#2487,.T.);
#4314=ORIENTED_EDGE('',*,*,#2484,.T.);
#4315=ORIENTED_EDGE('',*,*,#2481,.T.);
#4316=ORIENTED_EDGE('',*,*,#2681,.T.);
#4317=ORIENTED_EDGE('',*,*,#2739,.T.);
#4318=ORIENTED_EDGE('',*,*,#2736,.T.);
#4319=ORIENTED_EDGE('',*,*,#2733,.T.);
#4320=ORIENTED_EDGE('',*,*,#2730,.T.);
#4321=ORIENTED_EDGE('',*,*,#2727,.T.);
#4322=ORIENTED_EDGE('',*,*,#2724,.T.);
#4323=ORIENTED_EDGE('',*,*,#2721,.T.);
#4324=ORIENTED_EDGE('',*,*,#2718,.T.);
#4325=ORIENTED_EDGE('',*,*,#2715,.T.);
#4326=ORIENTED_EDGE('',*,*,#2712,.T.);
#4327=ORIENTED_EDGE('',*,*,#2709,.T.);
#4328=ORIENTED_EDGE('',*,*,#2706,.T.);
#4329=ORIENTED_EDGE('',*,*,#2703,.T.);
#4330=ORIENTED_EDGE('',*,*,#2700,.T.);
#4331=ORIENTED_EDGE('',*,*,#2697,.T.);
#4332=ORIENTED_EDGE('',*,*,#2694,.T.);
#4333=ORIENTED_EDGE('',*,*,#2691,.T.);
#4334=ORIENTED_EDGE('',*,*,#2688,.T.);
#4335=ORIENTED_EDGE('',*,*,#2685,.T.);
#4336=ORIENTED_EDGE('',*,*,#2741,.T.);
#4337=ORIENTED_EDGE('',*,*,#2820,.T.);
#4338=ORIENTED_EDGE('',*,*,#2817,.T.);
#4339=ORIENTED_EDGE('',*,*,#2814,.T.);
#4340=ORIENTED_EDGE('',*,*,#2811,.T.);
#4341=ORIENTED_EDGE('',*,*,#2808,.T.);
#4342=ORIENTED_EDGE('',*,*,#2805,.T.);
#4343=ORIENTED_EDGE('',*,*,#2802,.T.);
#4344=ORIENTED_EDGE('',*,*,#2799,.T.);
#4345=ORIENTED_EDGE('',*,*,#2796,.T.);
#4346=ORIENTED_EDGE('',*,*,#2793,.T.);
#4347=ORIENTED_EDGE('',*,*,#2790,.T.);
#4348=ORIENTED_EDGE('',*,*,#2787,.T.);
#4349=ORIENTED_EDGE('',*,*,#2784,.T.);
#4350=ORIENTED_EDGE('',*,*,#2781,.T.);
#4351=ORIENTED_EDGE('',*,*,#2778,.T.);
#4352=ORIENTED_EDGE('',*,*,#2775,.T.);
#4353=ORIENTED_EDGE('',*,*,#2772,.T.);
#4354=ORIENTED_EDGE('',*,*,#2769,.T.);
#4355=ORIENTED_EDGE('',*,*,#2766,.T.);
#4356=ORIENTED_EDGE('',*,*,#2763,.T.);
#4357=ORIENTED_EDGE('',*,*,#2760,.T.);
#4358=ORIENTED_EDGE('',*,*,#2757,.T.);
#4359=ORIENTED_EDGE('',*,*,#2754,.T.);
#4360=ORIENTED_EDGE('',*,*,#2751,.T.);
#4361=ORIENTED_EDGE('',*,*,#2748,.T.);
#4362=ORIENTED_EDGE('',*,*,#2745,.T.);
#4363=ORIENTED_EDGE('',*,*,#2840,.T.);
#4364=ORIENTED_EDGE('',*,*,#2892,.T.);
#4365=ORIENTED_EDGE('',*,*,#2889,.T.);
#4366=ORIENTED_EDGE('',*,*,#2886,.T.);
#4367=ORIENTED_EDGE('',*,*,#2883,.T.);
#4368=ORIENTED_EDGE('',*,*,#2880,.T.);
#4369=ORIENTED_EDGE('',*,*,#2877,.T.);
#4370=ORIENTED_EDGE('',*,*,#2874,.T.);
#4371=ORIENTED_EDGE('',*,*,#2871,.T.);
#4372=ORIENTED_EDGE('',*,*,#2868,.T.);
#4373=ORIENTED_EDGE('',*,*,#2865,.T.);
#4374=ORIENTED_EDGE('',*,*,#2862,.T.);
#4375=ORIENTED_EDGE('',*,*,#2859,.T.);
#4376=ORIENTED_EDGE('',*,*,#2856,.T.);
#4377=ORIENTED_EDGE('',*,*,#2853,.T.);
#4378=ORIENTED_EDGE('',*,*,#2850,.T.);
#4379=ORIENTED_EDGE('',*,*,#2847,.T.);
#4380=ORIENTED_EDGE('',*,*,#2844,.T.);
#4381=ORIENTED_EDGE('',*,*,#2927,.T.);
#4382=ORIENTED_EDGE('',*,*,#2991,.T.);
#4383=ORIENTED_EDGE('',*,*,#2988,.T.);
#4384=ORIENTED_EDGE('',*,*,#2985,.T.);
#4385=ORIENTED_EDGE('',*,*,#2982,.T.);
#4386=ORIENTED_EDGE('',*,*,#2979,.T.);
#4387=ORIENTED_EDGE('',*,*,#2976,.T.);
#4388=ORIENTED_EDGE('',*,*,#2973,.T.);
#4389=ORIENTED_EDGE('',*,*,#2970,.T.);
#4390=ORIENTED_EDGE('',*,*,#2967,.T.);
#4391=ORIENTED_EDGE('',*,*,#2964,.T.);
#4392=ORIENTED_EDGE('',*,*,#2961,.T.);
#4393=ORIENTED_EDGE('',*,*,#2958,.T.);
#4394=ORIENTED_EDGE('',*,*,#2955,.T.);
#4395=ORIENTED_EDGE('',*,*,#2952,.T.);
#4396=ORIENTED_EDGE('',*,*,#2949,.T.);
#4397=ORIENTED_EDGE('',*,*,#2946,.T.);
#4398=ORIENTED_EDGE('',*,*,#2943,.T.);
#4399=ORIENTED_EDGE('',*,*,#2940,.T.);
#4400=ORIENTED_EDGE('',*,*,#2937,.T.);
#4401=ORIENTED_EDGE('',*,*,#2934,.T.);
#4402=ORIENTED_EDGE('',*,*,#2931,.T.);
#4403=ORIENTED_EDGE('',*,*,#2894,.T.);
#4404=ORIENTED_EDGE('',*,*,#2925,.T.);
#4405=ORIENTED_EDGE('',*,*,#2922,.T.);
#4406=ORIENTED_EDGE('',*,*,#2919,.T.);
#4407=ORIENTED_EDGE('',*,*,#2916,.T.);
#4408=ORIENTED_EDGE('',*,*,#2913,.T.);
#4409=ORIENTED_EDGE('',*,*,#2910,.T.);
#4410=ORIENTED_EDGE('',*,*,#2907,.T.);
#4411=ORIENTED_EDGE('',*,*,#2904,.T.);
#4412=ORIENTED_EDGE('',*,*,#2901,.T.);
#4413=ORIENTED_EDGE('',*,*,#2898,.T.);
#4414=ORIENTED_EDGE('',*,*,#2822,.T.);
#4415=ORIENTED_EDGE('',*,*,#2838,.T.);
#4416=ORIENTED_EDGE('',*,*,#2835,.T.);
#4417=ORIENTED_EDGE('',*,*,#2832,.T.);
#4418=ORIENTED_EDGE('',*,*,#2829,.T.);
#4419=ORIENTED_EDGE('',*,*,#2826,.T.);
#4420=ORIENTED_EDGE('',*,*,#2666,.T.);
#4421=ORIENTED_EDGE('',*,*,#2679,.T.);
#4422=ORIENTED_EDGE('',*,*,#2676,.T.);
#4423=ORIENTED_EDGE('',*,*,#2673,.T.);
#4424=ORIENTED_EDGE('',*,*,#2670,.T.);
#4425=ORIENTED_EDGE('',*,*,#2294,.F.);
#4426=ORIENTED_EDGE('',*,*,#2997,.F.);
#4427=ORIENTED_EDGE('',*,*,#2998,.F.);
#4428=ORIENTED_EDGE('',*,*,#2999,.F.);
#4429=ORIENTED_EDGE('',*,*,#2295,.F.);
#4430=ORIENTED_EDGE('',*,*,#2281,.F.);
#4431=ORIENTED_EDGE('',*,*,#3000,.F.);
#4432=ORIENTED_EDGE('',*,*,#2277,.F.);
#4433=ORIENTED_EDGE('',*,*,#2998,.T.);
#4434=ORIENTED_EDGE('',*,*,#3001,.T.);
#4435=ORIENTED_EDGE('',*,*,#2285,.F.);
#4436=ORIENTED_EDGE('',*,*,#3002,.F.);
#4437=ORIENTED_EDGE('',*,*,#2997,.T.);
#4438=ORIENTED_EDGE('',*,*,#2293,.T.);
#4439=ORIENTED_EDGE('',*,*,#2286,.F.);
#4440=ORIENTED_EDGE('',*,*,#3001,.F.);
#4441=ORIENTED_EDGE('',*,*,#2999,.T.);
#4442=ORIENTED_EDGE('',*,*,#3002,.T.);
#4443=ORIENTED_EDGE('',*,*,#2284,.F.);
#4444=ORIENTED_EDGE('',*,*,#2296,.F.);
#4445=ORIENTED_EDGE('',*,*,#2994,.F.);
#4446=ORIENTED_EDGE('',*,*,#3003,.T.);
#4447=ORIENTED_EDGE('',*,*,#2291,.F.);
#4448=ORIENTED_EDGE('',*,*,#3004,.F.);
#4449=ORIENTED_EDGE('',*,*,#2995,.F.);
#4450=ORIENTED_EDGE('',*,*,#3004,.T.);
#4451=ORIENTED_EDGE('',*,*,#2290,.F.);
#4452=ORIENTED_EDGE('',*,*,#3005,.F.);
#4453=ORIENTED_EDGE('',*,*,#2996,.F.);
#4454=ORIENTED_EDGE('',*,*,#3005,.T.);
#4455=ORIENTED_EDGE('',*,*,#2289,.F.);
#4456=ORIENTED_EDGE('',*,*,#3006,.F.);
#4457=ORIENTED_EDGE('',*,*,#2280,.T.);
#4458=ORIENTED_EDGE('',*,*,#2292,.F.);
#4459=ORIENTED_EDGE('',*,*,#3003,.F.);
#4460=ORIENTED_EDGE('',*,*,#2993,.F.);
#4461=ORIENTED_EDGE('',*,*,#3006,.T.);
#4462=ORIENTED_EDGE('',*,*,#2288,.F.);
#4463=ORIENTED_EDGE('',*,*,#2278,.T.);
#4464=ORIENTED_EDGE('',*,*,#3000,.T.);
#4465=ORIENTED_EDGE('',*,*,#2297,.T.);
#4466=ORIENTED_EDGE('',*,*,#2313,.T.);
#4467=ORIENTED_EDGE('',*,*,#2310,.T.);
#4468=ORIENTED_EDGE('',*,*,#2307,.T.);
#4469=ORIENTED_EDGE('',*,*,#2304,.T.);
#4470=ORIENTED_EDGE('',*,*,#2301,.T.);
#4471=PLANE('',#4771);
#4472=PLANE('',#4772);
#4473=PLANE('',#4773);
#4474=PLANE('',#4774);
#4475=PLANE('',#4775);
#4476=PLANE('',#4776);
#4477=PLANE('',#4777);
#4478=PLANE('',#4778);
#4479=PLANE('',#4779);
#4480=PLANE('',#4780);
#4481=PLANE('',#4781);
#4482=PLANE('',#4782);
#4483=PLANE('',#4783);
#4484=PLANE('',#4784);
#4485=PLANE('',#4785);
#4486=PLANE('',#4786);
#4487=PLANE('',#4787);
#4488=PLANE('',#4788);
#4489=PLANE('',#4789);
#4490=PLANE('',#4790);
#4491=PLANE('',#4791);
#4492=PLANE('',#4792);
#4493=PLANE('',#4793);
#4494=PLANE('',#4794);
#4495=PLANE('',#4795);
#4496=PLANE('',#4796);
#4497=PLANE('',#4797);
#4498=PLANE('',#4798);
#4499=PLANE('',#4799);
#4500=ADVANCED_FACE('',(#710),#4471,.F.);
#4501=ADVANCED_FACE('',(#711),#4472,.F.);
#4502=ADVANCED_FACE('',(#712),#4473,.T.);
#4503=ADVANCED_FACE('',(#713),#4474,.T.);
#4504=ADVANCED_FACE('',(#714),#4475,.T.);
#4505=ADVANCED_FACE('',(#715),#482,.F.);
#4506=ADVANCED_FACE('',(#716),#483,.F.);
#4507=ADVANCED_FACE('',(#717),#484,.F.);
#4508=ADVANCED_FACE('',(#718),#485,.F.);
#4509=ADVANCED_FACE('',(#719),#486,.F.);
#4510=ADVANCED_FACE('',(#720),#487,.F.);
#4511=ADVANCED_FACE('',(#721),#488,.F.);
#4512=ADVANCED_FACE('',(#722),#489,.F.);
#4513=ADVANCED_FACE('',(#723),#490,.F.);
#4514=ADVANCED_FACE('',(#724),#491,.F.);
#4515=ADVANCED_FACE('',(#725),#492,.F.);
#4516=ADVANCED_FACE('',(#726),#493,.F.);
#4517=ADVANCED_FACE('',(#727),#494,.F.);
#4518=ADVANCED_FACE('',(#728),#495,.F.);
#4519=ADVANCED_FACE('',(#729),#496,.F.);
#4520=ADVANCED_FACE('',(#730),#497,.F.);
#4521=ADVANCED_FACE('',(#731),#498,.F.);
#4522=ADVANCED_FACE('',(#732),#499,.F.);
#4523=ADVANCED_FACE('',(#733),#500,.F.);
#4524=ADVANCED_FACE('',(#734),#501,.F.);
#4525=ADVANCED_FACE('',(#735),#502,.F.);
#4526=ADVANCED_FACE('',(#736),#503,.F.);
#4527=ADVANCED_FACE('',(#737),#504,.F.);
#4528=ADVANCED_FACE('',(#738),#4476,.F.);
#4529=ADVANCED_FACE('',(#739,#15),#4477,.F.);
#4530=ADVANCED_FACE('',(#740),#505,.F.);
#4531=ADVANCED_FACE('',(#741),#506,.F.);
#4532=ADVANCED_FACE('',(#742),#507,.F.);
#4533=ADVANCED_FACE('',(#743),#508,.F.);
#4534=ADVANCED_FACE('',(#744),#509,.F.);
#4535=ADVANCED_FACE('',(#745),#510,.F.);
#4536=ADVANCED_FACE('',(#746),#511,.F.);
#4537=ADVANCED_FACE('',(#747),#512,.F.);
#4538=ADVANCED_FACE('',(#748),#513,.F.);
#4539=ADVANCED_FACE('',(#749),#514,.F.);
#4540=ADVANCED_FACE('',(#750),#515,.F.);
#4541=ADVANCED_FACE('',(#751),#516,.F.);
#4542=ADVANCED_FACE('',(#752),#517,.F.);
#4543=ADVANCED_FACE('',(#753),#518,.F.);
#4544=ADVANCED_FACE('',(#754),#519,.F.);
#4545=ADVANCED_FACE('',(#755),#520,.F.);
#4546=ADVANCED_FACE('',(#756),#521,.F.);
#4547=ADVANCED_FACE('',(#757),#522,.F.);
#4548=ADVANCED_FACE('',(#758),#523,.F.);
#4549=ADVANCED_FACE('',(#759),#524,.F.);
#4550=ADVANCED_FACE('',(#760),#525,.F.);
#4551=ADVANCED_FACE('',(#761),#526,.F.);
#4552=ADVANCED_FACE('',(#762),#527,.F.);
#4553=ADVANCED_FACE('',(#763),#528,.F.);
#4554=ADVANCED_FACE('',(#764),#529,.F.);
#4555=ADVANCED_FACE('',(#765),#530,.F.);
#4556=ADVANCED_FACE('',(#766),#531,.F.);
#4557=ADVANCED_FACE('',(#767),#532,.F.);
#4558=ADVANCED_FACE('',(#768),#533,.F.);
#4559=ADVANCED_FACE('',(#769),#534,.F.);
#4560=ADVANCED_FACE('',(#770),#535,.F.);
#4561=ADVANCED_FACE('',(#771),#536,.F.);
#4562=ADVANCED_FACE('',(#772),#537,.F.);
#4563=ADVANCED_FACE('',(#773),#538,.F.);
#4564=ADVANCED_FACE('',(#774),#539,.F.);
#4565=ADVANCED_FACE('',(#775),#540,.F.);
#4566=ADVANCED_FACE('',(#776),#4478,.F.);
#4567=ADVANCED_FACE('',(#777),#541,.F.);
#4568=ADVANCED_FACE('',(#778),#542,.F.);
#4569=ADVANCED_FACE('',(#779),#543,.F.);
#4570=ADVANCED_FACE('',(#780),#544,.F.);
#4571=ADVANCED_FACE('',(#781),#545,.F.);
#4572=ADVANCED_FACE('',(#782),#546,.F.);
#4573=ADVANCED_FACE('',(#783),#547,.F.);
#4574=ADVANCED_FACE('',(#784),#548,.F.);
#4575=ADVANCED_FACE('',(#785),#549,.F.);
#4576=ADVANCED_FACE('',(#786),#550,.F.);
#4577=ADVANCED_FACE('',(#787),#551,.F.);
#4578=ADVANCED_FACE('',(#788),#552,.F.);
#4579=ADVANCED_FACE('',(#789),#553,.F.);
#4580=ADVANCED_FACE('',(#790),#554,.F.);
#4581=ADVANCED_FACE('',(#791),#555,.F.);
#4582=ADVANCED_FACE('',(#792),#556,.F.);
#4583=ADVANCED_FACE('',(#793),#557,.F.);
#4584=ADVANCED_FACE('',(#794),#558,.F.);
#4585=ADVANCED_FACE('',(#795),#559,.F.);
#4586=ADVANCED_FACE('',(#796),#560,.F.);
#4587=ADVANCED_FACE('',(#797),#561,.F.);
#4588=ADVANCED_FACE('',(#798),#562,.F.);
#4589=ADVANCED_FACE('',(#799),#563,.F.);
#4590=ADVANCED_FACE('',(#800),#564,.F.);
#4591=ADVANCED_FACE('',(#801),#565,.F.);
#4592=ADVANCED_FACE('',(#802),#566,.F.);
#4593=ADVANCED_FACE('',(#803),#567,.F.);
#4594=ADVANCED_FACE('',(#804),#568,.F.);
#4595=ADVANCED_FACE('',(#805),#569,.F.);
#4596=ADVANCED_FACE('',(#806),#570,.F.);
#4597=ADVANCED_FACE('',(#807),#571,.F.);
#4598=ADVANCED_FACE('',(#808),#572,.F.);
#4599=ADVANCED_FACE('',(#809),#573,.F.);
#4600=ADVANCED_FACE('',(#810),#574,.F.);
#4601=ADVANCED_FACE('',(#811),#575,.F.);
#4602=ADVANCED_FACE('',(#812),#576,.F.);
#4603=ADVANCED_FACE('',(#813),#577,.F.);
#4604=ADVANCED_FACE('',(#814),#578,.F.);
#4605=ADVANCED_FACE('',(#815),#579,.F.);
#4606=ADVANCED_FACE('',(#816),#580,.F.);
#4607=ADVANCED_FACE('',(#817),#581,.F.);
#4608=ADVANCED_FACE('',(#818),#582,.F.);
#4609=ADVANCED_FACE('',(#819),#583,.F.);
#4610=ADVANCED_FACE('',(#820),#584,.F.);
#4611=ADVANCED_FACE('',(#821),#585,.F.);
#4612=ADVANCED_FACE('',(#822),#586,.F.);
#4613=ADVANCED_FACE('',(#823),#587,.F.);
#4614=ADVANCED_FACE('',(#824),#588,.F.);
#4615=ADVANCED_FACE('',(#825),#589,.F.);
#4616=ADVANCED_FACE('',(#826),#590,.F.);
#4617=ADVANCED_FACE('',(#827),#591,.F.);
#4618=ADVANCED_FACE('',(#828),#592,.F.);
#4619=ADVANCED_FACE('',(#829),#593,.F.);
#4620=ADVANCED_FACE('',(#830),#594,.F.);
#4621=ADVANCED_FACE('',(#831),#595,.F.);
#4622=ADVANCED_FACE('',(#832),#596,.F.);
#4623=ADVANCED_FACE('',(#833),#597,.F.);
#4624=ADVANCED_FACE('',(#834),#598,.F.);
#4625=ADVANCED_FACE('',(#835),#599,.F.);
#4626=ADVANCED_FACE('',(#836),#600,.F.);
#4627=ADVANCED_FACE('',(#837),#601,.F.);
#4628=ADVANCED_FACE('',(#838),#602,.F.);
#4629=ADVANCED_FACE('',(#839),#603,.F.);
#4630=ADVANCED_FACE('',(#840),#4479,.F.);
#4631=ADVANCED_FACE('',(#841),#604,.F.);
#4632=ADVANCED_FACE('',(#842),#605,.F.);
#4633=ADVANCED_FACE('',(#843),#606,.F.);
#4634=ADVANCED_FACE('',(#844),#607,.F.);
#4635=ADVANCED_FACE('',(#845),#608,.F.);
#4636=ADVANCED_FACE('',(#846),#609,.F.);
#4637=ADVANCED_FACE('',(#847),#610,.F.);
#4638=ADVANCED_FACE('',(#848),#611,.F.);
#4639=ADVANCED_FACE('',(#849),#612,.F.);
#4640=ADVANCED_FACE('',(#850),#613,.F.);
#4641=ADVANCED_FACE('',(#851),#614,.F.);
#4642=ADVANCED_FACE('',(#852),#615,.F.);
#4643=ADVANCED_FACE('',(#853),#616,.F.);
#4644=ADVANCED_FACE('',(#854),#617,.F.);
#4645=ADVANCED_FACE('',(#855),#618,.F.);
#4646=ADVANCED_FACE('',(#856),#619,.F.);
#4647=ADVANCED_FACE('',(#857),#620,.F.);
#4648=ADVANCED_FACE('',(#858),#621,.F.);
#4649=ADVANCED_FACE('',(#859),#622,.F.);
#4650=ADVANCED_FACE('',(#860),#623,.F.);
#4651=ADVANCED_FACE('',(#861),#624,.F.);
#4652=ADVANCED_FACE('',(#862),#625,.F.);
#4653=ADVANCED_FACE('',(#863),#626,.F.);
#4654=ADVANCED_FACE('',(#864),#627,.F.);
#4655=ADVANCED_FACE('',(#865),#628,.F.);
#4656=ADVANCED_FACE('',(#866,#16),#4480,.F.);
#4657=ADVANCED_FACE('',(#867),#629,.F.);
#4658=ADVANCED_FACE('',(#868),#630,.F.);
#4659=ADVANCED_FACE('',(#869),#631,.F.);
#4660=ADVANCED_FACE('',(#870),#632,.F.);
#4661=ADVANCED_FACE('',(#871),#633,.F.);
#4662=ADVANCED_FACE('',(#872),#634,.F.);
#4663=ADVANCED_FACE('',(#873),#635,.F.);
#4664=ADVANCED_FACE('',(#874),#636,.F.);
#4665=ADVANCED_FACE('',(#875),#637,.F.);
#4666=ADVANCED_FACE('',(#876),#638,.F.);
#4667=ADVANCED_FACE('',(#877),#639,.F.);
#4668=ADVANCED_FACE('',(#878),#640,.F.);
#4669=ADVANCED_FACE('',(#879),#641,.F.);
#4670=ADVANCED_FACE('',(#880),#642,.F.);
#4671=ADVANCED_FACE('',(#881),#643,.F.);
#4672=ADVANCED_FACE('',(#882),#644,.F.);
#4673=ADVANCED_FACE('',(#883),#645,.F.);
#4674=ADVANCED_FACE('',(#884),#646,.F.);
#4675=ADVANCED_FACE('',(#885),#647,.F.);
#4676=ADVANCED_FACE('',(#886),#648,.F.);
#4677=ADVANCED_FACE('',(#887),#4481,.F.);
#4678=ADVANCED_FACE('',(#888),#649,.F.);
#4679=ADVANCED_FACE('',(#889),#650,.F.);
#4680=ADVANCED_FACE('',(#890),#651,.F.);
#4681=ADVANCED_FACE('',(#891),#652,.F.);
#4682=ADVANCED_FACE('',(#892),#653,.F.);
#4683=ADVANCED_FACE('',(#893),#654,.F.);
#4684=ADVANCED_FACE('',(#894),#4482,.F.);
#4685=ADVANCED_FACE('',(#895),#655,.F.);
#4686=ADVANCED_FACE('',(#896),#656,.F.);
#4687=ADVANCED_FACE('',(#897),#657,.F.);
#4688=ADVANCED_FACE('',(#898),#658,.F.);
#4689=ADVANCED_FACE('',(#899),#659,.F.);
#4690=ADVANCED_FACE('',(#900),#660,.F.);
#4691=ADVANCED_FACE('',(#901),#661,.F.);
#4692=ADVANCED_FACE('',(#902),#662,.F.);
#4693=ADVANCED_FACE('',(#903),#663,.F.);
#4694=ADVANCED_FACE('',(#904),#664,.F.);
#4695=ADVANCED_FACE('',(#905),#665,.F.);
#4696=ADVANCED_FACE('',(#906),#666,.F.);
#4697=ADVANCED_FACE('',(#907),#667,.F.);
#4698=ADVANCED_FACE('',(#908),#668,.F.);
#4699=ADVANCED_FACE('',(#909),#669,.F.);
#4700=ADVANCED_FACE('',(#910),#670,.F.);
#4701=ADVANCED_FACE('',(#911),#671,.F.);
#4702=ADVANCED_FACE('',(#912),#672,.F.);
#4703=ADVANCED_FACE('',(#913),#673,.F.);
#4704=ADVANCED_FACE('',(#914),#674,.F.);
#4705=ADVANCED_FACE('',(#915),#675,.F.);
#4706=ADVANCED_FACE('',(#916),#676,.F.);
#4707=ADVANCED_FACE('',(#917),#677,.F.);
#4708=ADVANCED_FACE('',(#918),#4483,.F.);
#4709=ADVANCED_FACE('',(#919,#17),#4484,.F.);
#4710=ADVANCED_FACE('',(#920),#4485,.F.);
#4711=ADVANCED_FACE('',(#921),#678,.F.);
#4712=ADVANCED_FACE('',(#922),#679,.F.);
#4713=ADVANCED_FACE('',(#923),#680,.F.);
#4714=ADVANCED_FACE('',(#924),#681,.F.);
#4715=ADVANCED_FACE('',(#925),#682,.F.);
#4716=ADVANCED_FACE('',(#926),#683,.F.);
#4717=ADVANCED_FACE('',(#927),#684,.F.);
#4718=ADVANCED_FACE('',(#928),#685,.F.);
#4719=ADVANCED_FACE('',(#929),#686,.F.);
#4720=ADVANCED_FACE('',(#930),#687,.F.);
#4721=ADVANCED_FACE('',(#931),#688,.F.);
#4722=ADVANCED_FACE('',(#932),#689,.F.);
#4723=ADVANCED_FACE('',(#933),#690,.F.);
#4724=ADVANCED_FACE('',(#934),#691,.F.);
#4725=ADVANCED_FACE('',(#935),#692,.F.);
#4726=ADVANCED_FACE('',(#936),#693,.F.);
#4727=ADVANCED_FACE('',(#937),#694,.F.);
#4728=ADVANCED_FACE('',(#938),#695,.F.);
#4729=ADVANCED_FACE('',(#939),#696,.F.);
#4730=ADVANCED_FACE('',(#940),#697,.F.);
#4731=ADVANCED_FACE('',(#941),#698,.F.);
#4732=ADVANCED_FACE('',(#942),#699,.F.);
#4733=ADVANCED_FACE('',(#943),#700,.F.);
#4734=ADVANCED_FACE('',(#944),#701,.F.);
#4735=ADVANCED_FACE('',(#945),#702,.F.);
#4736=ADVANCED_FACE('',(#946),#703,.F.);
#4737=ADVANCED_FACE('',(#947),#704,.F.);
#4738=ADVANCED_FACE('',(#948),#705,.F.);
#4739=ADVANCED_FACE('',(#949),#706,.F.);
#4740=ADVANCED_FACE('',(#950),#707,.F.);
#4741=ADVANCED_FACE('',(#951),#708,.F.);
#4742=ADVANCED_FACE('',(#952),#709,.F.);
#4743=ADVANCED_FACE('',(#953,#18),#4486,.F.);
#4744=ADVANCED_FACE('',(#954,#19,#20,#21,#22,#23,#24,#25),#4487,.F.);
#4745=ADVANCED_FACE('',(#955),#4488,.F.);
#4746=ADVANCED_FACE('',(#956),#4489,.F.);
#4747=ADVANCED_FACE('',(#957),#4490,.F.);
#4748=ADVANCED_FACE('',(#958),#4491,.T.);
#4749=ADVANCED_FACE('',(#959),#4492,.T.);
#4750=ADVANCED_FACE('',(#960),#4493,.T.);
#4751=ADVANCED_FACE('',(#961),#4494,.T.);
#4752=ADVANCED_FACE('',(#962),#4495,.T.);
#4753=ADVANCED_FACE('',(#963),#4496,.T.);
#4754=ADVANCED_FACE('',(#964),#4497,.T.);
#4755=ADVANCED_FACE('',(#965),#4498,.T.);
#4756=ADVANCED_FACE('',(#966),#4499,.F.);
#4757=CLOSED_SHELL('',(#4500,#4501,#4502,#4503,#4504,#4505,#4506,#4507,
#4508,#4509,#4510,#4511,#4512,#4513,#4514,#4515,#4516,#4517,#4518,#4519,
#4520,#4521,#4522,#4523,#4524,#4525,#4526,#4527,#4528,#4529,#4530,#4531,
#4532,#4533,#4534,#4535,#4536,#4537,#4538,#4539,#4540,#4541,#4542,#4543,
#4544,#4545,#4546,#4547,#4548,#4549,#4550,#4551,#4552,#4553,#4554,#4555,
#4556,#4557,#4558,#4559,#4560,#4561,#4562,#4563,#4564,#4565,#4566,#4567,
#4568,#4569,#4570,#4571,#4572,#4573,#4574,#4575,#4576,#4577,#4578,#4579,
#4580,#4581,#4582,#4583,#4584,#4585,#4586,#4587,#4588,#4589,#4590,#4591,
#4592,#4593,#4594,#4595,#4596,#4597,#4598,#4599,#4600,#4601,#4602,#4603,
#4604,#4605,#4606,#4607,#4608,#4609,#4610,#4611,#4612,#4613,#4614,#4615,
#4616,#4617,#4618,#4619,#4620,#4621,#4622,#4623,#4624,#4625,#4626,#4627,
#4628,#4629,#4630,#4631,#4632,#4633,#4634,#4635,#4636,#4637,#4638,#4639,
#4640,#4641,#4642,#4643,#4644,#4645,#4646,#4647,#4648,#4649,#4650,#4651,
#4652,#4653,#4654,#4655,#4656,#4657,#4658,#4659,#4660,#4661,#4662,#4663,
#4664,#4665,#4666,#4667,#4668,#4669,#4670,#4671,#4672,#4673,#4674,#4675,
#4676,#4677,#4678,#4679,#4680,#4681,#4682,#4683,#4684,#4685,#4686,#4687,
#4688,#4689,#4690,#4691,#4692,#4693,#4694,#4695,#4696,#4697,#4698,#4699,
#4700,#4701,#4702,#4703,#4704,#4705,#4706,#4707,#4708,#4709,#4710,#4711,
#4712,#4713,#4714,#4715,#4716,#4717,#4718,#4719,#4720,#4721,#4722,#4723,
#4724,#4725,#4726,#4727,#4728,#4729,#4730,#4731,#4732,#4733,#4734,#4735,
#4736,#4737,#4738,#4739,#4740,#4741,#4742,#4743,#4744,#4745,#4746,#4747,
#4748,#4749,#4750,#4751,#4752,#4753,#4754,#4755,#4756));
#4758=DERIVED_UNIT_ELEMENT(#4760,1.);
#4759=DERIVED_UNIT_ELEMENT(#10487,-3.);
#4760=(
MASS_UNIT()
NAMED_UNIT(*)
SI_UNIT(.KILO.,.GRAM.)
);
#4761=DERIVED_UNIT((#4758,#4759));
#4762=MEASURE_REPRESENTATION_ITEM('density measure',
POSITIVE_RATIO_MEASURE(7850.),#4761);
#4763=PROPERTY_DEFINITION_REPRESENTATION(#4768,#4765);
#4764=PROPERTY_DEFINITION_REPRESENTATION(#4769,#4766);
#4765=REPRESENTATION('material name',(#4767),#10484);
#4766=REPRESENTATION('density',(#4762),#10484);
#4767=DESCRIPTIVE_REPRESENTATION_ITEM('Steel','Steel');
#4768=PROPERTY_DEFINITION('material property','material name',#10494);
#4769=PROPERTY_DEFINITION('material property','density of part',#10494);
#4770=AXIS2_PLACEMENT_3D('',#5136,#4800,#4801);
#4771=AXIS2_PLACEMENT_3D('',#5137,#4802,#4803);
#4772=AXIS2_PLACEMENT_3D('',#5146,#4808,#4809);
#4773=AXIS2_PLACEMENT_3D('',#5155,#4814,#4815);
#4774=AXIS2_PLACEMENT_3D('',#5174,#4826,#4827);
#4775=AXIS2_PLACEMENT_3D('',#5178,#4830,#4831);
#4776=AXIS2_PLACEMENT_3D('',#5714,#4858,#4859);
#4777=AXIS2_PLACEMENT_3D('',#5717,#4862,#4863);
#4778=AXIS2_PLACEMENT_3D('',#6546,#4900,#4901);
#4779=AXIS2_PLACEMENT_3D('',#7988,#4965,#4966);
#4780=AXIS2_PLACEMENT_3D('',#8564,#4992,#4993);
#4781=AXIS2_PLACEMENT_3D('',#9028,#5015,#5016);
#4782=AXIS2_PLACEMENT_3D('',#9169,#5025,#5026);
#4783=AXIS2_PLACEMENT_3D('',#9702,#5051,#5052);
#4784=AXIS2_PLACEMENT_3D('',#9705,#5055,#5056);
#4785=AXIS2_PLACEMENT_3D('',#9706,#5057,#5058);
#4786=AXIS2_PLACEMENT_3D('',#10448,#5094,#5095);
#4787=AXIS2_PLACEMENT_3D('',#10449,#5096,#5097);
#4788=AXIS2_PLACEMENT_3D('',#10458,#5102,#5103);
#4789=AXIS2_PLACEMENT_3D('',#10459,#5104,#5105);
#4790=AXIS2_PLACEMENT_3D('',#10460,#5106,#5107);
#4791=AXIS2_PLACEMENT_3D('',#10461,#5108,#5109);
#4792=AXIS2_PLACEMENT_3D('',#10468,#5114,#5115);
#4793=AXIS2_PLACEMENT_3D('',#10471,#5118,#5119);
#4794=AXIS2_PLACEMENT_3D('',#10472,#5120,#5121);
#4795=AXIS2_PLACEMENT_3D('',#10473,#5122,#5123);
#4796=AXIS2_PLACEMENT_3D('',#10476,#5126,#5127);
#4797=AXIS2_PLACEMENT_3D('',#10478,#5129,#5130);
#4798=AXIS2_PLACEMENT_3D('',#10480,#5132,#5133);
#4799=AXIS2_PLACEMENT_3D('',#10481,#5134,#5135);
#4800=DIRECTION('axis',(0.,0.,1.));
#4801=DIRECTION('refdir',(1.,0.,0.));
#4802=DIRECTION('center_axis',(1.,0.,0.));
#4803=DIRECTION('ref_axis',(0.,-1.,0.));
#4804=DIRECTION('',(0.,-1.,0.));
#4805=DIRECTION('',(0.,0.,1.));
#4806=DIRECTION('',(0.,-1.,0.));
#4807=DIRECTION('',(0.,0.,-1.));
#4808=DIRECTION('center_axis',(-1.,0.,0.));
#4809=DIRECTION('ref_axis',(0.,1.,0.));
#4810=DIRECTION('',(0.,1.,0.));
#4811=DIRECTION('',(0.,0.,1.));
#4812=DIRECTION('',(0.,1.,0.));
#4813=DIRECTION('',(0.,0.,-1.));
#4814=DIRECTION('center_axis',(0.,0.,1.));
#4815=DIRECTION('ref_axis',(1.,0.,0.));
#4816=DIRECTION('',(-1.,0.,0.));
#4817=DIRECTION('',(0.,1.,0.));
#4818=DIRECTION('',(1.,0.,0.));
#4819=DIRECTION('',(0.,-1.,0.));
#4820=DIRECTION('',(-1.,0.,0.));
#4821=DIRECTION('',(1.,0.,0.));
#4822=DIRECTION('',(0.,1.,0.));
#4823=DIRECTION('',(-1.,0.,0.));
#4824=DIRECTION('',(0.,-1.,0.));
#4825=DIRECTION('',(1.,0.,0.));
#4826=DIRECTION('center_axis',(0.,1.,0.));
#4827=DIRECTION('ref_axis',(-1.,0.,0.));
#4828=DIRECTION('',(0.,0.,1.));
#4829=DIRECTION('',(-1.,0.,0.));
#4830=DIRECTION('center_axis',(0.,1.,0.));
#4831=DIRECTION('ref_axis',(-1.,0.,0.));
#4832=DIRECTION('',(-1.,0.,0.));
#4833=DIRECTION('',(0.,0.,1.));
#4834=DIRECTION('',(-3.5527136788005E-14,-2.82412981889024E-14,1.));
#4835=DIRECTION('',(-3.5527136788005E-14,-2.82412981889024E-14,1.));
#4836=DIRECTION('',(-3.5527136788005E-14,-2.82412981889024E-14,1.));
#4837=DIRECTION('',(-3.5527136788005E-14,-2.82412981889024E-14,1.));
#4838=DIRECTION('',(-3.5527136788005E-14,-2.82412981889024E-14,1.));
#4839=DIRECTION('',(-3.5527136788005E-14,-2.82412981889024E-14,1.));
#4840=DIRECTION('',(-3.5527136788005E-14,-2.82412981889024E-14,1.));
#4841=DIRECTION('',(-3.5527136788005E-14,-2.82412981889024E-14,1.));
#4842=DIRECTION('',(-3.5527136788005E-14,-2.82412981889024E-14,1.));
#4843=DIRECTION('',(-3.5527136788005E-14,-2.82412981889024E-14,1.));
#4844=DIRECTION('',(-3.5527136788005E-14,-2.82412981889024E-14,1.));
#4845=DIRECTION('',(-3.5527136788005E-14,-2.82412981889024E-14,1.));
#4846=DIRECTION('',(-3.5527136788005E-14,-2.82412981889024E-14,1.));
#4847=DIRECTION('',(-3.5527136788005E-14,-2.82412981889024E-14,1.));
#4848=DIRECTION('',(-3.5527136788005E-14,-2.82412981889024E-14,1.));
#4849=DIRECTION('',(-3.5527136788005E-14,-2.82412981889024E-14,1.));
#4850=DIRECTION('',(-3.5527136788005E-14,-2.82412981889024E-14,1.));
#4851=DIRECTION('',(-3.5527136788005E-14,-2.82412981889024E-14,1.));
#4852=DIRECTION('',(-3.5527136788005E-14,-2.82412981889024E-14,1.));
#4853=DIRECTION('',(-3.5527136788005E-14,-2.82412981889024E-14,1.));
#4854=DIRECTION('',(-3.5527136788005E-14,-2.82412981889024E-14,1.));
#4855=DIRECTION('',(-3.5527136788005E-14,-2.82412981889024E-14,1.));
#4856=DIRECTION('',(-3.5527136788005E-14,-2.82412981889024E-14,1.));
#4857=DIRECTION('',(-3.5527136788005E-14,-2.82412981889024E-14,1.));
#4858=DIRECTION('center_axis',(0.999965533453609,-0.00830252400410255,3.52914382341764E-14));
#4859=DIRECTION('ref_axis',(0.00830252400410255,0.999965533453609,0.));
#4860=DIRECTION('',(0.00830252400410255,0.999965533453609,0.));
#4861=DIRECTION('',(0.00830252400410255,0.999965533453609,0.));
#4862=DIRECTION('center_axis',(-3.98773162068573E-14,-2.82354553438845E-14,
1.));
#4863=DIRECTION('ref_axis',(1.,0.,3.98773162068573E-14));
#4864=DIRECTION('',(-3.5527136788005E-14,-2.88657986402541E-14,1.));
#4865=DIRECTION('',(-3.5527136788005E-14,-2.88657986402541E-14,1.));
#4866=DIRECTION('',(-3.5527136788005E-14,-2.88657986402541E-14,1.));
#4867=DIRECTION('',(-3.5527136788005E-14,-2.88657986402541E-14,1.));
#4868=DIRECTION('',(-3.5527136788005E-14,-2.88657986402541E-14,1.));
#4869=DIRECTION('',(-3.5527136788005E-14,-2.88657986402541E-14,1.));
#4870=DIRECTION('',(-3.5527136788005E-14,-2.88657986402541E-14,1.));
#4871=DIRECTION('',(-3.5527136788005E-14,-2.88657986402541E-14,1.));
#4872=DIRECTION('',(-3.5527136788005E-14,-2.88657986402541E-14,1.));
#4873=DIRECTION('',(-3.5527136788005E-14,-2.88657986402541E-14,1.));
#4874=DIRECTION('',(-3.5527136788005E-14,-2.88657986402541E-14,1.));
#4875=DIRECTION('',(-3.5527136788005E-14,-2.88657986402541E-14,1.));
#4876=DIRECTION('',(-3.5527136788005E-14,-2.88657986402541E-14,1.));
#4877=DIRECTION('',(-3.5527136788005E-14,-2.88657986402541E-14,1.));
#4878=DIRECTION('',(-3.5527136788005E-14,-2.88657986402541E-14,1.));
#4879=DIRECTION('',(-3.5527136788005E-14,-2.88657986402541E-14,1.));
#4880=DIRECTION('',(-3.5527136788005E-14,-2.88657986402541E-14,1.));
#4881=DIRECTION('',(-3.5527136788005E-14,-2.88657986402541E-14,1.));
#4882=DIRECTION('',(-3.5527136788005E-14,-2.88657986402541E-14,1.));
#4883=DIRECTION('',(-3.5527136788005E-14,-2.88657986402541E-14,1.));
#4884=DIRECTION('',(-3.5527136788005E-14,-2.88657986402541E-14,1.));
#4885=DIRECTION('',(-3.5527136788005E-14,-2.88657986402541E-14,1.));
#4886=DIRECTION('',(-3.5527136788005E-14,-2.88657986402541E-14,1.));
#4887=DIRECTION('',(-3.5527136788005E-14,-2.88657986402541E-14,1.));
#4888=DIRECTION('',(-3.5527136788005E-14,-2.88657986402541E-14,1.));
#4889=DIRECTION('',(-3.5527136788005E-14,-2.88657986402541E-14,1.));
#4890=DIRECTION('',(-3.5527136788005E-14,-2.88657986402541E-14,1.));
#4891=DIRECTION('',(-3.5527136788005E-14,-2.88657986402541E-14,1.));
#4892=DIRECTION('',(-3.5527136788005E-14,-2.88657986402541E-14,1.));
#4893=DIRECTION('',(-3.5527136788005E-14,-2.88657986402541E-14,1.));
#4894=DIRECTION('',(-3.5527136788005E-14,-2.88657986402541E-14,1.));
#4895=DIRECTION('',(-3.5527136788005E-14,-2.88657986402541E-14,1.));
#4896=DIRECTION('',(-3.5527136788005E-14,-2.88657986402541E-14,1.));
#4897=DIRECTION('',(-3.5527136788005E-14,-2.88657986402541E-14,1.));
#4898=DIRECTION('',(-3.5527136788005E-14,-2.88657986402541E-14,1.));
#4899=DIRECTION('',(-3.5527136788005E-14,-2.88657986402541E-14,1.));
#4900=DIRECTION('center_axis',(-3.98773162068573E-14,-2.82354553438845E-14,
1.));
#4901=DIRECTION('ref_axis',(1.,0.,3.98773162068573E-14));
#4902=DIRECTION('',(-3.5527136788005E-14,-2.83106871279415E-14,1.));
#4903=DIRECTION('',(-3.5527136788005E-14,-2.83106871279415E-14,1.));
#4904=DIRECTION('',(-3.5527136788005E-14,-2.83106871279415E-14,1.));
#4905=DIRECTION('',(-3.5527136788005E-14,-2.83106871279415E-14,1.));
#4906=DIRECTION('',(-3.5527136788005E-14,-2.83106871279415E-14,1.));
#4907=DIRECTION('',(-3.5527136788005E-14,-2.83106871279415E-14,1.));
#4908=DIRECTION('',(-3.5527136788005E-14,-2.83106871279415E-14,1.));
#4909=DIRECTION('',(-3.5527136788005E-14,-2.83106871279415E-14,1.));
#4910=DIRECTION('',(-3.5527136788005E-14,-2.83106871279415E-14,1.));
#4911=DIRECTION('',(-3.5527136788005E-14,-2.83106871279415E-14,1.));
#4912=DIRECTION('',(-3.5527136788005E-14,-2.83106871279415E-14,1.));
#4913=DIRECTION('',(-3.5527136788005E-14,-2.83106871279415E-14,1.));
#4914=DIRECTION('',(-3.5527136788005E-14,-2.83106871279415E-14,1.));
#4915=DIRECTION('',(-3.5527136788005E-14,-2.83106871279415E-14,1.));
#4916=DIRECTION('',(-3.5527136788005E-14,-2.83106871279415E-14,1.));
#4917=DIRECTION('',(-3.5527136788005E-14,-2.83106871279415E-14,1.));
#4918=DIRECTION('',(-3.5527136788005E-14,-2.83106871279415E-14,1.));
#4919=DIRECTION('',(-3.5527136788005E-14,-2.83106871279415E-14,1.));
#4920=DIRECTION('',(-3.5527136788005E-14,-2.83106871279415E-14,1.));
#4921=DIRECTION('',(-3.5527136788005E-14,-2.83106871279415E-14,1.));
#4922=DIRECTION('',(-3.5527136788005E-14,-2.83106871279415E-14,1.));
#4923=DIRECTION('',(-3.5527136788005E-14,-2.83106871279415E-14,1.));
#4924=DIRECTION('',(-3.5527136788005E-14,-2.83106871279415E-14,1.));
#4925=DIRECTION('',(-3.5527136788005E-14,-2.83106871279415E-14,1.));
#4926=DIRECTION('',(-3.5527136788005E-14,-2.83106871279415E-14,1.));
#4927=DIRECTION('',(-3.5527136788005E-14,-2.83106871279415E-14,1.));
#4928=DIRECTION('',(-3.5527136788005E-14,-2.83106871279415E-14,1.));
#4929=DIRECTION('',(-3.5527136788005E-14,-2.83106871279415E-14,1.));
#4930=DIRECTION('',(-3.5527136788005E-14,-2.83106871279415E-14,1.));
#4931=DIRECTION('',(-3.5527136788005E-14,-2.83106871279415E-14,1.));
#4932=DIRECTION('',(-3.5527136788005E-14,-2.83106871279415E-14,1.));
#4933=DIRECTION('',(-3.5527136788005E-14,-2.83106871279415E-14,1.));
#4934=DIRECTION('',(-3.5527136788005E-14,-2.83106871279415E-14,1.));
#4935=DIRECTION('',(-3.5527136788005E-14,-2.83106871279415E-14,1.));
#4936=DIRECTION('',(-3.5527136788005E-14,-2.83106871279415E-14,1.));
#4937=DIRECTION('',(-3.5527136788005E-14,-2.83106871279415E-14,1.));
#4938=DIRECTION('',(-3.5527136788005E-14,-2.83106871279415E-14,1.));
#4939=DIRECTION('',(-3.5527136788005E-14,-2.83106871279415E-14,1.));
#4940=DIRECTION('',(-3.5527136788005E-14,-2.83106871279415E-14,1.));
#4941=DIRECTION('',(-3.5527136788005E-14,-2.83106871279415E-14,1.));
#4942=DIRECTION('',(-3.5527136788005E-14,-2.83106871279415E-14,1.));
#4943=DIRECTION('',(-3.5527136788005E-14,-2.83106871279415E-14,1.));
#4944=DIRECTION('',(-3.5527136788005E-14,-2.83106871279415E-14,1.));
#4945=DIRECTION('',(-3.5527136788005E-14,-2.83106871279415E-14,1.));
#4946=DIRECTION('',(-3.5527136788005E-14,-2.83106871279415E-14,1.));
#4947=DIRECTION('',(-3.5527136788005E-14,-2.83106871279415E-14,1.));
#4948=DIRECTION('',(-3.5527136788005E-14,-2.83106871279415E-14,1.));
#4949=DIRECTION('',(-3.5527136788005E-14,-2.83106871279415E-14,1.));
#4950=DIRECTION('',(-3.5527136788005E-14,-2.83106871279415E-14,1.));
#4951=DIRECTION('',(-3.5527136788005E-14,-2.83106871279415E-14,1.));
#4952=DIRECTION('',(-3.5527136788005E-14,-2.83106871279415E-14,1.));
#4953=DIRECTION('',(-3.5527136788005E-14,-2.83106871279415E-14,1.));
#4954=DIRECTION('',(-3.5527136788005E-14,-2.83106871279415E-14,1.));
#4955=DIRECTION('',(-3.5527136788005E-14,-2.83106871279415E-14,1.));
#4956=DIRECTION('',(-3.5527136788005E-14,-2.83106871279415E-14,1.));
#4957=DIRECTION('',(-3.5527136788005E-14,-2.83106871279415E-14,1.));
#4958=DIRECTION('',(-3.5527136788005E-14,-2.83106871279415E-14,1.));
#4959=DIRECTION('',(-3.5527136788005E-14,-2.83106871279415E-14,1.));
#4960=DIRECTION('',(-3.5527136788005E-14,-2.83106871279415E-14,1.));
#4961=DIRECTION('',(-3.5527136788005E-14,-2.83106871279415E-14,1.));
#4962=DIRECTION('',(-3.5527136788005E-14,-2.83106871279415E-14,1.));
#4963=DIRECTION('',(-3.5527136788005E-14,-2.83106871279415E-14,1.));
#4964=DIRECTION('',(-3.5527136788005E-14,-2.83106871279415E-14,1.));
#4965=DIRECTION('center_axis',(-3.98773162068573E-14,-2.82354553438845E-14,
1.));
#4966=DIRECTION('ref_axis',(1.,0.,3.98773162068573E-14));
#4967=DIRECTION('',(-3.99680288865056E-14,-2.83106871279415E-14,1.));
#4968=DIRECTION('',(-3.99680288865056E-14,-2.83106871279415E-14,1.));
#4969=DIRECTION('',(-3.99680288865056E-14,-2.83106871279415E-14,1.));
#4970=DIRECTION('',(-3.99680288865056E-14,-2.83106871279415E-14,1.));
#4971=DIRECTION('',(-3.99680288865056E-14,-2.83106871279415E-14,1.));
#4972=DIRECTION('',(-3.99680288865056E-14,-2.83106871279415E-14,1.));
#4973=DIRECTION('',(-3.99680288865056E-14,-2.83106871279415E-14,1.));
#4974=DIRECTION('',(-3.99680288865056E-14,-2.83106871279415E-14,1.));
#4975=DIRECTION('',(-3.99680288865056E-14,-2.83106871279415E-14,1.));
#4976=DIRECTION('',(-3.99680288865056E-14,-2.83106871279415E-14,1.));
#4977=DIRECTION('',(-3.99680288865056E-14,-2.83106871279415E-14,1.));
#4978=DIRECTION('',(-3.99680288865056E-14,-2.83106871279415E-14,1.));
#4979=DIRECTION('',(-3.99680288865056E-14,-2.83106871279415E-14,1.));
#4980=DIRECTION('',(-3.99680288865056E-14,-2.83106871279415E-14,1.));
#4981=DIRECTION('',(-3.99680288865056E-14,-2.83106871279415E-14,1.));
#4982=DIRECTION('',(-3.99680288865056E-14,-2.83106871279415E-14,1.));
#4983=DIRECTION('',(-3.99680288865056E-14,-2.83106871279415E-14,1.));
#4984=DIRECTION('',(-3.99680288865056E-14,-2.83106871279415E-14,1.));
#4985=DIRECTION('',(-3.99680288865056E-14,-2.83106871279415E-14,1.));
#4986=DIRECTION('',(-3.99680288865056E-14,-2.83106871279415E-14,1.));
#4987=DIRECTION('',(-3.99680288865056E-14,-2.83106871279415E-14,1.));
#4988=DIRECTION('',(-3.99680288865056E-14,-2.83106871279415E-14,1.));
#4989=DIRECTION('',(-3.99680288865056E-14,-2.83106871279415E-14,1.));
#4990=DIRECTION('',(-3.99680288865056E-14,-2.83106871279415E-14,1.));
#4991=DIRECTION('',(-3.99680288865056E-14,-2.83106871279415E-14,1.));
#4992=DIRECTION('center_axis',(-3.98773162068573E-14,-2.82354553438845E-14,
1.));
#4993=DIRECTION('ref_axis',(1.,0.,3.98773162068573E-14));
#4994=DIRECTION('',(-3.99680288865056E-14,-2.66453525910038E-14,1.));
#4995=DIRECTION('',(-3.99680288865056E-14,-2.66453525910038E-14,1.));
#4996=DIRECTION('',(-3.99680288865056E-14,-2.66453525910038E-14,1.));
#4997=DIRECTION('',(-3.99680288865056E-14,-2.66453525910038E-14,1.));
#4998=DIRECTION('',(-3.99680288865056E-14,-2.66453525910038E-14,1.));
#4999=DIRECTION('',(-3.99680288865056E-14,-2.66453525910038E-14,1.));
#5000=DIRECTION('',(-3.99680288865056E-14,-2.66453525910038E-14,1.));
#5001=DIRECTION('',(-3.99680288865056E-14,-2.66453525910038E-14,1.));
#5002=DIRECTION('',(-3.99680288865056E-14,-2.66453525910038E-14,1.));
#5003=DIRECTION('',(-3.99680288865056E-14,-2.66453525910038E-14,1.));
#5004=DIRECTION('',(-3.99680288865056E-14,-2.66453525910038E-14,1.));
#5005=DIRECTION('',(-3.99680288865056E-14,-2.66453525910038E-14,1.));
#5006=DIRECTION('',(-3.99680288865056E-14,-2.66453525910038E-14,1.));
#5007=DIRECTION('',(-3.99680288865056E-14,-2.66453525910038E-14,1.));
#5008=DIRECTION('',(-3.99680288865056E-14,-2.66453525910038E-14,1.));
#5009=DIRECTION('',(-3.99680288865056E-14,-2.66453525910038E-14,1.));
#5010=DIRECTION('',(-3.99680288865056E-14,-2.66453525910038E-14,1.));
#5011=DIRECTION('',(-3.99680288865056E-14,-2.66453525910038E-14,1.));
#5012=DIRECTION('',(-3.99680288865056E-14,-2.66453525910038E-14,1.));
#5013=DIRECTION('',(-3.99680288865056E-14,-2.66453525910038E-14,1.));
#5014=DIRECTION('',(-3.99680288865056E-14,-2.66453525910038E-14,1.));
#5015=DIRECTION('center_axis',(0.00830252400410974,0.999965533453609,2.69762697369497E-14));
#5016=DIRECTION('ref_axis',(-0.999965533453609,0.00830252400410973,1.22464679914735E-16));
#5017=DIRECTION('',(-0.999965533453609,0.00830252400410973,0.));
#5018=DIRECTION('',(-3.99680288865056E-14,-2.66453525910038E-14,1.));
#5019=DIRECTION('',(-0.999965533453609,0.00830252400410973,1.22464679914735E-16));
#5020=DIRECTION('',(-3.99680288865056E-14,-2.66453525910038E-14,1.));
#5021=DIRECTION('',(-3.99680288865056E-14,-2.66453525910038E-14,1.));
#5022=DIRECTION('',(-3.99680288865056E-14,-2.66453525910038E-14,1.));
#5023=DIRECTION('',(-3.99680288865056E-14,-2.66453525910038E-14,1.));
#5024=DIRECTION('',(-3.99680288865056E-14,-2.66453525910038E-14,1.));
#5025=DIRECTION('center_axis',(-3.98773162068573E-14,-2.82354553438845E-14,
1.));
#5026=DIRECTION('ref_axis',(1.,0.,3.98773162068573E-14));
#5027=DIRECTION('',(-3.5527136788005E-14,-2.82412981889024E-14,1.));
#5028=DIRECTION('',(-3.5527136788005E-14,-2.82412981889024E-14,1.));
#5029=DIRECTION('',(-3.5527136788005E-14,-2.82412981889024E-14,1.));
#5030=DIRECTION('',(-3.5527136788005E-14,-2.82412981889024E-14,1.));
#5031=DIRECTION('',(-3.5527136788005E-14,-2.82412981889024E-14,1.));
#5032=DIRECTION('',(-3.5527136788005E-14,-2.82412981889024E-14,1.));
#5033=DIRECTION('',(-3.5527136788005E-14,-2.82412981889024E-14,1.));
#5034=DIRECTION('',(-3.5527136788005E-14,-2.82412981889024E-14,1.));
#5035=DIRECTION('',(-3.5527136788005E-14,-2.82412981889024E-14,1.));
#5036=DIRECTION('',(-3.5527136788005E-14,-2.82412981889024E-14,1.));
#5037=DIRECTION('',(-3.5527136788005E-14,-2.82412981889024E-14,1.));
#5038=DIRECTION('',(-3.5527136788005E-14,-2.82412981889024E-14,1.));
#5039=DIRECTION('',(-3.5527136788005E-14,-2.82412981889024E-14,1.));
#5040=DIRECTION('',(-3.5527136788005E-14,-2.82412981889024E-14,1.));
#5041=DIRECTION('',(-3.5527136788005E-14,-2.82412981889024E-14,1.));
#5042=DIRECTION('',(-3.5527136788005E-14,-2.82412981889024E-14,1.));
#5043=DIRECTION('',(-3.5527136788005E-14,-2.82412981889024E-14,1.));
#5044=DIRECTION('',(-3.5527136788005E-14,-2.82412981889024E-14,1.));
#5045=DIRECTION('',(-3.5527136788005E-14,-2.82412981889024E-14,1.));
#5046=DIRECTION('',(-3.5527136788005E-14,-2.82412981889024E-14,1.));
#5047=DIRECTION('',(-3.5527136788005E-14,-2.82412981889024E-14,1.));
#5048=DIRECTION('',(-3.5527136788005E-14,-2.82412981889024E-14,1.));
#5049=DIRECTION('',(-3.5527136788005E-14,-2.82412981889024E-14,1.));
#5050=DIRECTION('',(-3.5527136788005E-14,-2.82412981889024E-14,1.));
#5051=DIRECTION('center_axis',(0.999965533453609,-0.00830252400410255,3.52914382341764E-14));
#5052=DIRECTION('ref_axis',(0.00830252400410255,0.999965533453609,0.));
#5053=DIRECTION('',(0.00830252400410255,0.999965533453609,0.));
#5054=DIRECTION('',(0.00830252400410255,0.999965533453609,0.));
#5055=DIRECTION('center_axis',(-3.98773162068573E-14,-2.82354553438845E-14,
1.));
#5056=DIRECTION('ref_axis',(1.,0.,3.98773162068573E-14));
#5057=DIRECTION('center_axis',(0.904577827045066,0.426308520696487,4.44427961138758E-14));
#5058=DIRECTION('ref_axis',(-0.426308520696487,0.904577827045066,5.31256810404665E-17));
#5059=DIRECTION('',(-0.426308520696487,0.904577827045066,0.));
#5060=DIRECTION('',(-3.5527136788005E-14,-2.88657986402541E-14,1.));
#5061=DIRECTION('',(-0.426308520696487,0.904577827045066,5.31256810404665E-17));
#5062=DIRECTION('',(-3.5527136788005E-14,-2.88657986402541E-14,1.));
#5063=DIRECTION('',(-3.5527136788005E-14,-2.88657986402541E-14,1.));
#5064=DIRECTION('',(-3.5527136788005E-14,-2.88657986402541E-14,1.));
#5065=DIRECTION('',(-3.5527136788005E-14,-2.88657986402541E-14,1.));
#5066=DIRECTION('',(-3.5527136788005E-14,-2.88657986402541E-14,1.));
#5067=DIRECTION('',(-3.5527136788005E-14,-2.88657986402541E-14,1.));
#5068=DIRECTION('',(-3.5527136788005E-14,-2.88657986402541E-14,1.));
#5069=DIRECTION('',(-3.5527136788005E-14,-2.88657986402541E-14,1.));
#5070=DIRECTION('',(-3.5527136788005E-14,-2.88657986402541E-14,1.));
#5071=DIRECTION('',(-3.5527136788005E-14,-2.88657986402541E-14,1.));
#5072=DIRECTION('',(-3.5527136788005E-14,-2.88657986402541E-14,1.));
#5073=DIRECTION('',(-3.5527136788005E-14,-2.88657986402541E-14,1.));
#5074=DIRECTION('',(-3.5527136788005E-14,-2.88657986402541E-14,1.));
#5075=DIRECTION('',(-3.5527136788005E-14,-2.88657986402541E-14,1.));
#5076=DIRECTION('',(-3.5527136788005E-14,-2.88657986402541E-14,1.));
#5077=DIRECTION('',(-3.5527136788005E-14,-2.88657986402541E-14,1.));
#5078=DIRECTION('',(-3.5527136788005E-14,-2.88657986402541E-14,1.));
#5079=DIRECTION('',(-3.5527136788005E-14,-2.88657986402541E-14,1.));
#5080=DIRECTION('',(-3.5527136788005E-14,-2.88657986402541E-14,1.));
#5081=DIRECTION('',(-3.5527136788005E-14,-2.88657986402541E-14,1.));
#5082=DIRECTION('',(-3.5527136788005E-14,-2.88657986402541E-14,1.));
#5083=DIRECTION('',(-3.5527136788005E-14,-2.88657986402541E-14,1.));
#5084=DIRECTION('',(-3.5527136788005E-14,-2.88657986402541E-14,1.));
#5085=DIRECTION('',(-3.5527136788005E-14,-2.88657986402541E-14,1.));
#5086=DIRECTION('',(-3.5527136788005E-14,-2.88657986402541E-14,1.));
#5087=DIRECTION('',(-3.5527136788005E-14,-2.88657986402541E-14,1.));
#5088=DIRECTION('',(-3.5527136788005E-14,-2.88657986402541E-14,1.));
#5089=DIRECTION('',(-3.5527136788005E-14,-2.88657986402541E-14,1.));
#5090=DIRECTION('',(-3.5527136788005E-14,-2.88657986402541E-14,1.));
#5091=DIRECTION('',(-3.5527136788005E-14,-2.88657986402541E-14,1.));
#5092=DIRECTION('',(-3.5527136788005E-14,-2.88657986402541E-14,1.));
#5093=DIRECTION('',(-3.5527136788005E-14,-2.88657986402541E-14,1.));
#5094=DIRECTION('center_axis',(-3.98773162068573E-14,-2.82354553438845E-14,
1.));
#5095=DIRECTION('ref_axis',(1.,0.,3.98773162068573E-14));
#5096=DIRECTION('center_axis',(0.,0.,1.));
#5097=DIRECTION('ref_axis',(1.,0.,0.));
#5098=DIRECTION('',(-1.,0.,0.));
#5099=DIRECTION('',(0.,1.,0.));
#5100=DIRECTION('',(1.,0.,0.));
#5101=DIRECTION('',(0.,-1.,0.));
#5102=DIRECTION('center_axis',(0.,0.,1.));
#5103=DIRECTION('ref_axis',(1.,0.,0.));
#5104=DIRECTION('center_axis',(0.,0.,1.));
#5105=DIRECTION('ref_axis',(1.,0.,0.));
#5106=DIRECTION('center_axis',(0.,0.,1.));
#5107=DIRECTION('ref_axis',(1.,0.,0.));
#5108=DIRECTION('center_axis',(0.,0.,1.));
#5109=DIRECTION('ref_axis',(1.,0.,0.));
#5110=DIRECTION('',(0.,-1.,0.));
#5111=DIRECTION('',(1.,0.,0.));
#5112=DIRECTION('',(0.,1.,0.));
#5113=DIRECTION('',(-1.,0.,0.));
#5114=DIRECTION('center_axis',(0.,-1.,0.));
#5115=DIRECTION('ref_axis',(1.,0.,0.));
#5116=DIRECTION('',(0.,0.,1.));
#5117=DIRECTION('',(0.,0.,1.));
#5118=DIRECTION('center_axis',(-1.,0.,0.));
#5119=DIRECTION('ref_axis',(0.,-1.,0.));
#5120=DIRECTION('center_axis',(1.,0.,0.));
#5121=DIRECTION('ref_axis',(0.,1.,0.));
#5122=DIRECTION('center_axis',(-1.,0.,0.));
#5123=DIRECTION('ref_axis',(0.,-1.,0.));
#5124=DIRECTION('',(0.,0.,1.));
#5125=DIRECTION('',(0.,0.,1.));
#5126=DIRECTION('center_axis',(0.,1.,0.));
#5127=DIRECTION('ref_axis',(-1.,0.,0.));
#5128=DIRECTION('',(0.,0.,1.));
#5129=DIRECTION('center_axis',(1.,0.,0.));
#5130=DIRECTION('ref_axis',(0.,1.,0.));
#5131=DIRECTION('',(0.,0.,1.));
#5132=DIRECTION('center_axis',(0.,-1.,0.));
#5133=DIRECTION('ref_axis',(1.,0.,0.));
#5134=DIRECTION('center_axis',(0.,0.,1.));
#5135=DIRECTION('ref_axis',(1.,0.,0.));
#5136=CARTESIAN_POINT('',(0.,0.,0.));
#5137=CARTESIAN_POINT('Origin',(-60.9,-64.454,13.));
#5138=CARTESIAN_POINT('',(-60.9,-64.454,13.));
#5139=CARTESIAN_POINT('',(-60.9,-74.454,13.));
#5140=CARTESIAN_POINT('',(-60.9,-39.5905,13.));
#5141=CARTESIAN_POINT('',(-60.9,-64.454,3.));
#5142=CARTESIAN_POINT('',(-60.9,-64.454,6.5));
#5143=CARTESIAN_POINT('',(-60.9,-74.454,3.));
#5144=CARTESIAN_POINT('',(-60.9,-74.454,3.));
#5145=CARTESIAN_POINT('',(-60.9,-74.454,6.5));
#5146=CARTESIAN_POINT('Origin',(-70.9,-74.454,13.));
#5147=CARTESIAN_POINT('',(-70.9,-74.454,13.));
#5148=CARTESIAN_POINT('',(-70.9,-64.454,13.));
#5149=CARTESIAN_POINT('',(-70.9,-44.5905,13.));
#5150=CARTESIAN_POINT('',(-70.9,-74.454,3.));
#5151=CARTESIAN_POINT('',(-70.9,-74.454,6.5));
#5152=CARTESIAN_POINT('',(-70.9,-64.454,3.));
#5153=CARTESIAN_POINT('',(-70.9,-64.454,3.));
#5154=CARTESIAN_POINT('',(-70.9,-64.454,6.5));
#5155=CARTESIAN_POINT('Origin',(88.078,-14.727,13.));
#5156=CARTESIAN_POINT('',(-80.,-64.454,13.));
#5157=CARTESIAN_POINT('',(256.156,-64.454,13.));
#5158=CARTESIAN_POINT('',(-80.,35.,13.));
#5159=CARTESIAN_POINT('',(-80.,-64.454,13.));
#5160=CARTESIAN_POINT('',(256.156,35.,13.));
#5161=CARTESIAN_POINT('',(-80.,35.,13.));
#5162=CARTESIAN_POINT('',(256.156,-64.454,13.));
#5163=CARTESIAN_POINT('',(256.156,35.,13.));
#5164=CARTESIAN_POINT('',(256.156,-64.454,13.));
#5165=CARTESIAN_POINT('',(266.156,-74.454,13.));
#5166=CARTESIAN_POINT('',(266.156,-74.454,13.));
#5167=CARTESIAN_POINT('',(266.156,45.,13.));
#5168=CARTESIAN_POINT('',(266.156,45.,13.));
#5169=CARTESIAN_POINT('',(-90.,45.,13.));
#5170=CARTESIAN_POINT('',(-90.,45.,13.));
#5171=CARTESIAN_POINT('',(-90.,-74.454,13.));
#5172=CARTESIAN_POINT('',(-90.,-74.454,13.));
#5173=CARTESIAN_POINT('',(266.156,-74.454,13.));
#5174=CARTESIAN_POINT('Origin',(256.156,-64.454,0.));
#5175=CARTESIAN_POINT('',(256.156,-64.454,3.));
#5176=CARTESIAN_POINT('',(256.156,-64.454,0.));
#5177=CARTESIAN_POINT('',(172.117,-64.454,3.));
#5178=CARTESIAN_POINT('Origin',(256.156,-64.454,0.));
#5179=CARTESIAN_POINT('',(-80.,-64.454,3.));
#5180=CARTESIAN_POINT('',(172.117,-64.454,3.));
#5181=CARTESIAN_POINT('',(-80.,-64.454,0.));
#5182=CARTESIAN_POINT('Ctrl Pts',(128.656876705312,-8.45147881173374,-5.43832219625611E-15));
#5183=CARTESIAN_POINT('Ctrl Pts',(128.656876705312,-8.45147881173377,0.999999999999995));
#5184=CARTESIAN_POINT('Ctrl Pts',(127.848663182291,-7.66252122540465,-5.33854581206746E-15));
#5185=CARTESIAN_POINT('Ctrl Pts',(127.848663182291,-7.66252122540467,0.999999999999995));
#5186=CARTESIAN_POINT('Ctrl Pts',(126.115655817834,-5.97080329640634,-5.12460085362181E-15));
#5187=CARTESIAN_POINT('Ctrl Pts',(126.115655817834,-5.97080329640636,0.999999999999995));
#5188=CARTESIAN_POINT('Ctrl Pts',(125.091726710563,-3.77220628656686,-4.99697456661672E-15));
#5189=CARTESIAN_POINT('Ctrl Pts',(125.091726710563,-3.77220628656689,0.999999999999995));
#5190=CARTESIAN_POINT('Ctrl Pts',(124.545322031684,-2.59895739207213,-4.92886867933176E-15));
#5191=CARTESIAN_POINT('Ctrl Pts',(124.545322031684,-2.59895739207216,0.999999999999995));
#5192=CARTESIAN_POINT('',(128.656876705312,-8.45147881173374,-5.43832219625611E-15));
#5193=CARTESIAN_POINT('',(124.545322031684,-2.59895739207213,-4.92886867933176E-15));
#5194=CARTESIAN_POINT('Ctrl Pts',(128.656876705312,-8.45147881173374,-5.43832219625611E-15));
#5195=CARTESIAN_POINT('Ctrl Pts',(127.848663182291,-7.66252122540465,-5.33854581206746E-15));
#5196=CARTESIAN_POINT('Ctrl Pts',(126.115655817834,-5.97080329640634,-5.12460085362181E-15));
#5197=CARTESIAN_POINT('Ctrl Pts',(125.091726710563,-3.77220628656686,-4.99697456661672E-15));
#5198=CARTESIAN_POINT('Ctrl Pts',(124.545322031684,-2.59895739207213,-4.92886867933176E-15));
#5199=CARTESIAN_POINT('',(128.656876705312,-8.45147881173377,0.999999999999995));
#5200=CARTESIAN_POINT('',(128.656876705312,-8.45147881173374,-5.43832219625611E-15));
#5201=CARTESIAN_POINT('',(124.545322031684,-2.59895739207216,0.999999999999995));
#5202=CARTESIAN_POINT('Ctrl Pts',(128.656876705312,-8.45147881173377,0.999999999999995));
#5203=CARTESIAN_POINT('Ctrl Pts',(127.848663182291,-7.66252122540467,0.999999999999995));
#5204=CARTESIAN_POINT('Ctrl Pts',(126.115655817834,-5.97080329640636,0.999999999999995));
#5205=CARTESIAN_POINT('Ctrl Pts',(125.091726710563,-3.77220628656689,0.999999999999995));
#5206=CARTESIAN_POINT('Ctrl Pts',(124.545322031684,-2.59895739207216,0.999999999999995));
#5207=CARTESIAN_POINT('',(124.545322031684,-2.59895739207213,-4.92886867933176E-15));
#5208=CARTESIAN_POINT('Ctrl Pts',(130.800111948837,-9.60385859541089,-5.70195546839998E-15));
#5209=CARTESIAN_POINT('Ctrl Pts',(130.800111948837,-9.60385859541091,0.999999999999994));
#5210=CARTESIAN_POINT('Ctrl Pts',(130.487112435831,-9.52362235558781,-5.66354382290045E-15));
#5211=CARTESIAN_POINT('Ctrl Pts',(130.487112435831,-9.52362235558784,0.999999999999994));
#5212=CARTESIAN_POINT('Ctrl Pts',(129.684385737893,-9.31784640651537,-5.5650323170581E-15));
#5213=CARTESIAN_POINT('Ctrl Pts',(129.684385737893,-9.31784640651539,0.999999999999994));
#5214=CARTESIAN_POINT('Ctrl Pts',(129.046212922787,-8.77975649261025,-5.486334269712E-15));
#5215=CARTESIAN_POINT('Ctrl Pts',(129.046212922787,-8.77975649261028,0.999999999999994));
#5216=CARTESIAN_POINT('Ctrl Pts',(128.656876705312,-8.45147881173374,-5.43832219625611E-15));
#5217=CARTESIAN_POINT('Ctrl Pts',(128.656876705312,-8.45147881173377,0.999999999999995));
#5218=CARTESIAN_POINT('',(130.800111948837,-9.60385859541089,-5.70195546839998E-15));
#5219=CARTESIAN_POINT('Ctrl Pts',(130.800111948837,-9.60385859541089,-5.70195546839998E-15));
#5220=CARTESIAN_POINT('Ctrl Pts',(130.487112435831,-9.52362235558781,-5.66354382290045E-15));
#5221=CARTESIAN_POINT('Ctrl Pts',(129.684385737893,-9.31784640651537,-5.5650323170581E-15));
#5222=CARTESIAN_POINT('Ctrl Pts',(129.046212922787,-8.77975649261025,-5.486334269712E-15));
#5223=CARTESIAN_POINT('Ctrl Pts',(128.656876705312,-8.45147881173374,-5.43832219625611E-15));
#5224=CARTESIAN_POINT('',(130.800111948837,-9.60385859541091,0.999999999999994));
#5225=CARTESIAN_POINT('',(130.800111948837,-9.60385859541089,-5.70195546839998E-15));
#5226=CARTESIAN_POINT('Ctrl Pts',(130.800111948837,-9.60385859541091,0.999999999999994));
#5227=CARTESIAN_POINT('Ctrl Pts',(130.487112435831,-9.52362235558784,0.999999999999994));
#5228=CARTESIAN_POINT('Ctrl Pts',(129.684385737893,-9.31784640651539,0.999999999999994));
#5229=CARTESIAN_POINT('Ctrl Pts',(129.046212922787,-8.77975649261028,0.999999999999994));
#5230=CARTESIAN_POINT('Ctrl Pts',(128.656876705312,-8.45147881173377,0.999999999999995));
#5231=CARTESIAN_POINT('Ctrl Pts',(131.35765401324,-9.02665008044671,-5.76964543954655E-15));
#5232=CARTESIAN_POINT('Ctrl Pts',(131.35765401324,-9.02665008044674,0.999999999999994));
#5233=CARTESIAN_POINT('Ctrl Pts',(131.335162091899,-9.1961451639112,-5.76706340536438E-15));
#5234=CARTESIAN_POINT('Ctrl Pts',(131.335162091899,-9.19614516391123,0.999999999999994));
#5235=CARTESIAN_POINT('Ctrl Pts',(131.291082407223,-9.52832175833436,-5.76200313279608E-15));
#5236=CARTESIAN_POINT('Ctrl Pts',(131.291082407223,-9.52832175833439,0.999999999999994));
#5237=CARTESIAN_POINT('Ctrl Pts',(130.96151542013,-9.57902633207115,-5.72169576297585E-15));
#5238=CARTESIAN_POINT('Ctrl Pts',(130.96151542013,-9.57902633207118,0.999999999999994));
#5239=CARTESIAN_POINT('Ctrl Pts',(130.800111948837,-9.60385859541089,-5.70195546839998E-15));
#5240=CARTESIAN_POINT('Ctrl Pts',(130.800111948837,-9.60385859541091,0.999999999999994));
#5241=CARTESIAN_POINT('',(131.35765401324,-9.02665008044671,-5.76964543954655E-15));
#5242=CARTESIAN_POINT('Ctrl Pts',(131.35765401324,-9.02665008044671,-5.76964543954655E-15));
#5243=CARTESIAN_POINT('Ctrl Pts',(131.335162091899,-9.1961451639112,-5.76706340536438E-15));
#5244=CARTESIAN_POINT('Ctrl Pts',(131.291082407223,-9.52832175833436,-5.76200313279608E-15));
#5245=CARTESIAN_POINT('Ctrl Pts',(130.96151542013,-9.57902633207115,-5.72169576297585E-15));
#5246=CARTESIAN_POINT('Ctrl Pts',(130.800111948837,-9.60385859541089,-5.70195546839998E-15));
#5247=CARTESIAN_POINT('',(131.35765401324,-9.02665008044674,0.999999999999994));
#5248=CARTESIAN_POINT('',(131.35765401324,-9.02665008044671,-5.76964543954655E-15));
#5249=CARTESIAN_POINT('Ctrl Pts',(131.35765401324,-9.02665008044674,0.999999999999994));
#5250=CARTESIAN_POINT('Ctrl Pts',(131.335162091899,-9.19614516391123,0.999999999999994));
#5251=CARTESIAN_POINT('Ctrl Pts',(131.291082407223,-9.52832175833439,0.999999999999994));
#5252=CARTESIAN_POINT('Ctrl Pts',(130.96151542013,-9.57902633207118,0.999999999999994));
#5253=CARTESIAN_POINT('Ctrl Pts',(130.800111948837,-9.60385859541091,0.999999999999994));
#5254=CARTESIAN_POINT('Ctrl Pts',(130.931691549562,-7.7721595199379,-5.71620635745637E-15));
#5255=CARTESIAN_POINT('Ctrl Pts',(130.931691549562,-7.77215951993793,0.999999999999994));
#5256=CARTESIAN_POINT('Ctrl Pts',(131.056737496442,-7.98790797433829,-5.73173890718601E-15));
#5257=CARTESIAN_POINT('Ctrl Pts',(131.056737496442,-7.98790797433831,0.999999999999994));
#5258=CARTESIAN_POINT('Ctrl Pts',(131.28325275165,-8.37872684874582,-5.75987544062672E-15));
#5259=CARTESIAN_POINT('Ctrl Pts',(131.28325275165,-8.37872684874585,0.999999999999994));
#5260=CARTESIAN_POINT('Ctrl Pts',(131.334636330728,-8.82620064020135,-5.76662287341701E-15));
#5261=CARTESIAN_POINT('Ctrl Pts',(131.334636330728,-8.82620064020138,0.999999999999994));
#5262=CARTESIAN_POINT('Ctrl Pts',(131.35765401324,-9.02665008044671,-5.76964543954655E-15));
#5263=CARTESIAN_POINT('Ctrl Pts',(131.35765401324,-9.02665008044674,0.999999999999994));
#5264=CARTESIAN_POINT('',(130.931691549562,-7.7721595199379,-5.71620635745637E-15));
#5265=CARTESIAN_POINT('Ctrl Pts',(130.931691549562,-7.7721595199379,-5.71620635745637E-15));
#5266=CARTESIAN_POINT('Ctrl Pts',(131.056737496442,-7.98790797433829,-5.73173890718601E-15));
#5267=CARTESIAN_POINT('Ctrl Pts',(131.28325275165,-8.37872684874582,-5.75987544062672E-15));
#5268=CARTESIAN_POINT('Ctrl Pts',(131.334636330728,-8.82620064020135,-5.76662287341701E-15));
#5269=CARTESIAN_POINT('Ctrl Pts',(131.35765401324,-9.02665008044671,-5.76964543954655E-15));
#5270=CARTESIAN_POINT('',(130.931691549562,-7.77215951993793,0.999999999999994));
#5271=CARTESIAN_POINT('',(130.931691549562,-7.7721595199379,-5.71620635745637E-15));
#5272=CARTESIAN_POINT('Ctrl Pts',(130.931691549562,-7.77215951993793,0.999999999999994));
#5273=CARTESIAN_POINT('Ctrl Pts',(131.056737496442,-7.98790797433831,0.999999999999994));
#5274=CARTESIAN_POINT('Ctrl Pts',(131.28325275165,-8.37872684874585,0.999999999999994));
#5275=CARTESIAN_POINT('Ctrl Pts',(131.334636330728,-8.82620064020138,0.999999999999994));
#5276=CARTESIAN_POINT('Ctrl Pts',(131.35765401324,-9.02665008044674,0.999999999999994));
#5277=CARTESIAN_POINT('Ctrl Pts',(127.732166157414,-4.19638270712777,-5.32075528132637E-15));
#5278=CARTESIAN_POINT('Ctrl Pts',(127.732166157414,-4.1963827071278,0.999999999999995));
#5279=CARTESIAN_POINT('Ctrl Pts',(128.365534480692,-4.73270275547233,-5.39886316885899E-15));
#5280=CARTESIAN_POINT('Ctrl Pts',(128.365534480692,-4.73270275547236,0.999999999999995));
#5281=CARTESIAN_POINT('Ctrl Pts',(129.598333587559,-5.77660541415414,-5.55089371798914E-15));
#5282=CARTESIAN_POINT('Ctrl Pts',(129.598333587559,-5.77660541415417,0.999999999999994));
#5283=CARTESIAN_POINT('Ctrl Pts',(130.495471284773,-7.11929572399394,-5.66212281393967E-15));
#5284=CARTESIAN_POINT('Ctrl Pts',(130.495471284773,-7.11929572399396,0.999999999999994));
#5285=CARTESIAN_POINT('Ctrl Pts',(130.931691549562,-7.7721595199379,-5.71620635745637E-15));
#5286=CARTESIAN_POINT('Ctrl Pts',(130.931691549562,-7.77215951993793,0.999999999999994));
#5287=CARTESIAN_POINT('',(127.732166157414,-4.19638270712777,-5.32075528132637E-15));
#5288=CARTESIAN_POINT('Ctrl Pts',(127.732166157414,-4.19638270712777,-5.32075528132637E-15));
#5289=CARTESIAN_POINT('Ctrl Pts',(128.365534480692,-4.73270275547233,-5.39886316885899E-15));
#5290=CARTESIAN_POINT('Ctrl Pts',(129.598333587559,-5.77660541415414,-5.55089371798914E-15));
#5291=CARTESIAN_POINT('Ctrl Pts',(130.495471284773,-7.11929572399394,-5.66212281393967E-15));
#5292=CARTESIAN_POINT('Ctrl Pts',(130.931691549562,-7.7721595199379,-5.71620635745637E-15));
#5293=CARTESIAN_POINT('',(127.732166157414,-4.1963827071278,0.999999999999995));
#5294=CARTESIAN_POINT('',(127.732166157414,-4.19638270712777,-5.32075528132637E-15));
#5295=CARTESIAN_POINT('Ctrl Pts',(127.732166157414,-4.1963827071278,0.999999999999995));
#5296=CARTESIAN_POINT('Ctrl Pts',(128.365534480692,-4.73270275547236,0.999999999999995));
#5297=CARTESIAN_POINT('Ctrl Pts',(129.598333587559,-5.77660541415417,0.999999999999994));
#5298=CARTESIAN_POINT('Ctrl Pts',(130.495471284773,-7.11929572399396,0.999999999999994));
#5299=CARTESIAN_POINT('Ctrl Pts',(130.931691549562,-7.77215951993793,0.999999999999994));
#5300=CARTESIAN_POINT('Ctrl Pts',(124.545322031684,-2.59895739207213,-4.92886867933176E-15));
#5301=CARTESIAN_POINT('Ctrl Pts',(124.545322031684,-2.59895739207216,0.999999999999995));
#5302=CARTESIAN_POINT('Ctrl Pts',(125.161808916584,-2.8267785582654,-5.00459558701504E-15));
#5303=CARTESIAN_POINT('Ctrl Pts',(125.161808916583,-2.82677855826543,0.999999999999995));
#5304=CARTESIAN_POINT('Ctrl Pts',(126.284203294238,-3.2415565564832,-5.14246624980257E-15));
#5305=CARTESIAN_POINT('Ctrl Pts',(126.284203294238,-3.24155655648323,0.999999999999995));
#5306=CARTESIAN_POINT('Ctrl Pts',(127.282289340944,-3.89972168089667,-5.26536152506833E-15));
#5307=CARTESIAN_POINT('Ctrl Pts',(127.282289340944,-3.8997216808967,0.999999999999995));
#5308=CARTESIAN_POINT('Ctrl Pts',(127.732166157414,-4.19638270712777,-5.32075528132637E-15));
#5309=CARTESIAN_POINT('Ctrl Pts',(127.732166157414,-4.1963827071278,0.999999999999995));
#5310=CARTESIAN_POINT('Ctrl Pts',(124.545322031684,-2.59895739207213,-4.92886867933176E-15));
#5311=CARTESIAN_POINT('Ctrl Pts',(125.161808916584,-2.8267785582654,-5.00459558701504E-15));
#5312=CARTESIAN_POINT('Ctrl Pts',(126.284203294238,-3.2415565564832,-5.14246624980257E-15));
#5313=CARTESIAN_POINT('Ctrl Pts',(127.282289340944,-3.89972168089667,-5.26536152506833E-15));
#5314=CARTESIAN_POINT('Ctrl Pts',(127.732166157414,-4.19638270712777,-5.32075528132637E-15));
#5315=CARTESIAN_POINT('Ctrl Pts',(124.545322031684,-2.59895739207216,0.999999999999995));
#5316=CARTESIAN_POINT('Ctrl Pts',(125.161808916583,-2.82677855826543,0.999999999999995));
#5317=CARTESIAN_POINT('Ctrl Pts',(126.284203294238,-3.24155655648323,0.999999999999995));
#5318=CARTESIAN_POINT('Ctrl Pts',(127.282289340944,-3.8997216808967,0.999999999999995));
#5319=CARTESIAN_POINT('Ctrl Pts',(127.732166157414,-4.1963827071278,0.999999999999995));
#5320=CARTESIAN_POINT('Ctrl Pts',(132.714140734415,-6.82692859111156,-5.93352482412407E-15));
#5321=CARTESIAN_POINT('Ctrl Pts',(132.714140734415,-6.82692859111159,0.999999999999994));
#5322=CARTESIAN_POINT('Ctrl Pts',(131.593996200668,-5.3776138513179,-5.79487779652676E-15));
#5323=CARTESIAN_POINT('Ctrl Pts',(131.593996200668,-5.37761385131793,0.999999999999994));
#5324=CARTESIAN_POINT('Ctrl Pts',(129.28149267261,-2.38554867752486,-5.50864532311462E-15));
#5325=CARTESIAN_POINT('Ctrl Pts',(129.28149267261,-2.38554867752488,0.999999999999994));
#5326=CARTESIAN_POINT('Ctrl Pts',(125.746752626434,-1.02576077633431,-5.0743968486545E-15));
#5327=CARTESIAN_POINT('Ctrl Pts',(125.746752626434,-1.02576077633434,0.999999999999995));
#5328=CARTESIAN_POINT('Ctrl Pts',(123.924191477674,-0.3246352149384,-4.8504922932642E-15));
#5329=CARTESIAN_POINT('Ctrl Pts',(123.924191477674,-0.324635214938428,0.999999999999995));
#5330=CARTESIAN_POINT('',(132.714140734415,-6.82692859111156,-5.93352482412407E-15));
#5331=CARTESIAN_POINT('',(123.924191477674,-0.3246352149384,-4.8504922932642E-15));
#5332=CARTESIAN_POINT('Ctrl Pts',(132.714140734415,-6.82692859111156,-5.93352482412407E-15));
#5333=CARTESIAN_POINT('Ctrl Pts',(131.593996200668,-5.3776138513179,-5.79487779652676E-15));
#5334=CARTESIAN_POINT('Ctrl Pts',(129.28149267261,-2.38554867752486,-5.50864532311462E-15));
#5335=CARTESIAN_POINT('Ctrl Pts',(125.746752626434,-1.02576077633431,-5.0743968486545E-15));
#5336=CARTESIAN_POINT('Ctrl Pts',(123.924191477674,-0.3246352149384,-4.8504922932642E-15));
#5337=CARTESIAN_POINT('',(132.714140734415,-6.82692859111159,0.999999999999994));
#5338=CARTESIAN_POINT('',(132.714140734415,-6.82692859111156,-5.93352482412407E-15));
#5339=CARTESIAN_POINT('',(123.924191477674,-0.324635214938428,0.999999999999995));
#5340=CARTESIAN_POINT('Ctrl Pts',(132.714140734415,-6.82692859111159,0.999999999999994));
#5341=CARTESIAN_POINT('Ctrl Pts',(131.593996200668,-5.37761385131793,0.999999999999994));
#5342=CARTESIAN_POINT('Ctrl Pts',(129.28149267261,-2.38554867752488,0.999999999999994));
#5343=CARTESIAN_POINT('Ctrl Pts',(125.746752626434,-1.02576077633434,0.999999999999995));
#5344=CARTESIAN_POINT('Ctrl Pts',(123.924191477674,-0.324635214938428,0.999999999999995));
#5345=CARTESIAN_POINT('',(123.924191477674,-0.3246352149384,-4.8504922932642E-15));
#5346=CARTESIAN_POINT('Ctrl Pts',(134.108149978483,-10.6204500952884,-6.10809295945098E-15));
#5347=CARTESIAN_POINT('Ctrl Pts',(134.108149978483,-10.6204500952884,0.999999999999994));
#5348=CARTESIAN_POINT('Ctrl Pts',(134.026401438062,-10.0361995376093,-6.0974879495998E-15));
#5349=CARTESIAN_POINT('Ctrl Pts',(134.026401438062,-10.0361995376093,0.999999999999994));
#5350=CARTESIAN_POINT('Ctrl Pts',(133.836193790628,-8.67680004846286,-6.07281284268786E-15));
#5351=CARTESIAN_POINT('Ctrl Pts',(133.836193790628,-8.67680004846289,0.999999999999994));
#5352=CARTESIAN_POINT('Ctrl Pts',(133.12160782168,-7.49869872744113,-5.98410646364709E-15));
#5353=CARTESIAN_POINT('Ctrl Pts',(133.12160782168,-7.49869872744116,0.999999999999994));
#5354=CARTESIAN_POINT('Ctrl Pts',(132.714140734415,-6.82692859111156,-5.93352482412407E-15));
#5355=CARTESIAN_POINT('Ctrl Pts',(132.714140734415,-6.82692859111159,0.999999999999994));
#5356=CARTESIAN_POINT('',(134.108149978483,-10.6204500952884,-6.10809295945098E-15));
#5357=CARTESIAN_POINT('Ctrl Pts',(134.108149978483,-10.6204500952884,-6.10809295945098E-15));
#5358=CARTESIAN_POINT('Ctrl Pts',(134.026401438062,-10.0361995376093,-6.0974879495998E-15));
#5359=CARTESIAN_POINT('Ctrl Pts',(133.836193790628,-8.67680004846286,-6.07281284268786E-15));
#5360=CARTESIAN_POINT('Ctrl Pts',(133.12160782168,-7.49869872744113,-5.98410646364709E-15));
#5361=CARTESIAN_POINT('Ctrl Pts',(132.714140734415,-6.82692859111156,-5.93352482412407E-15));
#5362=CARTESIAN_POINT('',(134.108149978483,-10.6204500952884,0.999999999999994));
#5363=CARTESIAN_POINT('',(134.108149978483,-10.6204500952884,-6.10809295945098E-15));
#5364=CARTESIAN_POINT('Ctrl Pts',(134.108149978483,-10.6204500952884,0.999999999999994));
#5365=CARTESIAN_POINT('Ctrl Pts',(134.026401438062,-10.0361995376093,0.999999999999994));
#5366=CARTESIAN_POINT('Ctrl Pts',(133.836193790628,-8.67680004846289,0.999999999999994));
#5367=CARTESIAN_POINT('Ctrl Pts',(133.12160782168,-7.49869872744116,0.999999999999994));
#5368=CARTESIAN_POINT('Ctrl Pts',(132.714140734415,-6.82692859111159,0.999999999999994));
#5369=CARTESIAN_POINT('Ctrl Pts',(133.338532901695,-12.2141161175052,-6.01546568432703E-15));
#5370=CARTESIAN_POINT('Ctrl Pts',(133.338532901695,-12.2141161175052,0.999999999999994));
#5371=CARTESIAN_POINT('Ctrl Pts',(133.560959144619,-11.9957464727443,-6.04248207330656E-15));
#5372=CARTESIAN_POINT('Ctrl Pts',(133.560959144619,-11.9957464727443,0.999999999999994));
#5373=CARTESIAN_POINT('Ctrl Pts',(134.008038835749,-11.5568205975926,-6.09678537260105E-15));
#5374=CARTESIAN_POINT('Ctrl Pts',(134.008038835749,-11.5568205975926,0.999999999999994));
#5375=CARTESIAN_POINT('Ctrl Pts',(134.074668954395,-10.9336084759354,-6.10431126665071E-15));
#5376=CARTESIAN_POINT('Ctrl Pts',(134.074668954395,-10.9336084759354,0.999999999999994));
#5377=CARTESIAN_POINT('Ctrl Pts',(134.108149978483,-10.6204500952884,-6.10809295945098E-15));
#5378=CARTESIAN_POINT('Ctrl Pts',(134.108149978483,-10.6204500952884,0.999999999999994));
#5379=CARTESIAN_POINT('',(133.338532901695,-12.2141161175052,-6.01546568432703E-15));
#5380=CARTESIAN_POINT('Ctrl Pts',(133.338532901695,-12.2141161175052,-6.01546568432703E-15));
#5381=CARTESIAN_POINT('Ctrl Pts',(133.560959144619,-11.9957464727443,-6.04248207330656E-15));
#5382=CARTESIAN_POINT('Ctrl Pts',(134.008038835749,-11.5568205975926,-6.09678537260105E-15));
#5383=CARTESIAN_POINT('Ctrl Pts',(134.074668954395,-10.9336084759354,-6.10431126665071E-15));
#5384=CARTESIAN_POINT('Ctrl Pts',(134.108149978483,-10.6204500952884,-6.10809295945098E-15));
#5385=CARTESIAN_POINT('',(133.338532901695,-12.2141161175052,0.999999999999994));
#5386=CARTESIAN_POINT('',(133.338532901695,-12.2141161175052,-6.01546568432703E-15));
#5387=CARTESIAN_POINT('Ctrl Pts',(133.338532901695,-12.2141161175052,0.999999999999994));
#5388=CARTESIAN_POINT('Ctrl Pts',(133.560959144619,-11.9957464727443,0.999999999999994));
#5389=CARTESIAN_POINT('Ctrl Pts',(134.008038835749,-11.5568205975926,0.999999999999994));
#5390=CARTESIAN_POINT('Ctrl Pts',(134.074668954395,-10.9336084759354,0.999999999999994));
#5391=CARTESIAN_POINT('Ctrl Pts',(134.108149978483,-10.6204500952884,0.999999999999994));
#5392=CARTESIAN_POINT('Ctrl Pts',(131.967432727807,-12.6682008471829,-5.84802182561411E-15));
#5393=CARTESIAN_POINT('Ctrl Pts',(131.967432727807,-12.6682008471829,0.999999999999994));
#5394=CARTESIAN_POINT('Ctrl Pts',(132.214068049372,-12.6505339936825,-5.87820693723862E-15));
#5395=CARTESIAN_POINT('Ctrl Pts',(132.214068049372,-12.6505339936825,0.999999999999994));
#5396=CARTESIAN_POINT('Ctrl Pts',(132.709389395336,-12.6150533917993,-5.93882814114041E-15));
#5397=CARTESIAN_POINT('Ctrl Pts',(132.709389395336,-12.6150533917993,0.999999999999994));
#5398=CARTESIAN_POINT('Ctrl Pts',(133.128240364812,-12.3481302425657,-5.98984942473873E-15));
#5399=CARTESIAN_POINT('Ctrl Pts',(133.128240364812,-12.3481302425657,0.999999999999994));
#5400=CARTESIAN_POINT('Ctrl Pts',(133.338532901695,-12.2141161175052,-6.01546568432703E-15));
#5401=CARTESIAN_POINT('Ctrl Pts',(133.338532901695,-12.2141161175052,0.999999999999994));
#5402=CARTESIAN_POINT('',(131.967432727807,-12.6682008471829,-5.84802182561411E-15));
#5403=CARTESIAN_POINT('Ctrl Pts',(131.967432727807,-12.6682008471829,-5.84802182561411E-15));
#5404=CARTESIAN_POINT('Ctrl Pts',(132.214068049372,-12.6505339936825,-5.87820693723862E-15));
#5405=CARTESIAN_POINT('Ctrl Pts',(132.709389395336,-12.6150533917993,-5.93882814114041E-15));
#5406=CARTESIAN_POINT('Ctrl Pts',(133.128240364812,-12.3481302425657,-5.98984942473873E-15));
#5407=CARTESIAN_POINT('Ctrl Pts',(133.338532901695,-12.2141161175052,-6.01546568432703E-15));
#5408=CARTESIAN_POINT('',(131.967432727807,-12.6682008471829,0.999999999999994));
#5409=CARTESIAN_POINT('',(131.967432727807,-12.6682008471829,-5.84802182561411E-15));
#5410=CARTESIAN_POINT('Ctrl Pts',(131.967432727807,-12.6682008471829,0.999999999999994));
#5411=CARTESIAN_POINT('Ctrl Pts',(132.214068049372,-12.6505339936825,0.999999999999994));
#5412=CARTESIAN_POINT('Ctrl Pts',(132.709389395336,-12.6150533917993,0.999999999999994));
#5413=CARTESIAN_POINT('Ctrl Pts',(133.128240364812,-12.3481302425657,0.999999999999994));
#5414=CARTESIAN_POINT('Ctrl Pts',(133.338532901695,-12.2141161175052,0.999999999999994));
#5415=CARTESIAN_POINT('Ctrl Pts',(125.454091720984,-8.77398882766252,-5.0464355942615E-15));
#5416=CARTESIAN_POINT('Ctrl Pts',(125.454091720984,-8.77398882766255,0.999999999999995));
#5417=CARTESIAN_POINT('Ctrl Pts',(126.535590642912,-9.89093712182542,-5.18001212361482E-15));
#5418=CARTESIAN_POINT('Ctrl Pts',(126.535590642912,-9.89093712182545,0.999999999999995));
#5419=CARTESIAN_POINT('Ctrl Pts',(128.37445760158,-11.7900784626367,-5.40713159761618E-15));
#5420=CARTESIAN_POINT('Ctrl Pts',(128.37445760158,-11.7900784626368,0.999999999999995));
#5421=CARTESIAN_POINT('Ctrl Pts',(130.919297823911,-12.4120368914634,-5.71940628542334E-15));
#5422=CARTESIAN_POINT('Ctrl Pts',(130.919297823911,-12.4120368914634,0.999999999999994));
#5423=CARTESIAN_POINT('Ctrl Pts',(131.967432727807,-12.6682008471829,-5.84802182561411E-15));
#5424=CARTESIAN_POINT('Ctrl Pts',(131.967432727807,-12.6682008471829,0.999999999999994));
#5425=CARTESIAN_POINT('',(125.454091720984,-8.77398882766252,-5.0464355942615E-15));
#5426=CARTESIAN_POINT('Ctrl Pts',(125.454091720984,-8.77398882766252,-5.0464355942615E-15));
#5427=CARTESIAN_POINT('Ctrl Pts',(126.535590642912,-9.89093712182542,-5.18001212361482E-15));
#5428=CARTESIAN_POINT('Ctrl Pts',(128.37445760158,-11.7900784626367,-5.40713159761618E-15));
#5429=CARTESIAN_POINT('Ctrl Pts',(130.919297823911,-12.4120368914634,-5.71940628542334E-15));
#5430=CARTESIAN_POINT('Ctrl Pts',(131.967432727807,-12.6682008471829,-5.84802182561411E-15));
#5431=CARTESIAN_POINT('',(125.454091720984,-8.77398882766255,0.999999999999995));
#5432=CARTESIAN_POINT('',(125.454091720984,-8.77398882766252,-5.0464355942615E-15));
#5433=CARTESIAN_POINT('Ctrl Pts',(125.454091720984,-8.77398882766255,0.999999999999995));
#5434=CARTESIAN_POINT('Ctrl Pts',(126.535590642912,-9.89093712182545,0.999999999999995));
#5435=CARTESIAN_POINT('Ctrl Pts',(128.37445760158,-11.7900784626368,0.999999999999995));
#5436=CARTESIAN_POINT('Ctrl Pts',(130.919297823911,-12.4120368914634,0.999999999999994));
#5437=CARTESIAN_POINT('Ctrl Pts',(131.967432727807,-12.6682008471829,0.999999999999994));
#5438=CARTESIAN_POINT('Ctrl Pts',(120.908742964698,0.893174449716829,-4.47998085693998E-15));
#5439=CARTESIAN_POINT('Ctrl Pts',(120.908742964698,0.893174449716801,0.999999999999996));
#5440=CARTESIAN_POINT('Ctrl Pts',(121.143430191991,-0.793606889191958,-4.51043582433253E-15));
#5441=CARTESIAN_POINT('Ctrl Pts',(121.143430191991,-0.793606889191986,0.999999999999995));
#5442=CARTESIAN_POINT('Ctrl Pts',(121.65466270536,-4.46801845960833,-4.57677760911671E-15));
#5443=CARTESIAN_POINT('Ctrl Pts',(121.65466270536,-4.46801845960836,0.999999999999995));
#5444=CARTESIAN_POINT('Ctrl Pts',(124.120321989479,-7.26240039738775,-4.88156460912933E-15));
#5445=CARTESIAN_POINT('Ctrl Pts',(124.120321989479,-7.26240039738778,0.999999999999995));
#5446=CARTESIAN_POINT('Ctrl Pts',(125.454091720984,-8.77398882766252,-5.0464355942615E-15));
#5447=CARTESIAN_POINT('Ctrl Pts',(125.454091720984,-8.77398882766255,0.999999999999995));
#5448=CARTESIAN_POINT('',(120.908742964698,0.893174449716829,-4.47998085693998E-15));
#5449=CARTESIAN_POINT('Ctrl Pts',(120.908742964698,0.893174449716829,-4.47998085693998E-15));
#5450=CARTESIAN_POINT('Ctrl Pts',(121.143430191991,-0.793606889191958,-4.51043582433253E-15));
#5451=CARTESIAN_POINT('Ctrl Pts',(121.65466270536,-4.46801845960833,-4.57677760911671E-15));
#5452=CARTESIAN_POINT('Ctrl Pts',(124.120321989479,-7.26240039738775,-4.88156460912933E-15));
#5453=CARTESIAN_POINT('Ctrl Pts',(125.454091720984,-8.77398882766252,-5.0464355942615E-15));
#5454=CARTESIAN_POINT('',(120.908742964698,0.893174449716801,0.999999999999996));
#5455=CARTESIAN_POINT('',(120.908742964698,0.893174449716829,-4.47998085693998E-15));
#5456=CARTESIAN_POINT('Ctrl Pts',(120.908742964698,0.893174449716801,0.999999999999996));
#5457=CARTESIAN_POINT('Ctrl Pts',(121.143430191991,-0.793606889191986,0.999999999999995));
#5458=CARTESIAN_POINT('Ctrl Pts',(121.65466270536,-4.46801845960836,0.999999999999995));
#5459=CARTESIAN_POINT('Ctrl Pts',(124.120321989479,-7.26240039738778,0.999999999999995));
#5460=CARTESIAN_POINT('Ctrl Pts',(125.454091720984,-8.77398882766255,0.999999999999995));
#5461=CARTESIAN_POINT('Ctrl Pts',(121.776022963893,3.73697631745592,-4.58329688281332E-15));
#5462=CARTESIAN_POINT('Ctrl Pts',(121.776022963893,3.73697631745589,0.999999999999995));
#5463=CARTESIAN_POINT('Ctrl Pts',(121.527050343196,3.33771090826598,-4.55321354088026E-15));
#5464=CARTESIAN_POINT('Ctrl Pts',(121.527050343196,3.33771090826595,0.999999999999995));
#5465=CARTESIAN_POINT('Ctrl Pts',(120.986189332498,2.47035813611289,-4.48786134802636E-15));
#5466=CARTESIAN_POINT('Ctrl Pts',(120.986189332498,2.47035813611286,0.999999999999996));
#5467=CARTESIAN_POINT('Ctrl Pts',(120.93588882105,1.44599575054541,-4.48274306109611E-15));
#5468=CARTESIAN_POINT('Ctrl Pts',(120.93588882105,1.44599575054538,0.999999999999996));
#5469=CARTESIAN_POINT('Ctrl Pts',(120.908742964698,0.893174449716829,-4.47998085693998E-15));
#5470=CARTESIAN_POINT('Ctrl Pts',(120.908742964698,0.893174449716801,0.999999999999996));
#5471=CARTESIAN_POINT('',(121.776022963893,3.73697631745592,-4.58329688281332E-15));
#5472=CARTESIAN_POINT('Ctrl Pts',(121.776022963893,3.73697631745592,-4.58329688281332E-15));
#5473=CARTESIAN_POINT('Ctrl Pts',(121.527050343196,3.33771090826598,-4.55321354088026E-15));
#5474=CARTESIAN_POINT('Ctrl Pts',(120.986189332498,2.47035813611289,-4.48786134802636E-15));
#5475=CARTESIAN_POINT('Ctrl Pts',(120.93588882105,1.44599575054541,-4.48274306109611E-15));
#5476=CARTESIAN_POINT('Ctrl Pts',(120.908742964698,0.893174449716829,-4.47998085693998E-15));
#5477=CARTESIAN_POINT('',(121.776022963893,3.73697631745589,0.999999999999995));
#5478=CARTESIAN_POINT('',(121.776022963893,3.73697631745592,-4.58329688281332E-15));
#5479=CARTESIAN_POINT('Ctrl Pts',(121.776022963893,3.73697631745589,0.999999999999995));
#5480=CARTESIAN_POINT('Ctrl Pts',(121.527050343196,3.33771090826595,0.999999999999995));
#5481=CARTESIAN_POINT('Ctrl Pts',(120.986189332498,2.47035813611286,0.999999999999996));
#5482=CARTESIAN_POINT('Ctrl Pts',(120.93588882105,1.44599575054538,0.999999999999996));
#5483=CARTESIAN_POINT('Ctrl Pts',(120.908742964698,0.893174449716801,0.999999999999996));
#5484=CARTESIAN_POINT('Ctrl Pts',(125.22117666343,5.22115173799542,-5.00368292709232E-15));
#5485=CARTESIAN_POINT('Ctrl Pts',(125.22117666343,5.22115173799539,0.999999999999995));
#5486=CARTESIAN_POINT('Ctrl Pts',(124.539107948716,5.1718503844037,-4.92020660716982E-15));
#5487=CARTESIAN_POINT('Ctrl Pts',(124.539107948716,5.17185038440367,0.999999999999995));
#5488=CARTESIAN_POINT('Ctrl Pts',(123.215410310022,5.07617074989476,-4.75820327057833E-15));
#5489=CARTESIAN_POINT('Ctrl Pts',(123.215410310022,5.07617074989473,0.999999999999995));
#5490=CARTESIAN_POINT('Ctrl Pts',(122.245946167307,4.17418909369649,-4.64039935092744E-15));
#5491=CARTESIAN_POINT('Ctrl Pts',(122.245946167307,4.17418909369647,0.999999999999995));
#5492=CARTESIAN_POINT('Ctrl Pts',(121.776022963893,3.73697631745592,-4.58329688281332E-15));
#5493=CARTESIAN_POINT('Ctrl Pts',(121.776022963893,3.73697631745589,0.999999999999995));
#5494=CARTESIAN_POINT('',(125.22117666343,5.22115173799542,-5.00368292709232E-15));
#5495=CARTESIAN_POINT('Ctrl Pts',(125.22117666343,5.22115173799542,-5.00368292709232E-15));
#5496=CARTESIAN_POINT('Ctrl Pts',(124.539107948716,5.1718503844037,-4.92020660716982E-15));
#5497=CARTESIAN_POINT('Ctrl Pts',(123.215410310022,5.07617074989476,-4.75820327057833E-15));
#5498=CARTESIAN_POINT('Ctrl Pts',(122.245946167307,4.17418909369649,-4.64039935092744E-15));
#5499=CARTESIAN_POINT('Ctrl Pts',(121.776022963893,3.73697631745592,-4.58329688281332E-15));
#5500=CARTESIAN_POINT('',(125.22117666343,5.22115173799539,0.999999999999995));
#5501=CARTESIAN_POINT('',(125.22117666343,5.22115173799542,-5.00368292709232E-15));
#5502=CARTESIAN_POINT('Ctrl Pts',(125.22117666343,5.22115173799539,0.999999999999995));
#5503=CARTESIAN_POINT('Ctrl Pts',(124.539107948716,5.17185038440367,0.999999999999995));
#5504=CARTESIAN_POINT('Ctrl Pts',(123.215410310022,5.07617074989473,0.999999999999995));
#5505=CARTESIAN_POINT('Ctrl Pts',(122.245946167307,4.17418909369647,0.999999999999995));
#5506=CARTESIAN_POINT('Ctrl Pts',(121.776022963893,3.73697631745589,0.999999999999995));
#5507=CARTESIAN_POINT('Ctrl Pts',(129.806274840872,3.84485491845136,-5.56657552610685E-15));
#5508=CARTESIAN_POINT('Ctrl Pts',(129.806274840872,3.84485491845133,0.999999999999994));
#5509=CARTESIAN_POINT('Ctrl Pts',(129.029890063597,4.24097797094432,-5.47109632550684E-15));
#5510=CARTESIAN_POINT('Ctrl Pts',(129.029890063597,4.24097797094429,0.999999999999995));
#5511=CARTESIAN_POINT('Ctrl Pts',(127.582691139552,4.97936037118794,-5.29312091895404E-15));
#5512=CARTESIAN_POINT('Ctrl Pts',(127.582691139552,4.97936037118791,0.999999999999995));
#5513=CARTESIAN_POINT('Ctrl Pts',(125.969112235789,5.14457191341538,-5.09535332432871E-15));
#5514=CARTESIAN_POINT('Ctrl Pts',(125.969112235789,5.14457191341536,0.999999999999995));
#5515=CARTESIAN_POINT('Ctrl Pts',(125.22117666343,5.22115173799542,-5.00368292709232E-15));
#5516=CARTESIAN_POINT('Ctrl Pts',(125.22117666343,5.22115173799539,0.999999999999995));
#5517=CARTESIAN_POINT('',(129.806274840872,3.84485491845136,-5.56657552610685E-15));
#5518=CARTESIAN_POINT('Ctrl Pts',(129.806274840872,3.84485491845136,-5.56657552610685E-15));
#5519=CARTESIAN_POINT('Ctrl Pts',(129.029890063597,4.24097797094432,-5.47109632550684E-15));
#5520=CARTESIAN_POINT('Ctrl Pts',(127.582691139552,4.97936037118794,-5.29312091895404E-15));
#5521=CARTESIAN_POINT('Ctrl Pts',(125.969112235789,5.14457191341538,-5.09535332432871E-15));
#5522=CARTESIAN_POINT('Ctrl Pts',(125.22117666343,5.22115173799542,-5.00368292709232E-15));
#5523=CARTESIAN_POINT('',(129.806274840872,3.84485491845133,0.999999999999994));
#5524=CARTESIAN_POINT('',(129.806274840872,3.84485491845136,-5.56657552610685E-15));
#5525=CARTESIAN_POINT('Ctrl Pts',(129.806274840872,3.84485491845133,0.999999999999994));
#5526=CARTESIAN_POINT('Ctrl Pts',(129.029890063597,4.24097797094429,0.999999999999995));
#5527=CARTESIAN_POINT('Ctrl Pts',(127.582691139552,4.97936037118791,0.999999999999995));
#5528=CARTESIAN_POINT('Ctrl Pts',(125.969112235789,5.14457191341536,0.999999999999995));
#5529=CARTESIAN_POINT('Ctrl Pts',(125.22117666343,5.22115173799539,0.999999999999995));
#5530=CARTESIAN_POINT('Ctrl Pts',(134.43191359773,0.344511101807345,-6.13659240173537E-15));
#5531=CARTESIAN_POINT('Ctrl Pts',(134.431913597729,0.344511101807317,0.999999999999994));
#5532=CARTESIAN_POINT('Ctrl Pts',(133.70676424373,1.02099279931534,-6.04710245546323E-15));
#5533=CARTESIAN_POINT('Ctrl Pts',(133.70676424373,1.02099279931531,0.999999999999994));
#5534=CARTESIAN_POINT('Ctrl Pts',(132.285163882303,2.34718390790895,-5.87166419676116E-15));
#5535=CARTESIAN_POINT('Ctrl Pts',(132.285163882303,2.34718390790892,0.999999999999994));
#5536=CARTESIAN_POINT('Ctrl Pts',(130.621375359959,3.35239543450049,-5.66689382582159E-15));
#5537=CARTESIAN_POINT('Ctrl Pts',(130.621375359959,3.35239543450046,0.999999999999994));
#5538=CARTESIAN_POINT('Ctrl Pts',(129.806274840872,3.84485491845136,-5.56657552610685E-15));
#5539=CARTESIAN_POINT('Ctrl Pts',(129.806274840872,3.84485491845133,0.999999999999994));
#5540=CARTESIAN_POINT('',(134.43191359773,0.344511101807345,-6.13659240173537E-15));
#5541=CARTESIAN_POINT('Ctrl Pts',(134.43191359773,0.344511101807345,-6.13659240173537E-15));
#5542=CARTESIAN_POINT('Ctrl Pts',(133.70676424373,1.02099279931534,-6.04710245546323E-15));
#5543=CARTESIAN_POINT('Ctrl Pts',(132.285163882303,2.34718390790895,-5.87166419676116E-15));
#5544=CARTESIAN_POINT('Ctrl Pts',(130.621375359959,3.35239543450049,-5.66689382582159E-15));
#5545=CARTESIAN_POINT('Ctrl Pts',(129.806274840872,3.84485491845136,-5.56657552610685E-15));
#5546=CARTESIAN_POINT('',(134.431913597729,0.344511101807317,0.999999999999994));
#5547=CARTESIAN_POINT('',(134.43191359773,0.344511101807345,-6.13659240173537E-15));
#5548=CARTESIAN_POINT('Ctrl Pts',(134.431913597729,0.344511101807317,0.999999999999994));
#5549=CARTESIAN_POINT('Ctrl Pts',(133.70676424373,1.02099279931531,0.999999999999994));
#5550=CARTESIAN_POINT('Ctrl Pts',(132.285163882303,2.34718390790892,0.999999999999994));
#5551=CARTESIAN_POINT('Ctrl Pts',(130.621375359959,3.35239543450046,0.999999999999994));
#5552=CARTESIAN_POINT('Ctrl Pts',(129.806274840872,3.84485491845133,0.999999999999994));
#5553=CARTESIAN_POINT('Ctrl Pts',(137.192675532189,-3.5185415817469,-6.4786043957752E-15));
#5554=CARTESIAN_POINT('Ctrl Pts',(137.192675532189,-3.51854158174693,0.999999999999994));
#5555=CARTESIAN_POINT('Ctrl Pts',(136.989340177698,-2.99126653169958,-6.45316773962308E-15));
#5556=CARTESIAN_POINT('Ctrl Pts',(136.989340177698,-2.99126653169961,0.999999999999994));
#5557=CARTESIAN_POINT('Ctrl Pts',(136.408194239143,-1.48427944327664,-6.38046808810257E-15));
#5558=CARTESIAN_POINT('Ctrl Pts',(136.408194239143,-1.48427944327667,0.999999999999994));
#5559=CARTESIAN_POINT('Ctrl Pts',(135.21053048577,-0.37599750069214,-6.23267477182438E-15));
#5560=CARTESIAN_POINT('Ctrl Pts',(135.21053048577,-0.375997500692168,0.999999999999994));
#5561=CARTESIAN_POINT('Ctrl Pts',(134.43191359773,0.344511101807345,-6.13659240173537E-15));
#5562=CARTESIAN_POINT('Ctrl Pts',(134.431913597729,0.344511101807317,0.999999999999994));
#5563=CARTESIAN_POINT('',(137.192675532189,-3.5185415817469,-6.4786043957752E-15));
#5564=CARTESIAN_POINT('Ctrl Pts',(137.192675532189,-3.5185415817469,-6.4786043957752E-15));
#5565=CARTESIAN_POINT('Ctrl Pts',(136.989340177698,-2.99126653169958,-6.45316773962308E-15));
#5566=CARTESIAN_POINT('Ctrl Pts',(136.408194239143,-1.48427944327664,-6.38046808810257E-15));
#5567=CARTESIAN_POINT('Ctrl Pts',(135.21053048577,-0.37599750069214,-6.23267477182438E-15));
#5568=CARTESIAN_POINT('Ctrl Pts',(134.43191359773,0.344511101807345,-6.13659240173537E-15));
#5569=CARTESIAN_POINT('',(137.192675532189,-3.51854158174693,0.999999999999994));
#5570=CARTESIAN_POINT('',(137.192675532189,-3.5185415817469,-6.4786043957752E-15));
#5571=CARTESIAN_POINT('Ctrl Pts',(137.192675532189,-3.51854158174693,0.999999999999994));
#5572=CARTESIAN_POINT('Ctrl Pts',(136.989340177698,-2.99126653169961,0.999999999999994));
#5573=CARTESIAN_POINT('Ctrl Pts',(136.408194239143,-1.48427944327667,0.999999999999994));
#5574=CARTESIAN_POINT('Ctrl Pts',(135.21053048577,-0.375997500692168,0.999999999999994));
#5575=CARTESIAN_POINT('Ctrl Pts',(134.431913597729,0.344511101807317,0.999999999999994));
#5576=CARTESIAN_POINT('Ctrl Pts',(137.014517158531,-3.95344062725604,-6.45722923010481E-15));
#5577=CARTESIAN_POINT('Ctrl Pts',(137.014517158531,-3.95344062725607,0.999999999999994));
#5578=CARTESIAN_POINT('Ctrl Pts',(137.065876429245,-3.88143671387344,-6.46344549884223E-15));
#5579=CARTESIAN_POINT('Ctrl Pts',(137.065876429244,-3.88143671387347,0.999999999999994));
#5580=CARTESIAN_POINT('Ctrl Pts',(137.159666212554,-3.74994669581363,-6.47479734418159E-15));
#5581=CARTESIAN_POINT('Ctrl Pts',(137.159666212554,-3.74994669581366,0.999999999999994));
#5582=CARTESIAN_POINT('Ctrl Pts',(137.182393640322,-3.59062069111897,-6.47741855816176E-15));
#5583=CARTESIAN_POINT('Ctrl Pts',(137.182393640322,-3.590620691119,0.999999999999994));
#5584=CARTESIAN_POINT('Ctrl Pts',(137.192675532189,-3.5185415817469,-6.4786043957752E-15));
#5585=CARTESIAN_POINT('Ctrl Pts',(137.192675532189,-3.51854158174693,0.999999999999994));
#5586=CARTESIAN_POINT('',(137.014517158531,-3.95344062725604,-6.45722923010481E-15));
#5587=CARTESIAN_POINT('Ctrl Pts',(137.014517158531,-3.95344062725604,-6.45722923010481E-15));
#5588=CARTESIAN_POINT('Ctrl Pts',(137.065876429245,-3.88143671387344,-6.46344549884223E-15));
#5589=CARTESIAN_POINT('Ctrl Pts',(137.159666212554,-3.74994669581363,-6.47479734418159E-15));
#5590=CARTESIAN_POINT('Ctrl Pts',(137.182393640322,-3.59062069111897,-6.47741855816176E-15));
#5591=CARTESIAN_POINT('Ctrl Pts',(137.192675532189,-3.5185415817469,-6.4786043957752E-15));
#5592=CARTESIAN_POINT('',(137.014517158531,-3.95344062725607,0.999999999999994));
#5593=CARTESIAN_POINT('',(137.014517158531,-3.95344062725604,-6.45722923010481E-15));
#5594=CARTESIAN_POINT('Ctrl Pts',(137.014517158531,-3.95344062725607,0.999999999999994));
#5595=CARTESIAN_POINT('Ctrl Pts',(137.065876429244,-3.88143671387347,0.999999999999994));
#5596=CARTESIAN_POINT('Ctrl Pts',(137.159666212554,-3.74994669581366,0.999999999999994));
#5597=CARTESIAN_POINT('Ctrl Pts',(137.182393640322,-3.590620691119,0.999999999999994));
#5598=CARTESIAN_POINT('Ctrl Pts',(137.192675532189,-3.51854158174693,0.999999999999994));
#5599=CARTESIAN_POINT('Ctrl Pts',(136.430043698928,-4.26859953326552,-6.38597478482285E-15));
#5600=CARTESIAN_POINT('Ctrl Pts',(136.430043698928,-4.26859953326555,0.999999999999994));
#5601=CARTESIAN_POINT('Ctrl Pts',(136.537175830128,-4.25262810046501,-6.39907799557212E-15));
#5602=CARTESIAN_POINT('Ctrl Pts',(136.537175830128,-4.25262810046503,0.999999999999994));
#5603=CARTESIAN_POINT('Ctrl Pts',(136.768497089812,-4.21814234989701,-6.42737063926813E-15));
#5604=CARTESIAN_POINT('Ctrl Pts',(136.768497089812,-4.21814234989704,0.999999999999994));
#5605=CARTESIAN_POINT('Ctrl Pts',(136.928575878218,-4.04590790061041,-6.44679883904681E-15));
#5606=CARTESIAN_POINT('Ctrl Pts',(136.928575878218,-4.04590790061044,0.999999999999994));
#5607=CARTESIAN_POINT('Ctrl Pts',(137.014517158531,-3.95344062725604,-6.45722923010481E-15));
#5608=CARTESIAN_POINT('Ctrl Pts',(137.014517158531,-3.95344062725607,0.999999999999994));
#5609=CARTESIAN_POINT('',(136.430043698928,-4.26859953326552,-6.38597478482285E-15));
#5610=CARTESIAN_POINT('Ctrl Pts',(136.430043698928,-4.26859953326552,-6.38597478482285E-15));
#5611=CARTESIAN_POINT('Ctrl Pts',(136.537175830128,-4.25262810046501,-6.39907799557212E-15));
#5612=CARTESIAN_POINT('Ctrl Pts',(136.768497089812,-4.21814234989701,-6.42737063926813E-15));
#5613=CARTESIAN_POINT('Ctrl Pts',(136.928575878218,-4.04590790061041,-6.44679883904681E-15));
#5614=CARTESIAN_POINT('Ctrl Pts',(137.014517158531,-3.95344062725604,-6.45722923010481E-15));
#5615=CARTESIAN_POINT('',(136.430043698928,-4.26859953326555,0.999999999999994));
#5616=CARTESIAN_POINT('',(136.430043698928,-4.26859953326552,-6.38597478482285E-15));
#5617=CARTESIAN_POINT('Ctrl Pts',(136.430043698928,-4.26859953326555,0.999999999999994));
#5618=CARTESIAN_POINT('Ctrl Pts',(136.537175830128,-4.25262810046503,0.999999999999994));
#5619=CARTESIAN_POINT('Ctrl Pts',(136.768497089812,-4.21814234989704,0.999999999999994));
#5620=CARTESIAN_POINT('Ctrl Pts',(136.928575878218,-4.04590790061044,0.999999999999994));
#5621=CARTESIAN_POINT('Ctrl Pts',(137.014517158531,-3.95344062725607,0.999999999999994));
#5622=CARTESIAN_POINT('Ctrl Pts',(135.012625340801,-3.29679594311418,-6.21140898532433E-15));
#5623=CARTESIAN_POINT('Ctrl Pts',(135.012625340801,-3.29679594311421,0.999999999999994));
#5624=CARTESIAN_POINT('Ctrl Pts',(135.247934446179,-3.57423112008118,-6.24050713301095E-15));
#5625=CARTESIAN_POINT('Ctrl Pts',(135.247934446179,-3.57423112008121,0.999999999999994));
#5626=CARTESIAN_POINT('Ctrl Pts',(135.636463217368,-4.0323160217183,-6.28855230978546E-15));
#5627=CARTESIAN_POINT('Ctrl Pts',(135.636463217368,-4.03231602171833,0.999999999999994));
#5628=CARTESIAN_POINT('Ctrl Pts',(136.20559979125,-4.20177279560787,-6.35842133372229E-15));
#5629=CARTESIAN_POINT('Ctrl Pts',(136.20559979125,-4.2017727956079,0.999999999999994));
#5630=CARTESIAN_POINT('Ctrl Pts',(136.430043698928,-4.26859953326552,-6.38597478482285E-15));
#5631=CARTESIAN_POINT('Ctrl Pts',(136.430043698928,-4.26859953326555,0.999999999999994));
#5632=CARTESIAN_POINT('',(135.012625340801,-3.29679594311418,-6.21140898532433E-15));
#5633=CARTESIAN_POINT('Ctrl Pts',(135.012625340801,-3.29679594311418,-6.21140898532433E-15));
#5634=CARTESIAN_POINT('Ctrl Pts',(135.247934446179,-3.57423112008118,-6.24050713301095E-15));
#5635=CARTESIAN_POINT('Ctrl Pts',(135.636463217368,-4.0323160217183,-6.28855230978546E-15));
#5636=CARTESIAN_POINT('Ctrl Pts',(136.20559979125,-4.20177279560787,-6.35842133372229E-15));
#5637=CARTESIAN_POINT('Ctrl Pts',(136.430043698928,-4.26859953326552,-6.38597478482285E-15));
#5638=CARTESIAN_POINT('',(135.012625340801,-3.29679594311421,0.999999999999994));
#5639=CARTESIAN_POINT('',(135.012625340801,-3.29679594311418,-6.21140898532433E-15));
#5640=CARTESIAN_POINT('Ctrl Pts',(135.012625340801,-3.29679594311421,0.999999999999994));
#5641=CARTESIAN_POINT('Ctrl Pts',(135.247934446179,-3.57423112008121,0.999999999999994));
#5642=CARTESIAN_POINT('Ctrl Pts',(135.636463217368,-4.03231602171833,0.999999999999994));
#5643=CARTESIAN_POINT('Ctrl Pts',(136.20559979125,-4.2017727956079,0.999999999999994));
#5644=CARTESIAN_POINT('Ctrl Pts',(136.430043698928,-4.26859953326555,0.999999999999994));
#5645=CARTESIAN_POINT('Ctrl Pts',(126.652000855361,2.35826437886304,-5.18181320072623E-15));
#5646=CARTESIAN_POINT('Ctrl Pts',(126.652000855361,2.35826437886301,0.999999999999995));
#5647=CARTESIAN_POINT('Ctrl Pts',(128.014700434222,1.978668776164,-5.34907597648727E-15));
#5648=CARTESIAN_POINT('Ctrl Pts',(128.014700434222,1.97866877616397,0.999999999999995));
#5649=CARTESIAN_POINT('Ctrl Pts',(131.387657302783,1.039092940624,-5.76308515144344E-15));
#5650=CARTESIAN_POINT('Ctrl Pts',(131.387657302783,1.03909294062397,0.999999999999994));
#5651=CARTESIAN_POINT('Ctrl Pts',(133.658951084284,-1.67764203624512,-6.04399111401003E-15));
#5652=CARTESIAN_POINT('Ctrl Pts',(133.658951084284,-1.67764203624515,0.999999999999994));
#5653=CARTESIAN_POINT('Ctrl Pts',(135.012625340801,-3.29679594311418,-6.21140898532433E-15));
#5654=CARTESIAN_POINT('Ctrl Pts',(135.012625340801,-3.29679594311421,0.999999999999994));
#5655=CARTESIAN_POINT('',(126.652000855361,2.35826437886304,-5.18181320072623E-15));
#5656=CARTESIAN_POINT('Ctrl Pts',(126.652000855361,2.35826437886304,-5.18181320072623E-15));
#5657=CARTESIAN_POINT('Ctrl Pts',(128.014700434222,1.978668776164,-5.34907597648727E-15));
#5658=CARTESIAN_POINT('Ctrl Pts',(131.387657302783,1.039092940624,-5.76308515144344E-15));
#5659=CARTESIAN_POINT('Ctrl Pts',(133.658951084284,-1.67764203624512,-6.04399111401003E-15));
#5660=CARTESIAN_POINT('Ctrl Pts',(135.012625340801,-3.29679594311418,-6.21140898532433E-15));
#5661=CARTESIAN_POINT('',(126.652000855361,2.35826437886301,0.999999999999995));
#5662=CARTESIAN_POINT('',(126.652000855361,2.35826437886304,-5.18181320072623E-15));
#5663=CARTESIAN_POINT('Ctrl Pts',(126.652000855361,2.35826437886301,0.999999999999995));
#5664=CARTESIAN_POINT('Ctrl Pts',(128.014700434222,1.97866877616397,0.999999999999995));
#5665=CARTESIAN_POINT('Ctrl Pts',(131.387657302783,1.03909294062397,0.999999999999994));
#5666=CARTESIAN_POINT('Ctrl Pts',(133.658951084284,-1.67764203624515,0.999999999999994));
#5667=CARTESIAN_POINT('Ctrl Pts',(135.012625340801,-3.29679594311421,0.999999999999994));
#5668=CARTESIAN_POINT('Ctrl Pts',(124.257701929634,1.30174693981921,-4.88968048629798E-15));
#5669=CARTESIAN_POINT('Ctrl Pts',(124.257701929634,1.30174693981918,0.999999999999995));
#5670=CARTESIAN_POINT('Ctrl Pts',(124.559230312299,1.61275252837047,-4.92628957054363E-15));
#5671=CARTESIAN_POINT('Ctrl Pts',(124.559230312299,1.61275252837044,0.999999999999995));
#5672=CARTESIAN_POINT('Ctrl Pts',(125.209481076136,2.28344103777679,-5.00523764429954E-15));
#5673=CARTESIAN_POINT('Ctrl Pts',(125.209481076136,2.28344103777676,0.999999999999995));
#5674=CARTESIAN_POINT('Ctrl Pts',(126.148444844058,2.33214498436157,-5.12017405777072E-15));
#5675=CARTESIAN_POINT('Ctrl Pts',(126.148444844058,2.33214498436154,0.999999999999995));
#5676=CARTESIAN_POINT('Ctrl Pts',(126.652000855361,2.35826437886304,-5.18181320072623E-15));
#5677=CARTESIAN_POINT('Ctrl Pts',(126.652000855361,2.35826437886301,0.999999999999995));
#5678=CARTESIAN_POINT('',(124.257701929634,1.30174693981921,-4.88968048629798E-15));
#5679=CARTESIAN_POINT('Ctrl Pts',(124.257701929634,1.30174693981921,-4.88968048629798E-15));
#5680=CARTESIAN_POINT('Ctrl Pts',(124.559230312299,1.61275252837047,-4.92628957054363E-15));
#5681=CARTESIAN_POINT('Ctrl Pts',(125.209481076136,2.28344103777679,-5.00523764429954E-15));
#5682=CARTESIAN_POINT('Ctrl Pts',(126.148444844058,2.33214498436157,-5.12017405777072E-15));
#5683=CARTESIAN_POINT('Ctrl Pts',(126.652000855361,2.35826437886304,-5.18181320072623E-15));
#5684=CARTESIAN_POINT('',(124.257701929634,1.30174693981918,0.999999999999995));
#5685=CARTESIAN_POINT('',(124.257701929634,1.30174693981921,-4.88968048629798E-15));
#5686=CARTESIAN_POINT('Ctrl Pts',(124.257701929634,1.30174693981918,0.999999999999995));
#5687=CARTESIAN_POINT('Ctrl Pts',(124.559230312299,1.61275252837044,0.999999999999995));
#5688=CARTESIAN_POINT('Ctrl Pts',(125.209481076136,2.28344103777676,0.999999999999995));
#5689=CARTESIAN_POINT('Ctrl Pts',(126.148444844058,2.33214498436154,0.999999999999995));
#5690=CARTESIAN_POINT('Ctrl Pts',(126.652000855361,2.35826437886301,0.999999999999995));
#5691=CARTESIAN_POINT('Ctrl Pts',(123.92853900076,0.198985462323948,-4.8504922932642E-15));
#5692=CARTESIAN_POINT('Ctrl Pts',(123.92853900076,0.19898546232392,0.999999999999995));
#5693=CARTESIAN_POINT('Ctrl Pts',(123.941684154762,0.402159216089126,-4.85189547470297E-15));
#5694=CARTESIAN_POINT('Ctrl Pts',(123.941684154762,0.402159216089098,0.999999999999995));
#5695=CARTESIAN_POINT('Ctrl Pts',(123.967125064833,0.79537828354904,-4.85461116847054E-15));
#5696=CARTESIAN_POINT('Ctrl Pts',(123.967125064833,0.795378283549011,0.999999999999995));
#5697=CARTESIAN_POINT('Ctrl Pts',(124.163023130092,1.13675659712841,-4.87825383361197E-15));
#5698=CARTESIAN_POINT('Ctrl Pts',(124.163023130092,1.13675659712838,0.999999999999995));
#5699=CARTESIAN_POINT('Ctrl Pts',(124.257701929634,1.30174693981921,-4.88968048629798E-15));
#5700=CARTESIAN_POINT('Ctrl Pts',(124.257701929634,1.30174693981918,0.999999999999995));
#5701=CARTESIAN_POINT('',(123.92853900076,0.198985462323945,-4.8504922932642E-15));
#5702=CARTESIAN_POINT('Ctrl Pts',(123.92853900076,0.198985462323948,-4.8504922932642E-15));
#5703=CARTESIAN_POINT('Ctrl Pts',(123.941684154762,0.402159216089126,-4.85189547470297E-15));
#5704=CARTESIAN_POINT('Ctrl Pts',(123.967125064833,0.79537828354904,-4.85461116847054E-15));
#5705=CARTESIAN_POINT('Ctrl Pts',(124.163023130092,1.13675659712841,-4.87825383361197E-15));
#5706=CARTESIAN_POINT('Ctrl Pts',(124.257701929634,1.30174693981921,-4.88968048629798E-15));
#5707=CARTESIAN_POINT('',(123.92853900076,0.198985462323916,0.999999999999995));
#5708=CARTESIAN_POINT('',(123.92853900076,0.198985462323945,-4.8504922932642E-15));
#5709=CARTESIAN_POINT('Ctrl Pts',(123.92853900076,0.19898546232392,0.999999999999995));
#5710=CARTESIAN_POINT('Ctrl Pts',(123.941684154762,0.402159216089098,0.999999999999995));
#5711=CARTESIAN_POINT('Ctrl Pts',(123.967125064833,0.795378283549011,0.999999999999995));
#5712=CARTESIAN_POINT('Ctrl Pts',(124.163023130092,1.13675659712838,0.999999999999995));
#5713=CARTESIAN_POINT('Ctrl Pts',(124.257701929634,1.30174693981918,0.999999999999995));
#5714=CARTESIAN_POINT('Origin',(123.924191477674,-0.3246352149384,-4.8504922932642E-15));
#5715=CARTESIAN_POINT('',(123.863170075558,-7.67412301998827,0.));
#5716=CARTESIAN_POINT('',(123.924191477674,-0.324635214938428,0.999999999999995));
#5717=CARTESIAN_POINT('Origin',(84.2227577766376,-12.4298780003451,1.00000000000249));
#5718=CARTESIAN_POINT('Ctrl Pts',(99.7492614908946,-31.8050071264632,-1.92202744135432E-15));
#5719=CARTESIAN_POINT('Ctrl Pts',(99.7492614908945,-31.8050071264632,0.999999999999998));
#5720=CARTESIAN_POINT('Ctrl Pts',(99.355427967879,-30.3477924698925,-1.87231676112722E-15));
#5721=CARTESIAN_POINT('Ctrl Pts',(99.3554279678789,-30.3477924698925,0.999999999999998));
#5722=CARTESIAN_POINT('Ctrl Pts',(98.1905577986128,-26.0376822724182,-1.72528385228012E-15));
#5723=CARTESIAN_POINT('Ctrl Pts',(98.1905577986128,-26.0376822724182,0.999999999999998));
#5724=CARTESIAN_POINT('Ctrl Pts',(95.96863092932,-22.1471015591342,-1.449229858072E-15));
#5725=CARTESIAN_POINT('Ctrl Pts',(95.96863092932,-22.1471015591342,0.999999999999999));
#5726=CARTESIAN_POINT('Ctrl Pts',(94.4979202126117,-19.5718958544267,-1.26650756721584E-15));
#5727=CARTESIAN_POINT('Ctrl Pts',(94.4979202126117,-19.5718958544268,0.999999999999999));
#5728=CARTESIAN_POINT('',(99.7492614908946,-31.8050071264632,-1.92202744135432E-15));
#5729=CARTESIAN_POINT('',(94.4979202126117,-19.5718958544267,-1.26650756721584E-15));
#5730=CARTESIAN_POINT('Ctrl Pts',(99.7492614908946,-31.8050071264632,-1.92202744135432E-15));
#5731=CARTESIAN_POINT('Ctrl Pts',(99.355427967879,-30.3477924698925,-1.87231676112722E-15));
#5732=CARTESIAN_POINT('Ctrl Pts',(98.1905577986128,-26.0376822724182,-1.72528385228012E-15));
#5733=CARTESIAN_POINT('Ctrl Pts',(95.96863092932,-22.1471015591342,-1.449229858072E-15));
#5734=CARTESIAN_POINT('Ctrl Pts',(94.4979202126117,-19.5718958544267,-1.26650756721584E-15));
#5735=CARTESIAN_POINT('',(99.7492614908945,-31.8050071264632,0.999999999999998));
#5736=CARTESIAN_POINT('',(99.7492614908946,-31.8050071264632,-1.92202744135432E-15));
#5737=CARTESIAN_POINT('',(94.4979202126117,-19.5718958544268,0.999999999999999));
#5738=CARTESIAN_POINT('Ctrl Pts',(99.7492614908945,-31.8050071264632,0.999999999999998));
#5739=CARTESIAN_POINT('Ctrl Pts',(99.3554279678789,-30.3477924698925,0.999999999999998));
#5740=CARTESIAN_POINT('Ctrl Pts',(98.1905577986128,-26.0376822724182,0.999999999999998));
#5741=CARTESIAN_POINT('Ctrl Pts',(95.96863092932,-22.1471015591342,0.999999999999999));
#5742=CARTESIAN_POINT('Ctrl Pts',(94.4979202126117,-19.5718958544268,0.999999999999999));
#5743=CARTESIAN_POINT('',(94.4979202126117,-19.5718958544267,-1.26650756721584E-15));
#5744=CARTESIAN_POINT('Ctrl Pts',(99.3047013555526,-32.7904415161201,-1.86858835926415E-15));
#5745=CARTESIAN_POINT('Ctrl Pts',(99.3047013555526,-32.7904415161202,0.999999999999998));
#5746=CARTESIAN_POINT('Ctrl Pts',(99.4331006204961,-32.6541459440603,-1.88417361148577E-15));
#5747=CARTESIAN_POINT('Ctrl Pts',(99.433100620496,-32.6541459440603,0.999999999999998));
#5748=CARTESIAN_POINT('Ctrl Pts',(99.6941214568071,-32.3770728298163,-1.91585662439706E-15));
#5749=CARTESIAN_POINT('Ctrl Pts',(99.694121456807,-32.3770728298163,0.999999999999998));
#5750=CARTESIAN_POINT('Ctrl Pts',(99.7306843309563,-31.9977410672791,-1.91994843912913E-15));
#5751=CARTESIAN_POINT('Ctrl Pts',(99.7306843309562,-31.9977410672791,0.999999999999998));
#5752=CARTESIAN_POINT('Ctrl Pts',(99.7492614908946,-31.8050071264632,-1.92202744135432E-15));
#5753=CARTESIAN_POINT('Ctrl Pts',(99.7492614908945,-31.8050071264632,0.999999999999998));
#5754=CARTESIAN_POINT('',(99.3047013555526,-32.7904415161201,-1.86858835926415E-15));
#5755=CARTESIAN_POINT('Ctrl Pts',(99.3047013555526,-32.7904415161201,-1.86858835926415E-15));
#5756=CARTESIAN_POINT('Ctrl Pts',(99.4331006204961,-32.6541459440603,-1.88417361148577E-15));
#5757=CARTESIAN_POINT('Ctrl Pts',(99.6941214568071,-32.3770728298163,-1.91585662439706E-15));
#5758=CARTESIAN_POINT('Ctrl Pts',(99.7306843309563,-31.9977410672791,-1.91994843912913E-15));
#5759=CARTESIAN_POINT('Ctrl Pts',(99.7492614908946,-31.8050071264632,-1.92202744135432E-15));
#5760=CARTESIAN_POINT('',(99.3047013555526,-32.7904415161202,0.999999999999998));
#5761=CARTESIAN_POINT('',(99.3047013555526,-32.7904415161201,-1.86858835926415E-15));
#5762=CARTESIAN_POINT('Ctrl Pts',(99.3047013555526,-32.7904415161202,0.999999999999998));
#5763=CARTESIAN_POINT('Ctrl Pts',(99.433100620496,-32.6541459440603,0.999999999999998));
#5764=CARTESIAN_POINT('Ctrl Pts',(99.694121456807,-32.3770728298163,0.999999999999998));
#5765=CARTESIAN_POINT('Ctrl Pts',(99.7306843309562,-31.9977410672791,0.999999999999998));
#5766=CARTESIAN_POINT('Ctrl Pts',(99.7492614908945,-31.8050071264632,0.999999999999998));
#5767=CARTESIAN_POINT('Ctrl Pts',(98.5752806466682,-33.0462112771304,-1.77952322244719E-15));
#5768=CARTESIAN_POINT('Ctrl Pts',(98.5752806466681,-33.0462112771305,0.999999999999998));
#5769=CARTESIAN_POINT('Ctrl Pts',(98.7077058440116,-33.0362224881516,-1.79572991663394E-15));
#5770=CARTESIAN_POINT('Ctrl Pts',(98.7077058440116,-33.0362224881516,0.999999999999998));
#5771=CARTESIAN_POINT('Ctrl Pts',(98.9736531312329,-33.0161621719516,-1.82827754684524E-15));
#5772=CARTESIAN_POINT('Ctrl Pts',(98.9736531312329,-33.0161621719516,0.999999999999998));
#5773=CARTESIAN_POINT('Ctrl Pts',(99.194048941887,-32.8658883348827,-1.85511452565534E-15));
#5774=CARTESIAN_POINT('Ctrl Pts',(99.1940489418869,-32.8658883348828,0.999999999999998));
#5775=CARTESIAN_POINT('Ctrl Pts',(99.3047013555526,-32.7904415161201,-1.86858835926415E-15));
#5776=CARTESIAN_POINT('Ctrl Pts',(99.3047013555526,-32.7904415161202,0.999999999999998));
#5777=CARTESIAN_POINT('',(98.5752806466682,-33.0462112771304,-1.77952322244719E-15));
#5778=CARTESIAN_POINT('Ctrl Pts',(98.5752806466682,-33.0462112771304,-1.77952322244719E-15));
#5779=CARTESIAN_POINT('Ctrl Pts',(98.7077058440116,-33.0362224881516,-1.79572991663394E-15));
#5780=CARTESIAN_POINT('Ctrl Pts',(98.9736531312329,-33.0161621719516,-1.82827754684524E-15));
#5781=CARTESIAN_POINT('Ctrl Pts',(99.194048941887,-32.8658883348827,-1.85511452565534E-15));
#5782=CARTESIAN_POINT('Ctrl Pts',(99.3047013555526,-32.7904415161201,-1.86858835926415E-15));
#5783=CARTESIAN_POINT('',(98.5752806466681,-33.0462112771305,0.999999999999998));
#5784=CARTESIAN_POINT('',(98.5752806466682,-33.0462112771304,-1.77952322244719E-15));
#5785=CARTESIAN_POINT('Ctrl Pts',(98.5752806466681,-33.0462112771305,0.999999999999998));
#5786=CARTESIAN_POINT('Ctrl Pts',(98.7077058440116,-33.0362224881516,0.999999999999998));
#5787=CARTESIAN_POINT('Ctrl Pts',(98.9736531312329,-33.0161621719516,0.999999999999998));
#5788=CARTESIAN_POINT('Ctrl Pts',(99.1940489418869,-32.8658883348828,0.999999999999998));
#5789=CARTESIAN_POINT('Ctrl Pts',(99.3047013555526,-32.7904415161202,0.999999999999998));
#5790=CARTESIAN_POINT('Ctrl Pts',(97.3008772921429,-32.3665187223862,-1.62276811448367E-15));
#5791=CARTESIAN_POINT('Ctrl Pts',(97.3008772921428,-32.3665187223862,0.999999999999998));
#5792=CARTESIAN_POINT('Ctrl Pts',(97.4789427729761,-32.5630883310219,-1.64477396027885E-15));
#5793=CARTESIAN_POINT('Ctrl Pts',(97.4789427729761,-32.563088331022,0.999999999999998));
#5794=CARTESIAN_POINT('Ctrl Pts',(97.8233961802102,-32.9433364910607,-1.68734250600566E-15));
#5795=CARTESIAN_POINT('Ctrl Pts',(97.8233961802102,-32.9433364910608,0.999999999999998));
#5796=CARTESIAN_POINT('Ctrl Pts',(98.3303817142017,-33.0127035689517,-1.74949871727704E-15));
#5797=CARTESIAN_POINT('Ctrl Pts',(98.3303817142017,-33.0127035689517,0.999999999999998));
#5798=CARTESIAN_POINT('Ctrl Pts',(98.5752806466682,-33.0462112771304,-1.77952322244719E-15));
#5799=CARTESIAN_POINT('Ctrl Pts',(98.5752806466681,-33.0462112771305,0.999999999999998));
#5800=CARTESIAN_POINT('',(97.3008772921429,-32.3665187223862,-1.62276811448367E-15));
#5801=CARTESIAN_POINT('Ctrl Pts',(97.3008772921429,-32.3665187223862,-1.62276811448367E-15));
#5802=CARTESIAN_POINT('Ctrl Pts',(97.4789427729761,-32.5630883310219,-1.64477396027885E-15));
#5803=CARTESIAN_POINT('Ctrl Pts',(97.8233961802102,-32.9433364910607,-1.68734250600566E-15));
#5804=CARTESIAN_POINT('Ctrl Pts',(98.3303817142017,-33.0127035689517,-1.74949871727704E-15));
#5805=CARTESIAN_POINT('Ctrl Pts',(98.5752806466682,-33.0462112771304,-1.77952322244719E-15));
#5806=CARTESIAN_POINT('',(97.3008772921428,-32.3665187223862,0.999999999999998));
#5807=CARTESIAN_POINT('',(97.3008772921429,-32.3665187223862,-1.62276811448367E-15));
#5808=CARTESIAN_POINT('Ctrl Pts',(97.3008772921428,-32.3665187223862,0.999999999999998));
#5809=CARTESIAN_POINT('Ctrl Pts',(97.4789427729761,-32.563088331022,0.999999999999998));
#5810=CARTESIAN_POINT('Ctrl Pts',(97.8233961802102,-32.9433364910608,0.999999999999998));
#5811=CARTESIAN_POINT('Ctrl Pts',(98.3303817142017,-33.0127035689517,0.999999999999998));
#5812=CARTESIAN_POINT('Ctrl Pts',(98.5752806466681,-33.0462112771305,0.999999999999998));
#5813=CARTESIAN_POINT('Ctrl Pts',(96.3876308157498,-30.2352258138865,-1.50876450577512E-15));
#5814=CARTESIAN_POINT('Ctrl Pts',(96.3876308157497,-30.2352258138865,0.999999999999999));
#5815=CARTESIAN_POINT('Ctrl Pts',(96.5538410640969,-30.7060815258458,-1.52959743912768E-15));
#5816=CARTESIAN_POINT('Ctrl Pts',(96.5538410640968,-30.7060815258458,0.999999999999999));
#5817=CARTESIAN_POINT('Ctrl Pts',(96.8119034831593,-31.4371445334878,-1.56194320138116E-15));
#5818=CARTESIAN_POINT('Ctrl Pts',(96.8119034831593,-31.4371445334878,0.999999999999999));
#5819=CARTESIAN_POINT('Ctrl Pts',(97.1725222389666,-32.1225590843748,-1.60680164590748E-15));
#5820=CARTESIAN_POINT('Ctrl Pts',(97.1725222389666,-32.1225590843748,0.999999999999998));
#5821=CARTESIAN_POINT('Ctrl Pts',(97.3008772921429,-32.3665187223862,-1.62276811448367E-15));
#5822=CARTESIAN_POINT('Ctrl Pts',(97.3008772921428,-32.3665187223862,0.999999999999998));
#5823=CARTESIAN_POINT('',(96.3876308157498,-30.2352258138865,-1.50876450577512E-15));
#5824=CARTESIAN_POINT('Ctrl Pts',(96.3876308157498,-30.2352258138865,-1.50876450577512E-15));
#5825=CARTESIAN_POINT('Ctrl Pts',(96.5538410640969,-30.7060815258458,-1.52959743912768E-15));
#5826=CARTESIAN_POINT('Ctrl Pts',(96.8119034831593,-31.4371445334878,-1.56194320138116E-15));
#5827=CARTESIAN_POINT('Ctrl Pts',(97.1725222389666,-32.1225590843748,-1.60680164590748E-15));
#5828=CARTESIAN_POINT('Ctrl Pts',(97.3008772921429,-32.3665187223862,-1.62276811448367E-15));
#5829=CARTESIAN_POINT('',(96.3876308157497,-30.2352258138865,0.999999999999999));
#5830=CARTESIAN_POINT('',(96.3876308157498,-30.2352258138865,-1.50876450577512E-15));
#5831=CARTESIAN_POINT('Ctrl Pts',(96.3876308157497,-30.2352258138865,0.999999999999999));
#5832=CARTESIAN_POINT('Ctrl Pts',(96.5538410640968,-30.7060815258458,0.999999999999999));
#5833=CARTESIAN_POINT('Ctrl Pts',(96.8119034831593,-31.4371445334878,0.999999999999999));
#5834=CARTESIAN_POINT('Ctrl Pts',(97.1725222389666,-32.1225590843748,0.999999999999998));
#5835=CARTESIAN_POINT('Ctrl Pts',(97.3008772921428,-32.3665187223862,0.999999999999998));
#5836=CARTESIAN_POINT('Ctrl Pts',(88.1658726758261,-14.8646158500762,-4.86295917576521E-16));
#5837=CARTESIAN_POINT('Ctrl Pts',(88.1658726758261,-14.8646158500763,1.));
#5838=CARTESIAN_POINT('Ctrl Pts',(90.0316862081063,-17.8580474437369,-7.17827918413014E-16));
#5839=CARTESIAN_POINT('Ctrl Pts',(90.0316862081062,-17.8580474437369,0.999999999999999));
#5840=CARTESIAN_POINT('Ctrl Pts',(93.11399737065,-22.8031759122692,-1.10031719631651E-15));
#5841=CARTESIAN_POINT('Ctrl Pts',(93.11399737065,-22.8031759122692,0.999999999999999));
#5842=CARTESIAN_POINT('Ctrl Pts',(95.461242246205,-28.1320685140211,-1.39318011763595E-15));
#5843=CARTESIAN_POINT('Ctrl Pts',(95.4612422462049,-28.1320685140211,0.999999999999999));
#5844=CARTESIAN_POINT('Ctrl Pts',(96.3876308157498,-30.2352258138865,-1.50876450577512E-15));
#5845=CARTESIAN_POINT('Ctrl Pts',(96.3876308157497,-30.2352258138865,0.999999999999999));
#5846=CARTESIAN_POINT('',(88.1658726758261,-14.8646158500762,-4.86295917576521E-16));
#5847=CARTESIAN_POINT('Ctrl Pts',(88.1658726758261,-14.8646158500762,-4.86295917576521E-16));
#5848=CARTESIAN_POINT('Ctrl Pts',(90.0316862081063,-17.8580474437369,-7.17827918413014E-16));
#5849=CARTESIAN_POINT('Ctrl Pts',(93.11399737065,-22.8031759122692,-1.10031719631651E-15));
#5850=CARTESIAN_POINT('Ctrl Pts',(95.461242246205,-28.1320685140211,-1.39318011763595E-15));
#5851=CARTESIAN_POINT('Ctrl Pts',(96.3876308157498,-30.2352258138865,-1.50876450577512E-15));
#5852=CARTESIAN_POINT('',(88.1658726758261,-14.8646158500763,1.));
#5853=CARTESIAN_POINT('',(88.1658726758261,-14.8646158500762,-4.86295917576521E-16));
#5854=CARTESIAN_POINT('Ctrl Pts',(88.1658726758261,-14.8646158500763,1.));
#5855=CARTESIAN_POINT('Ctrl Pts',(90.0316862081062,-17.8580474437369,0.999999999999999));
#5856=CARTESIAN_POINT('Ctrl Pts',(93.11399737065,-22.8031759122692,0.999999999999999));
#5857=CARTESIAN_POINT('Ctrl Pts',(95.4612422462049,-28.1320685140211,0.999999999999999));
#5858=CARTESIAN_POINT('Ctrl Pts',(96.3876308157497,-30.2352258138865,0.999999999999999));
#5859=CARTESIAN_POINT('Ctrl Pts',(84.3204782282243,-8.4906499185937,-8.90631707195466E-18));
#5860=CARTESIAN_POINT('Ctrl Pts',(84.3204782282242,-8.49064991859373,1.));
#5861=CARTESIAN_POINT('Ctrl Pts',(84.7801619222353,-9.29207367144378,-6.60142536053713E-17));
#5862=CARTESIAN_POINT('Ctrl Pts',(84.7801619222352,-9.29207367144381,1.));
#5863=CARTESIAN_POINT('Ctrl Pts',(86.0149649725436,-11.4448593967193,-2.19417681107819E-16));
#5864=CARTESIAN_POINT('Ctrl Pts',(86.0149649725436,-11.4448593967193,1.));
#5865=CARTESIAN_POINT('Ctrl Pts',(87.3363828462964,-13.5457990578916,-3.83375284331414E-16));
#5866=CARTESIAN_POINT('Ctrl Pts',(87.3363828462964,-13.5457990578916,1.));
#5867=CARTESIAN_POINT('Ctrl Pts',(88.1658726758261,-14.8646158500762,-4.86295917576521E-16));
#5868=CARTESIAN_POINT('Ctrl Pts',(88.1658726758261,-14.8646158500763,1.));
#5869=CARTESIAN_POINT('',(84.3204782282243,-8.4906499185937,-8.90631707195466E-18));
#5870=CARTESIAN_POINT('Ctrl Pts',(84.3204782282243,-8.4906499185937,-8.90631707195466E-18));
#5871=CARTESIAN_POINT('Ctrl Pts',(84.7801619222353,-9.29207367144378,-6.60142536053713E-17));
#5872=CARTESIAN_POINT('Ctrl Pts',(86.0149649725436,-11.4448593967193,-2.19417681107819E-16));
#5873=CARTESIAN_POINT('Ctrl Pts',(87.3363828462964,-13.5457990578916,-3.83375284331414E-16));
#5874=CARTESIAN_POINT('Ctrl Pts',(88.1658726758261,-14.8646158500762,-4.86295917576521E-16));
#5875=CARTESIAN_POINT('',(84.3204782282242,-8.49064991859373,1.));
#5876=CARTESIAN_POINT('',(84.3204782282243,-8.4906499185937,-8.90631707195466E-18));
#5877=CARTESIAN_POINT('Ctrl Pts',(84.3204782282242,-8.49064991859373,1.));
#5878=CARTESIAN_POINT('Ctrl Pts',(84.7801619222352,-9.29207367144381,1.));
#5879=CARTESIAN_POINT('Ctrl Pts',(86.0149649725436,-11.4448593967193,1.));
#5880=CARTESIAN_POINT('Ctrl Pts',(87.3363828462964,-13.5457990578916,1.));
#5881=CARTESIAN_POINT('Ctrl Pts',(88.1658726758261,-14.8646158500763,1.));
#5882=CARTESIAN_POINT('Ctrl Pts',(80.7155297667714,-1.187742936191,4.39982673234027E-16));
#5883=CARTESIAN_POINT('Ctrl Pts',(80.7155297667714,-1.18774293619103,1.));
#5884=CARTESIAN_POINT('Ctrl Pts',(81.227164282962,-2.29165272068547,3.76205257676392E-16));
#5885=CARTESIAN_POINT('Ctrl Pts',(81.227164282962,-2.2916527206855,1.));
#5886=CARTESIAN_POINT('Ctrl Pts',(82.3690247391539,-4.75534680352936,2.3386750187837E-16));
#5887=CARTESIAN_POINT('Ctrl Pts',(82.3690247391539,-4.75534680352939,1.));
#5888=CARTESIAN_POINT('Ctrl Pts',(83.6264620605249,-7.16222432831876,7.7433919264348E-17));
#5889=CARTESIAN_POINT('Ctrl Pts',(83.6264620605249,-7.16222432831879,1.));
#5890=CARTESIAN_POINT('Ctrl Pts',(84.3204782282243,-8.4906499185937,-8.90631707195466E-18));
#5891=CARTESIAN_POINT('Ctrl Pts',(84.3204782282242,-8.49064991859373,1.));
#5892=CARTESIAN_POINT('',(80.7155297667714,-1.187742936191,4.39982673234027E-16));
#5893=CARTESIAN_POINT('Ctrl Pts',(80.7155297667714,-1.187742936191,4.39982673234027E-16));
#5894=CARTESIAN_POINT('Ctrl Pts',(81.227164282962,-2.29165272068547,3.76205257676392E-16));
#5895=CARTESIAN_POINT('Ctrl Pts',(82.3690247391539,-4.75534680352936,2.3386750187837E-16));
#5896=CARTESIAN_POINT('Ctrl Pts',(83.6264620605249,-7.16222432831876,7.7433919264348E-17));
#5897=CARTESIAN_POINT('Ctrl Pts',(84.3204782282243,-8.4906499185937,-8.90631707195466E-18));
#5898=CARTESIAN_POINT('',(80.7155297667714,-1.18774293619103,1.));
#5899=CARTESIAN_POINT('',(80.7155297667714,-1.187742936191,4.39982673234027E-16));
#5900=CARTESIAN_POINT('Ctrl Pts',(80.7155297667714,-1.18774293619103,1.));
#5901=CARTESIAN_POINT('Ctrl Pts',(81.227164282962,-2.2916527206855,1.));
#5902=CARTESIAN_POINT('Ctrl Pts',(82.3690247391539,-4.75534680352939,1.));
#5903=CARTESIAN_POINT('Ctrl Pts',(83.6264620605249,-7.16222432831879,1.));
#5904=CARTESIAN_POINT('Ctrl Pts',(84.3204782282242,-8.49064991859373,1.));
#5905=CARTESIAN_POINT('Ctrl Pts',(78.42156286005,6.33701714869907,7.28553833312386E-16));
#5906=CARTESIAN_POINT('Ctrl Pts',(78.42156286005,6.33701714869904,1.));
#5907=CARTESIAN_POINT('Ctrl Pts',(78.57495635413,5.32199167656553,7.08737152289769E-16));
#5908=CARTESIAN_POINT('Ctrl Pts',(78.57495635413,5.3219916765655,1.));
#5909=CARTESIAN_POINT('Ctrl Pts',(78.969815808653,2.70915332473376,6.57725837201211E-16));
#5910=CARTESIAN_POINT('Ctrl Pts',(78.969815808653,2.70915332473374,1.));
#5911=CARTESIAN_POINT('Ctrl Pts',(80.0530849112907,0.291009564117841,5.22609519468118E-16));
#5912=CARTESIAN_POINT('Ctrl Pts',(80.0530849112907,0.291009564117812,1.));
#5913=CARTESIAN_POINT('Ctrl Pts',(80.7155297667714,-1.187742936191,4.39982673234027E-16));
#5914=CARTESIAN_POINT('Ctrl Pts',(80.7155297667714,-1.18774293619103,1.));
#5915=CARTESIAN_POINT('',(78.42156286005,6.33701714869907,7.28553833312386E-16));
#5916=CARTESIAN_POINT('Ctrl Pts',(78.42156286005,6.33701714869907,7.28553833312386E-16));
#5917=CARTESIAN_POINT('Ctrl Pts',(78.57495635413,5.32199167656553,7.08737152289769E-16));
#5918=CARTESIAN_POINT('Ctrl Pts',(78.969815808653,2.70915332473376,6.57725837201211E-16));
#5919=CARTESIAN_POINT('Ctrl Pts',(80.0530849112907,0.291009564117841,5.22609519468118E-16));
#5920=CARTESIAN_POINT('Ctrl Pts',(80.7155297667714,-1.187742936191,4.39982673234027E-16));
#5921=CARTESIAN_POINT('',(78.42156286005,6.33701714869904,1.));
#5922=CARTESIAN_POINT('',(78.42156286005,6.33701714869907,7.28553833312386E-16));
#5923=CARTESIAN_POINT('Ctrl Pts',(78.42156286005,6.33701714869904,1.));
#5924=CARTESIAN_POINT('Ctrl Pts',(78.57495635413,5.3219916765655,1.));
#5925=CARTESIAN_POINT('Ctrl Pts',(78.969815808653,2.70915332473374,1.));
#5926=CARTESIAN_POINT('Ctrl Pts',(80.0530849112907,0.291009564117812,1.));
#5927=CARTESIAN_POINT('Ctrl Pts',(80.7155297667714,-1.18774293619103,1.));
#5928=CARTESIAN_POINT('Ctrl Pts',(78.6634580601506,7.4405031935806,7.000532231138E-16));
#5929=CARTESIAN_POINT('Ctrl Pts',(78.6634580601506,7.44050319358057,1.));
#5930=CARTESIAN_POINT('Ctrl Pts',(78.5943405279995,7.27833728781552,7.08352503054232E-16));
#5931=CARTESIAN_POINT('Ctrl Pts',(78.5943405279995,7.27833728781549,1.));
#5932=CARTESIAN_POINT('Ctrl Pts',(78.4443459507047,6.92641490676611,7.26363085142084E-16));
#5933=CARTESIAN_POINT('Ctrl Pts',(78.4443459507047,6.92641490676608,1.));
#5934=CARTESIAN_POINT('Ctrl Pts',(78.4295440447099,6.54349011659055,7.27786388457983E-16));
#5935=CARTESIAN_POINT('Ctrl Pts',(78.4295440447098,6.54349011659052,1.));
#5936=CARTESIAN_POINT('Ctrl Pts',(78.42156286005,6.33701714869907,7.28553833312386E-16));
#5937=CARTESIAN_POINT('Ctrl Pts',(78.42156286005,6.33701714869904,1.));
#5938=CARTESIAN_POINT('',(78.6634580601506,7.4405031935806,7.000532231138E-16));
#5939=CARTESIAN_POINT('Ctrl Pts',(78.6634580601506,7.4405031935806,7.000532231138E-16));
#5940=CARTESIAN_POINT('Ctrl Pts',(78.5943405279995,7.27833728781552,7.08352503054232E-16));
#5941=CARTESIAN_POINT('Ctrl Pts',(78.4443459507047,6.92641490676611,7.26363085142084E-16));
#5942=CARTESIAN_POINT('Ctrl Pts',(78.4295440447099,6.54349011659055,7.27786388457983E-16));
#5943=CARTESIAN_POINT('Ctrl Pts',(78.42156286005,6.33701714869907,7.28553833312386E-16));
#5944=CARTESIAN_POINT('',(78.6634580601506,7.44050319358057,1.));
#5945=CARTESIAN_POINT('',(78.6634580601506,7.4405031935806,7.000532231138E-16));
#5946=CARTESIAN_POINT('Ctrl Pts',(78.6634580601506,7.44050319358057,1.));
#5947=CARTESIAN_POINT('Ctrl Pts',(78.5943405279995,7.27833728781549,1.));
#5948=CARTESIAN_POINT('Ctrl Pts',(78.4443459507047,6.92641490676608,1.));
#5949=CARTESIAN_POINT('Ctrl Pts',(78.4295440447098,6.54349011659052,1.));
#5950=CARTESIAN_POINT('Ctrl Pts',(78.42156286005,6.33701714869904,1.));
#5951=CARTESIAN_POINT('Ctrl Pts',(79.9206054337249,8.18645527644025,5.46860837414374E-16));
#5952=CARTESIAN_POINT('Ctrl Pts',(79.9206054337249,8.18645527644022,1.));
#5953=CARTESIAN_POINT('Ctrl Pts',(79.6630989862061,8.15446512530403,5.78362668671638E-16));
#5954=CARTESIAN_POINT('Ctrl Pts',(79.6630989862061,8.154465125304,1.));
#5955=CARTESIAN_POINT('Ctrl Pts',(79.1368260198241,8.0890859788955,6.42743822394073E-16));
#5956=CARTESIAN_POINT('Ctrl Pts',(79.1368260198241,8.08908597889547,1.));
#5957=CARTESIAN_POINT('Ctrl Pts',(78.8234821357141,7.65975939486213,6.80679533611036E-16));
#5958=CARTESIAN_POINT('Ctrl Pts',(78.8234821357141,7.6597593948621,1.));
#5959=CARTESIAN_POINT('Ctrl Pts',(78.6634580601506,7.4405031935806,7.000532231138E-16));
#5960=CARTESIAN_POINT('Ctrl Pts',(78.6634580601506,7.44050319358057,1.));
#5961=CARTESIAN_POINT('',(79.9206054337249,8.18645527644025,5.46860837414374E-16));
#5962=CARTESIAN_POINT('Ctrl Pts',(79.9206054337249,8.18645527644025,5.46860837414374E-16));
#5963=CARTESIAN_POINT('Ctrl Pts',(79.6630989862061,8.15446512530403,5.78362668671638E-16));
#5964=CARTESIAN_POINT('Ctrl Pts',(79.1368260198241,8.0890859788955,6.42743822394073E-16));
#5965=CARTESIAN_POINT('Ctrl Pts',(78.8234821357141,7.65975939486213,6.80679533611036E-16));
#5966=CARTESIAN_POINT('Ctrl Pts',(78.6634580601506,7.4405031935806,7.000532231138E-16));
#5967=CARTESIAN_POINT('',(79.9206054337249,8.18645527644022,1.));
#5968=CARTESIAN_POINT('',(79.9206054337249,8.18645527644025,5.46860837414374E-16));
#5969=CARTESIAN_POINT('Ctrl Pts',(79.9206054337249,8.18645527644022,1.));
#5970=CARTESIAN_POINT('Ctrl Pts',(79.6630989862061,8.154465125304,1.));
#5971=CARTESIAN_POINT('Ctrl Pts',(79.1368260198241,8.08908597889547,1.));
#5972=CARTESIAN_POINT('Ctrl Pts',(78.8234821357141,7.6597593948621,1.));
#5973=CARTESIAN_POINT('Ctrl Pts',(78.6634580601506,7.44050319358057,1.));
#5974=CARTESIAN_POINT('Ctrl Pts',(81.5349063936513,6.39844616159016,3.47354814152972E-16));
#5975=CARTESIAN_POINT('Ctrl Pts',(81.5349063936513,6.39844616159013,1.));
#5976=CARTESIAN_POINT('Ctrl Pts',(81.4048887991252,6.91388360162841,3.63800907689768E-16));
#5977=CARTESIAN_POINT('Ctrl Pts',(81.4048887991251,6.91388360162838,1.));
#5978=CARTESIAN_POINT('Ctrl Pts',(81.1762645379561,7.82023404086766,3.92719885907066E-16));
#5979=CARTESIAN_POINT('Ctrl Pts',(81.1762645379561,7.82023404086763,1.));
#5980=CARTESIAN_POINT('Ctrl Pts',(80.2989815228555,8.07609940166055,5.0041252177706E-16));
#5981=CARTESIAN_POINT('Ctrl Pts',(80.2989815228554,8.07609940166053,1.));
#5982=CARTESIAN_POINT('Ctrl Pts',(79.9206054337249,8.18645527644025,5.46860837414374E-16));
#5983=CARTESIAN_POINT('Ctrl Pts',(79.9206054337249,8.18645527644022,1.));
#5984=CARTESIAN_POINT('',(81.5349063936513,6.39844616159016,3.47354814152972E-16));
#5985=CARTESIAN_POINT('Ctrl Pts',(81.5349063936513,6.39844616159016,3.47354814152972E-16));
#5986=CARTESIAN_POINT('Ctrl Pts',(81.4048887991252,6.91388360162841,3.63800907689768E-16));
#5987=CARTESIAN_POINT('Ctrl Pts',(81.1762645379561,7.82023404086766,3.92719885907066E-16));
#5988=CARTESIAN_POINT('Ctrl Pts',(80.2989815228555,8.07609940166055,5.0041252177706E-16));
#5989=CARTESIAN_POINT('Ctrl Pts',(79.9206054337249,8.18645527644025,5.46860837414374E-16));
#5990=CARTESIAN_POINT('',(81.5349063936513,6.39844616159013,1.));
#5991=CARTESIAN_POINT('',(81.5349063936513,6.39844616159016,3.47354814152972E-16));
#5992=CARTESIAN_POINT('Ctrl Pts',(81.5349063936513,6.39844616159013,1.));
#5993=CARTESIAN_POINT('Ctrl Pts',(81.4048887991251,6.91388360162838,1.));
#5994=CARTESIAN_POINT('Ctrl Pts',(81.1762645379561,7.82023404086763,1.));
#5995=CARTESIAN_POINT('Ctrl Pts',(80.2989815228554,8.07609940166053,1.));
#5996=CARTESIAN_POINT('Ctrl Pts',(79.9206054337249,8.18645527644022,1.));
#5997=CARTESIAN_POINT('Ctrl Pts',(87.7841098124477,-8.28667462920669,-4.32856835486347E-16));
#5998=CARTESIAN_POINT('Ctrl Pts',(87.7841098124476,-8.28667462920672,1.));
#5999=CARTESIAN_POINT('Ctrl Pts',(86.2597766672949,-5.57649971448072,-2.4343068533493E-16));
#6000=CARTESIAN_POINT('Ctrl Pts',(86.2597766672948,-5.57649971448075,1.));
#6001=CARTESIAN_POINT('Ctrl Pts',(83.6323640159719,-0.905114144408889,8.30731796383288E-17));
#6002=CARTESIAN_POINT('Ctrl Pts',(83.6323640159719,-0.905114144408918,1.));
#6003=CARTESIAN_POINT('Ctrl Pts',(82.1551094179614,4.2388362882808,2.6920864936217E-16));
#6004=CARTESIAN_POINT('Ctrl Pts',(82.1551094179614,4.23883628828077,1.));
#6005=CARTESIAN_POINT('Ctrl Pts',(81.5349063936513,6.39844616159016,3.47354814152972E-16));
#6006=CARTESIAN_POINT('Ctrl Pts',(81.5349063936513,6.39844616159013,1.));
#6007=CARTESIAN_POINT('',(87.7841098124477,-8.28667462920669,-4.32856835486347E-16));
#6008=CARTESIAN_POINT('Ctrl Pts',(87.7841098124477,-8.28667462920669,-4.32856835486347E-16));
#6009=CARTESIAN_POINT('Ctrl Pts',(86.2597766672949,-5.57649971448072,-2.4343068533493E-16));
#6010=CARTESIAN_POINT('Ctrl Pts',(83.6323640159719,-0.905114144408889,8.30731796383288E-17));
#6011=CARTESIAN_POINT('Ctrl Pts',(82.1551094179614,4.2388362882808,2.6920864936217E-16));
#6012=CARTESIAN_POINT('Ctrl Pts',(81.5349063936513,6.39844616159016,3.47354814152972E-16));
#6013=CARTESIAN_POINT('',(87.7841098124476,-8.28667462920672,1.));
#6014=CARTESIAN_POINT('',(87.7841098124477,-8.28667462920669,-4.32856835486347E-16));
#6015=CARTESIAN_POINT('Ctrl Pts',(87.7841098124476,-8.28667462920672,1.));
#6016=CARTESIAN_POINT('Ctrl Pts',(86.2597766672948,-5.57649971448075,1.));
#6017=CARTESIAN_POINT('Ctrl Pts',(83.6323640159719,-0.905114144408918,1.));
#6018=CARTESIAN_POINT('Ctrl Pts',(82.1551094179614,4.23883628828077,1.));
#6019=CARTESIAN_POINT('Ctrl Pts',(81.5349063936513,6.39844616159013,1.));
#6020=CARTESIAN_POINT('Ctrl Pts',(93.7791267361945,-18.5477095228153,-1.17744243039888E-15));
#6021=CARTESIAN_POINT('Ctrl Pts',(93.7791267361945,-18.5477095228153,0.999999999999999));
#6022=CARTESIAN_POINT('Ctrl Pts',(93.0184086512719,-17.1873747331315,-1.08290140247729E-15));
#6023=CARTESIAN_POINT('Ctrl Pts',(93.0184086512719,-17.1873747331315,0.999999999999999));
#6024=CARTESIAN_POINT('Ctrl Pts',(91.0847071193842,-13.7294820934956,-8.42583557875453E-16));
#6025=CARTESIAN_POINT('Ctrl Pts',(91.0847071193842,-13.7294820934956,0.999999999999999));
#6026=CARTESIAN_POINT('Ctrl Pts',(89.0303082627211,-10.3417021276776,-5.87556351662963E-16));
#6027=CARTESIAN_POINT('Ctrl Pts',(89.0303082627211,-10.3417021276776,1.));
#6028=CARTESIAN_POINT('Ctrl Pts',(87.7841098124477,-8.28667462920669,-4.32856835486347E-16));
#6029=CARTESIAN_POINT('Ctrl Pts',(87.7841098124476,-8.28667462920672,1.));
#6030=CARTESIAN_POINT('',(93.7791267361945,-18.5477095228153,-1.17744243039888E-15));
#6031=CARTESIAN_POINT('Ctrl Pts',(93.7791267361945,-18.5477095228153,-1.17744243039888E-15));
#6032=CARTESIAN_POINT('Ctrl Pts',(93.0184086512719,-17.1873747331315,-1.08290140247729E-15));
#6033=CARTESIAN_POINT('Ctrl Pts',(91.0847071193842,-13.7294820934956,-8.42583557875453E-16));
#6034=CARTESIAN_POINT('Ctrl Pts',(89.0303082627211,-10.3417021276776,-5.87556351662963E-16));
#6035=CARTESIAN_POINT('Ctrl Pts',(87.7841098124477,-8.28667462920669,-4.32856835486347E-16));
#6036=CARTESIAN_POINT('',(93.7791267361945,-18.5477095228153,0.999999999999999));
#6037=CARTESIAN_POINT('',(93.7791267361945,-18.5477095228153,-1.17744243039888E-15));
#6038=CARTESIAN_POINT('Ctrl Pts',(93.7791267361945,-18.5477095228153,0.999999999999999));
#6039=CARTESIAN_POINT('Ctrl Pts',(93.0184086512719,-17.1873747331315,0.999999999999999));
#6040=CARTESIAN_POINT('Ctrl Pts',(91.0847071193842,-13.7294820934956,0.999999999999999));
#6041=CARTESIAN_POINT('Ctrl Pts',(89.0303082627211,-10.3417021276776,1.));
#6042=CARTESIAN_POINT('Ctrl Pts',(87.7841098124476,-8.28667462920672,1.));
#6043=CARTESIAN_POINT('Ctrl Pts',(92.2967714282461,-11.3787902266438,-9.88623406015577E-16));
#6044=CARTESIAN_POINT('Ctrl Pts',(92.2967714282461,-11.3787902266439,0.999999999999999));
#6045=CARTESIAN_POINT('Ctrl Pts',(92.6315173064837,-12.9367374313097,-1.03120060756754E-15));
#6046=CARTESIAN_POINT('Ctrl Pts',(92.6315173064837,-12.9367374313097,0.999999999999999));
#6047=CARTESIAN_POINT('Ctrl Pts',(93.1441483095194,-15.322583203061,-1.09640348221664E-15));
#6048=CARTESIAN_POINT('Ctrl Pts',(93.1441483095194,-15.3225832030611,0.999999999999999));
#6049=CARTESIAN_POINT('Ctrl Pts',(93.6155487803435,-17.7168788227726,-1.15656583848477E-15));
#6050=CARTESIAN_POINT('Ctrl Pts',(93.6155487803435,-17.7168788227726,0.999999999999999));
#6051=CARTESIAN_POINT('Ctrl Pts',(93.7791267361945,-18.5477095228153,-1.17744243039888E-15));
#6052=CARTESIAN_POINT('Ctrl Pts',(93.7791267361945,-18.5477095228153,0.999999999999999));
#6053=CARTESIAN_POINT('',(92.2967714282461,-11.3787902266438,-9.88623406015577E-16));
#6054=CARTESIAN_POINT('Ctrl Pts',(92.2967714282461,-11.3787902266438,-9.88623406015577E-16));
#6055=CARTESIAN_POINT('Ctrl Pts',(92.6315173064837,-12.9367374313097,-1.03120060756754E-15));
#6056=CARTESIAN_POINT('Ctrl Pts',(93.1441483095194,-15.322583203061,-1.09640348221664E-15));
#6057=CARTESIAN_POINT('Ctrl Pts',(93.6155487803435,-17.7168788227726,-1.15656583848477E-15));
#6058=CARTESIAN_POINT('Ctrl Pts',(93.7791267361945,-18.5477095228153,-1.17744243039888E-15));
#6059=CARTESIAN_POINT('',(92.2967714282461,-11.3787902266439,0.999999999999999));
#6060=CARTESIAN_POINT('',(92.2967714282461,-11.3787902266438,-9.88623406015577E-16));
#6061=CARTESIAN_POINT('Ctrl Pts',(92.2967714282461,-11.3787902266439,0.999999999999999));
#6062=CARTESIAN_POINT('Ctrl Pts',(92.6315173064837,-12.9367374313097,0.999999999999999));
#6063=CARTESIAN_POINT('Ctrl Pts',(93.1441483095194,-15.3225832030611,0.999999999999999));
#6064=CARTESIAN_POINT('Ctrl Pts',(93.6155487803435,-17.7168788227726,0.999999999999999));
#6065=CARTESIAN_POINT('Ctrl Pts',(93.7791267361945,-18.5477095228153,0.999999999999999));
#6066=CARTESIAN_POINT('Ctrl Pts',(91.1064245986207,-0.575807531615498,-8.31868882009153E-16));
#6067=CARTESIAN_POINT('Ctrl Pts',(91.1064245986207,-0.575807531615526,0.999999999999999));
#6068=CARTESIAN_POINT('Ctrl Pts',(91.1527857168113,-2.32461828517423,-8.39324417039452E-16));
#6069=CARTESIAN_POINT('Ctrl Pts',(91.1527857168112,-2.32461828517425,0.999999999999999));
#6070=CARTESIAN_POINT('Ctrl Pts',(91.249109477585,-5.9580946817498,-8.54814664055212E-16));
#6071=CARTESIAN_POINT('Ctrl Pts',(91.2491094775849,-5.95809468174983,0.999999999999999));
#6072=CARTESIAN_POINT('Ctrl Pts',(91.9389530774787,-9.52740644902168,-9.42922382573521E-16));
#6073=CARTESIAN_POINT('Ctrl Pts',(91.9389530774787,-9.52740644902171,0.999999999999999));
#6074=CARTESIAN_POINT('Ctrl Pts',(92.2967714282461,-11.3787902266438,-9.88623406015577E-16));
#6075=CARTESIAN_POINT('Ctrl Pts',(92.2967714282461,-11.3787902266439,0.999999999999999));
#6076=CARTESIAN_POINT('',(91.1064245986207,-0.575807531615498,-8.31868882009153E-16));
#6077=CARTESIAN_POINT('Ctrl Pts',(91.1064245986207,-0.575807531615498,-8.31868882009153E-16));
#6078=CARTESIAN_POINT('Ctrl Pts',(91.1527857168113,-2.32461828517422,-8.39324417039452E-16));
#6079=CARTESIAN_POINT('Ctrl Pts',(91.249109477585,-5.9580946817498,-8.54814664055212E-16));
#6080=CARTESIAN_POINT('Ctrl Pts',(91.9389530774787,-9.52740644902168,-9.42922382573521E-16));
#6081=CARTESIAN_POINT('Ctrl Pts',(92.2967714282461,-11.3787902266438,-9.88623406015577E-16));
#6082=CARTESIAN_POINT('',(91.1064245986207,-0.575807531615526,0.999999999999999));
#6083=CARTESIAN_POINT('',(91.1064245986207,-0.575807531615498,-8.31868882009153E-16));
#6084=CARTESIAN_POINT('Ctrl Pts',(91.1064245986207,-0.575807531615526,0.999999999999999));
#6085=CARTESIAN_POINT('Ctrl Pts',(91.1527857168112,-2.32461828517425,0.999999999999999));
#6086=CARTESIAN_POINT('Ctrl Pts',(91.2491094775849,-5.95809468174983,0.999999999999999));
#6087=CARTESIAN_POINT('Ctrl Pts',(91.9389530774787,-9.52740644902171,0.999999999999999));
#6088=CARTESIAN_POINT('Ctrl Pts',(92.2967714282461,-11.3787902266439,0.999999999999999));
#6089=CARTESIAN_POINT('Ctrl Pts',(91.6648253022139,3.60879129056821,-8.95996130891621E-16));
#6090=CARTESIAN_POINT('Ctrl Pts',(91.6648253022139,3.60879129056818,0.999999999999999));
#6091=CARTESIAN_POINT('Ctrl Pts',(91.5072887849318,2.98746059580572,-8.77335884569918E-16));
#6092=CARTESIAN_POINT('Ctrl Pts',(91.5072887849318,2.98746059580569,0.999999999999999));
#6093=CARTESIAN_POINT('Ctrl Pts',(91.1593934537736,1.61534667871256,-8.36127581342304E-16));
#6094=CARTESIAN_POINT('Ctrl Pts',(91.1593934537736,1.61534667871253,0.999999999999999));
#6095=CARTESIAN_POINT('Ctrl Pts',(91.1251575494624,0.199115467762621,-8.33375012451794E-16));
#6096=CARTESIAN_POINT('Ctrl Pts',(91.1251575494624,0.199115467762592,0.999999999999999));
#6097=CARTESIAN_POINT('Ctrl Pts',(91.1064245986207,-0.575807531615498,-8.31868882009153E-16));
#6098=CARTESIAN_POINT('Ctrl Pts',(91.1064245986207,-0.575807531615526,0.999999999999999));
#6099=CARTESIAN_POINT('',(91.6648253022139,3.60879129056821,-8.95996130891621E-16));
#6100=CARTESIAN_POINT('Ctrl Pts',(91.6648253022139,3.60879129056821,-8.95996130891621E-16));
#6101=CARTESIAN_POINT('Ctrl Pts',(91.5072887849318,2.98746059580572,-8.77335884569918E-16));
#6102=CARTESIAN_POINT('Ctrl Pts',(91.1593934537736,1.61534667871256,-8.36127581342304E-16));
#6103=CARTESIAN_POINT('Ctrl Pts',(91.1251575494624,0.199115467762621,-8.33375012451794E-16));
#6104=CARTESIAN_POINT('Ctrl Pts',(91.1064245986207,-0.575807531615498,-8.31868882009153E-16));
#6105=CARTESIAN_POINT('',(91.6648253022139,3.60879129056818,0.999999999999999));
#6106=CARTESIAN_POINT('',(91.6648253022139,3.60879129056821,-8.95996130891621E-16));
#6107=CARTESIAN_POINT('Ctrl Pts',(91.6648253022139,3.60879129056818,0.999999999999999));
#6108=CARTESIAN_POINT('Ctrl Pts',(91.5072887849318,2.98746059580569,0.999999999999999));
#6109=CARTESIAN_POINT('Ctrl Pts',(91.1593934537736,1.61534667871253,0.999999999999999));
#6110=CARTESIAN_POINT('Ctrl Pts',(91.1251575494624,0.199115467762592,0.999999999999999));
#6111=CARTESIAN_POINT('Ctrl Pts',(91.1064245986207,-0.575807531615526,0.999999999999999));
#6112=CARTESIAN_POINT('Ctrl Pts',(95.0032958548997,6.25752784280181,-1.30213362194262E-15));
#6113=CARTESIAN_POINT('Ctrl Pts',(95.0032958548996,6.25752784280178,0.999999999999999));
#6114=CARTESIAN_POINT('Ctrl Pts',(94.2340430923027,6.13638526449662,-1.20805374921131E-15));
#6115=CARTESIAN_POINT('Ctrl Pts',(94.2340430923026,6.1363852644966,0.999999999999999));
#6116=CARTESIAN_POINT('Ctrl Pts',(92.6347997588918,5.88453506626956,-1.01246574928555E-15));
#6117=CARTESIAN_POINT('Ctrl Pts',(92.6347997588917,5.88453506626953,0.999999999999999));
#6118=CARTESIAN_POINT('Ctrl Pts',(91.9962341680184,4.38633925420216,-9.35790028418381E-16));
#6119=CARTESIAN_POINT('Ctrl Pts',(91.9962341680184,4.38633925420213,0.999999999999999));
#6120=CARTESIAN_POINT('Ctrl Pts',(91.6648253022139,3.60879129056821,-8.95996130891621E-16));
#6121=CARTESIAN_POINT('Ctrl Pts',(91.6648253022139,3.60879129056818,0.999999999999999));
#6122=CARTESIAN_POINT('',(95.0032958548997,6.25752784280181,-1.30213362194262E-15));
#6123=CARTESIAN_POINT('Ctrl Pts',(95.0032958548997,6.25752784280181,-1.30213362194262E-15));
#6124=CARTESIAN_POINT('Ctrl Pts',(94.2340430923027,6.13638526449662,-1.20805374921131E-15));
#6125=CARTESIAN_POINT('Ctrl Pts',(92.6347997588918,5.88453506626956,-1.01246574928555E-15));
#6126=CARTESIAN_POINT('Ctrl Pts',(91.9962341680184,4.38633925420216,-9.35790028418381E-16));
#6127=CARTESIAN_POINT('Ctrl Pts',(91.6648253022139,3.60879129056821,-8.95996130891621E-16));
#6128=CARTESIAN_POINT('',(95.0032958548996,6.25752784280178,0.999999999999999));
#6129=CARTESIAN_POINT('',(95.0032958548997,6.25752784280181,-1.30213362194262E-15));
#6130=CARTESIAN_POINT('Ctrl Pts',(95.0032958548996,6.25752784280178,0.999999999999999));
#6131=CARTESIAN_POINT('Ctrl Pts',(94.2340430923026,6.1363852644966,0.999999999999999));
#6132=CARTESIAN_POINT('Ctrl Pts',(92.6347997588917,5.88453506626953,0.999999999999999));
#6133=CARTESIAN_POINT('Ctrl Pts',(91.9962341680184,4.38633925420213,0.999999999999999));
#6134=CARTESIAN_POINT('Ctrl Pts',(91.6648253022139,3.60879129056818,0.999999999999999));
#6135=CARTESIAN_POINT('Ctrl Pts',(101.591354688354,0.849917961893762,-2.11440860404463E-15));
#6136=CARTESIAN_POINT('Ctrl Pts',(101.591354688354,0.849917961893734,0.999999999999998));
#6137=CARTESIAN_POINT('Ctrl Pts',(100.588444896185,2.39313620146798,-1.99002271882877E-15));
#6138=CARTESIAN_POINT('Ctrl Pts',(100.588444896185,2.39313620146795,0.999999999999998));
#6139=CARTESIAN_POINT('Ctrl Pts',(98.9380868461314,4.93260950660305,-1.78533706456356E-15));
#6140=CARTESIAN_POINT('Ctrl Pts',(98.9380868461313,4.93260950660303,0.999999999999998));
#6141=CARTESIAN_POINT('Ctrl Pts',(96.1119939917326,5.88420827028253,-1.43828488327744E-15));
#6142=CARTESIAN_POINT('Ctrl Pts',(96.1119939917325,5.8842082702825,0.999999999999999));
#6143=CARTESIAN_POINT('Ctrl Pts',(95.0032958548997,6.25752784280181,-1.30213362194262E-15));
#6144=CARTESIAN_POINT('Ctrl Pts',(95.0032958548996,6.25752784280178,0.999999999999999));
#6145=CARTESIAN_POINT('',(101.591354688354,0.849917961893762,-2.11440860404463E-15));
#6146=CARTESIAN_POINT('Ctrl Pts',(101.591354688354,0.849917961893762,-2.11440860404463E-15));
#6147=CARTESIAN_POINT('Ctrl Pts',(100.588444896185,2.39313620146798,-1.99002271882877E-15));
#6148=CARTESIAN_POINT('Ctrl Pts',(98.9380868461314,4.93260950660305,-1.78533706456356E-15));
#6149=CARTESIAN_POINT('Ctrl Pts',(96.1119939917326,5.88420827028253,-1.43828488327744E-15));
#6150=CARTESIAN_POINT('Ctrl Pts',(95.0032958548997,6.25752784280181,-1.30213362194262E-15));
#6151=CARTESIAN_POINT('',(101.591354688354,0.849917961893734,0.999999999999998));
#6152=CARTESIAN_POINT('',(101.591354688354,0.849917961893762,-2.11440860404463E-15));
#6153=CARTESIAN_POINT('Ctrl Pts',(101.591354688354,0.849917961893734,0.999999999999998));
#6154=CARTESIAN_POINT('Ctrl Pts',(100.588444896185,2.39313620146795,0.999999999999998));
#6155=CARTESIAN_POINT('Ctrl Pts',(98.9380868461313,4.93260950660303,0.999999999999998));
#6156=CARTESIAN_POINT('Ctrl Pts',(96.1119939917325,5.8842082702825,0.999999999999999));
#6157=CARTESIAN_POINT('Ctrl Pts',(95.0032958548996,6.25752784280178,0.999999999999999));
#6158=CARTESIAN_POINT('Ctrl Pts',(104.082072852394,-4.00002047183548,-2.42435434583628E-15));
#6159=CARTESIAN_POINT('Ctrl Pts',(104.082072852394,-4.00002047183551,0.999999999999998));
#6160=CARTESIAN_POINT('Ctrl Pts',(103.897692313471,-3.39175164595894,-2.40115655338538E-15));
#6161=CARTESIAN_POINT('Ctrl Pts',(103.897692313471,-3.39175164595897,0.999999999999998));
#6162=CARTESIAN_POINT('Ctrl Pts',(103.365092269828,-1.63471153152869,-2.33414760903628E-15));
#6163=CARTESIAN_POINT('Ctrl Pts',(103.365092269828,-1.63471153152871,0.999999999999998));
#6164=CARTESIAN_POINT('Ctrl Pts',(102.292576661994,-0.132345037627273,-2.20127930035016E-15));
#6165=CARTESIAN_POINT('Ctrl Pts',(102.292576661994,-0.132345037627302,0.999999999999998));
#6166=CARTESIAN_POINT('Ctrl Pts',(101.591354688354,0.849917961893762,-2.11440860404463E-15));
#6167=CARTESIAN_POINT('Ctrl Pts',(101.591354688354,0.849917961893734,0.999999999999998));
#6168=CARTESIAN_POINT('',(104.082072852394,-4.00002047183548,-2.42435434583628E-15));
#6169=CARTESIAN_POINT('Ctrl Pts',(104.082072852394,-4.00002047183548,-2.42435434583628E-15));
#6170=CARTESIAN_POINT('Ctrl Pts',(103.897692313471,-3.39175164595894,-2.40115655338538E-15));
#6171=CARTESIAN_POINT('Ctrl Pts',(103.365092269828,-1.63471153152869,-2.33414760903628E-15));
#6172=CARTESIAN_POINT('Ctrl Pts',(102.292576661994,-0.132345037627273,-2.20127930035016E-15));
#6173=CARTESIAN_POINT('Ctrl Pts',(101.591354688354,0.849917961893762,-2.11440860404463E-15));
#6174=CARTESIAN_POINT('',(104.082072852394,-4.00002047183551,0.999999999999998));
#6175=CARTESIAN_POINT('',(104.082072852394,-4.00002047183548,-2.42435434583628E-15));
#6176=CARTESIAN_POINT('Ctrl Pts',(104.082072852394,-4.00002047183551,0.999999999999998));
#6177=CARTESIAN_POINT('Ctrl Pts',(103.897692313471,-3.39175164595897,0.999999999999998));
#6178=CARTESIAN_POINT('Ctrl Pts',(103.365092269828,-1.63471153152871,0.999999999999998));
#6179=CARTESIAN_POINT('Ctrl Pts',(102.292576661994,-0.132345037627302,0.999999999999998));
#6180=CARTESIAN_POINT('Ctrl Pts',(101.591354688354,0.849917961893734,0.999999999999998));
#6181=CARTESIAN_POINT('Ctrl Pts',(103.406244749419,-4.80898481375223,-2.34241465354752E-15));
#6182=CARTESIAN_POINT('Ctrl Pts',(103.406244749419,-4.80898481375226,0.999999999999998));
#6183=CARTESIAN_POINT('Ctrl Pts',(103.601432029105,-4.76720654736088,-2.36627489868651E-15));
#6184=CARTESIAN_POINT('Ctrl Pts',(103.601432029105,-4.76720654736091,0.999999999999998));
#6185=CARTESIAN_POINT('Ctrl Pts',(104.024906615408,-4.67656522019579,-2.41804162987694E-15));
#6186=CARTESIAN_POINT('Ctrl Pts',(104.024906615408,-4.67656522019581,0.999999999999998));
#6187=CARTESIAN_POINT('Ctrl Pts',(104.062049702203,-4.23698826649568,-2.4221432424572E-15));
#6188=CARTESIAN_POINT('Ctrl Pts',(104.062049702203,-4.23698826649571,0.999999999999998));
#6189=CARTESIAN_POINT('Ctrl Pts',(104.082072852394,-4.00002047183548,-2.42435434583628E-15));
#6190=CARTESIAN_POINT('Ctrl Pts',(104.082072852394,-4.00002047183551,0.999999999999998));
#6191=CARTESIAN_POINT('',(103.406244749419,-4.80898481375223,-2.34241465354752E-15));
#6192=CARTESIAN_POINT('Ctrl Pts',(103.406244749419,-4.80898481375223,-2.34241465354752E-15));
#6193=CARTESIAN_POINT('Ctrl Pts',(103.601432029105,-4.76720654736088,-2.36627489868651E-15));
#6194=CARTESIAN_POINT('Ctrl Pts',(104.024906615408,-4.67656522019579,-2.41804162987694E-15));
#6195=CARTESIAN_POINT('Ctrl Pts',(104.062049702203,-4.23698826649568,-2.4221432424572E-15));
#6196=CARTESIAN_POINT('Ctrl Pts',(104.082072852394,-4.00002047183548,-2.42435434583628E-15));
#6197=CARTESIAN_POINT('',(103.406244749419,-4.80898481375226,0.999999999999998));
#6198=CARTESIAN_POINT('',(103.406244749419,-4.80898481375223,-2.34241465354752E-15));
#6199=CARTESIAN_POINT('Ctrl Pts',(103.406244749419,-4.80898481375226,0.999999999999998));
#6200=CARTESIAN_POINT('Ctrl Pts',(103.601432029105,-4.76720654736091,0.999999999999998));
#6201=CARTESIAN_POINT('Ctrl Pts',(104.024906615408,-4.67656522019581,0.999999999999998));
#6202=CARTESIAN_POINT('Ctrl Pts',(104.062049702203,-4.23698826649571,0.999999999999998));
#6203=CARTESIAN_POINT('Ctrl Pts',(104.082072852394,-4.00002047183551,0.999999999999998));
#6204=CARTESIAN_POINT('Ctrl Pts',(102.020076660745,-3.57561468596337,-2.1714098244418E-15));
#6205=CARTESIAN_POINT('Ctrl Pts',(102.020076660745,-3.5756146859634,0.999999999999998));
#6206=CARTESIAN_POINT('Ctrl Pts',(102.247721312471,-3.92305678427947,-2.19964056026976E-15));
#6207=CARTESIAN_POINT('Ctrl Pts',(102.247721312471,-3.9230567842795,0.999999999999998));
#6208=CARTESIAN_POINT('Ctrl Pts',(102.604192573189,-4.46712018253937,-2.24384737960563E-15));
#6209=CARTESIAN_POINT('Ctrl Pts',(102.604192573189,-4.4671201825394,0.999999999999998));
#6210=CARTESIAN_POINT('Ctrl Pts',(103.193332910015,-4.71823382570441,-2.31624909945767E-15));
#6211=CARTESIAN_POINT('Ctrl Pts',(103.193332910015,-4.71823382570444,0.999999999999998));
#6212=CARTESIAN_POINT('Ctrl Pts',(103.406244749419,-4.80898481375223,-2.34241465354752E-15));
#6213=CARTESIAN_POINT('Ctrl Pts',(103.406244749419,-4.80898481375226,0.999999999999998));
#6214=CARTESIAN_POINT('',(102.020076660745,-3.57561468596337,-2.1714098244418E-15));
#6215=CARTESIAN_POINT('Ctrl Pts',(102.020076660745,-3.57561468596337,-2.1714098244418E-15));
#6216=CARTESIAN_POINT('Ctrl Pts',(102.247721312471,-3.92305678427947,-2.19964056026976E-15));
#6217=CARTESIAN_POINT('Ctrl Pts',(102.604192573189,-4.46712018253937,-2.24384737960563E-15));
#6218=CARTESIAN_POINT('Ctrl Pts',(103.193332910015,-4.71823382570441,-2.31624909945767E-15));
#6219=CARTESIAN_POINT('Ctrl Pts',(103.406244749419,-4.80898481375223,-2.34241465354752E-15));
#6220=CARTESIAN_POINT('',(102.020076660745,-3.5756146859634,0.999999999999998));
#6221=CARTESIAN_POINT('',(102.020076660745,-3.57561468596337,-2.1714098244418E-15));
#6222=CARTESIAN_POINT('Ctrl Pts',(102.020076660745,-3.5756146859634,0.999999999999998));
#6223=CARTESIAN_POINT('Ctrl Pts',(102.247721312471,-3.9230567842795,0.999999999999998));
#6224=CARTESIAN_POINT('Ctrl Pts',(102.604192573189,-4.4671201825394,0.999999999999998));
#6225=CARTESIAN_POINT('Ctrl Pts',(103.193332910015,-4.71823382570444,0.999999999999998));
#6226=CARTESIAN_POINT('Ctrl Pts',(103.406244749419,-4.80898481375226,0.999999999999998));
#6227=CARTESIAN_POINT('Ctrl Pts',(95.9359672857848,2.96239829081527,-1.41969936895817E-15));
#6228=CARTESIAN_POINT('Ctrl Pts',(95.9359672857848,2.96239829081524,0.999999999999999));
#6229=CARTESIAN_POINT('Ctrl Pts',(96.7294440067087,2.44606835448869,-1.51739387908805E-15));
#6230=CARTESIAN_POINT('Ctrl Pts',(96.7294440067087,2.44606835448866,0.999999999999999));
#6231=CARTESIAN_POINT('Ctrl Pts',(99.2664520926734,0.795190403134578,-1.82975561021137E-15));
#6232=CARTESIAN_POINT('Ctrl Pts',(99.2664520926733,0.795190403134549,0.999999999999998));
#6233=CARTESIAN_POINT('Ctrl Pts',(100.898481857816,-1.79531670003265,-2.03224866372193E-15));
#6234=CARTESIAN_POINT('Ctrl Pts',(100.898481857816,-1.79531670003268,0.999999999999998));
#6235=CARTESIAN_POINT('Ctrl Pts',(102.020076660745,-3.57561468596337,-2.1714098244418E-15));
#6236=CARTESIAN_POINT('Ctrl Pts',(102.020076660745,-3.5756146859634,0.999999999999998));
#6237=CARTESIAN_POINT('',(95.9359672857848,2.96239829081527,-1.41969936895817E-15));
#6238=CARTESIAN_POINT('Ctrl Pts',(95.9359672857848,2.96239829081527,-1.41969936895817E-15));
#6239=CARTESIAN_POINT('Ctrl Pts',(96.7294440067087,2.44606835448869,-1.51739387908805E-15));
#6240=CARTESIAN_POINT('Ctrl Pts',(99.2664520926734,0.795190403134578,-1.82975561021137E-15));
#6241=CARTESIAN_POINT('Ctrl Pts',(100.898481857816,-1.79531670003265,-2.03224866372193E-15));
#6242=CARTESIAN_POINT('Ctrl Pts',(102.020076660745,-3.57561468596337,-2.1714098244418E-15));
#6243=CARTESIAN_POINT('',(95.9359672857848,2.96239829081524,0.999999999999999));
#6244=CARTESIAN_POINT('',(95.9359672857848,2.96239829081527,-1.41969936895817E-15));
#6245=CARTESIAN_POINT('Ctrl Pts',(95.9359672857848,2.96239829081524,0.999999999999999));
#6246=CARTESIAN_POINT('Ctrl Pts',(96.7294440067087,2.44606835448866,0.999999999999999));
#6247=CARTESIAN_POINT('Ctrl Pts',(99.2664520926733,0.795190403134549,0.999999999999998));
#6248=CARTESIAN_POINT('Ctrl Pts',(100.898481857816,-1.79531670003268,0.999999999999998));
#6249=CARTESIAN_POINT('Ctrl Pts',(102.020076660745,-3.5756146859634,0.999999999999998));
#6250=CARTESIAN_POINT('Ctrl Pts',(94.7511870934382,2.17220848462765,-1.27541408089754E-15));
#6251=CARTESIAN_POINT('Ctrl Pts',(94.7511870934382,2.17220848462762,0.999999999999999));
#6252=CARTESIAN_POINT('Ctrl Pts',(94.8947917150344,2.40424690073258,-1.29276404001053E-15));
#6253=CARTESIAN_POINT('Ctrl Pts',(94.8947917150344,2.40424690073255,0.999999999999999));
#6254=CARTESIAN_POINT('Ctrl Pts',(95.1709872612143,2.85052764266476,-1.32613331030385E-15));
#6255=CARTESIAN_POINT('Ctrl Pts',(95.1709872612143,2.85052764266473,0.999999999999999));
#6256=CARTESIAN_POINT('Ctrl Pts',(95.6878440821073,2.9261127634485,-1.3893509814407E-15));
#6257=CARTESIAN_POINT('Ctrl Pts',(95.6878440821073,2.92611276344847,0.999999999999999));
#6258=CARTESIAN_POINT('Ctrl Pts',(95.9359672857848,2.96239829081527,-1.41969936895817E-15));
#6259=CARTESIAN_POINT('Ctrl Pts',(95.9359672857848,2.96239829081524,0.999999999999999));
#6260=CARTESIAN_POINT('',(94.7511870934382,2.17220848462765,-1.27541408089754E-15));
#6261=CARTESIAN_POINT('Ctrl Pts',(94.7511870934382,2.17220848462765,-1.27541408089754E-15));
#6262=CARTESIAN_POINT('Ctrl Pts',(94.8947917150344,2.40424690073258,-1.29276404001053E-15));
#6263=CARTESIAN_POINT('Ctrl Pts',(95.1709872612143,2.85052764266476,-1.32613331030385E-15));
#6264=CARTESIAN_POINT('Ctrl Pts',(95.6878440821073,2.9261127634485,-1.3893509814407E-15));
#6265=CARTESIAN_POINT('Ctrl Pts',(95.9359672857848,2.96239829081527,-1.41969936895817E-15));
#6266=CARTESIAN_POINT('',(94.7511870934382,2.17220848462762,0.999999999999999));
#6267=CARTESIAN_POINT('',(94.7511870934382,2.17220848462765,-1.27541408089754E-15));
#6268=CARTESIAN_POINT('Ctrl Pts',(94.7511870934382,2.17220848462762,0.999999999999999));
#6269=CARTESIAN_POINT('Ctrl Pts',(94.8947917150344,2.40424690073255,0.999999999999999));
#6270=CARTESIAN_POINT('Ctrl Pts',(95.1709872612143,2.85052764266473,0.999999999999999));
#6271=CARTESIAN_POINT('Ctrl Pts',(95.6878440821073,2.92611276344847,0.999999999999999));
#6272=CARTESIAN_POINT('Ctrl Pts',(95.9359672857848,2.96239829081524,0.999999999999999));
#6273=CARTESIAN_POINT('Ctrl Pts',(94.3387834667983,-0.195359770795154,-1.22731820626786E-15));
#6274=CARTESIAN_POINT('Ctrl Pts',(94.3387834667982,-0.195359770795183,0.999999999999999));
#6275=CARTESIAN_POINT('Ctrl Pts',(94.3472779303845,0.269085012910128,-1.22788621053818E-15));
#6276=CARTESIAN_POINT('Ctrl Pts',(94.3472779303845,0.2690850129101,0.999999999999999));
#6277=CARTESIAN_POINT('Ctrl Pts',(94.3621386109284,1.08161019367704,-1.22887990836537E-15));
#6278=CARTESIAN_POINT('Ctrl Pts',(94.3621386109284,1.08161019367701,0.999999999999999));
#6279=CARTESIAN_POINT('Ctrl Pts',(94.6345064976741,1.84512416468229,-1.26145788978372E-15));
#6280=CARTESIAN_POINT('Ctrl Pts',(94.634506497674,1.84512416468227,0.999999999999999));
#6281=CARTESIAN_POINT('Ctrl Pts',(94.7511870934382,2.17220848462765,-1.27541408089754E-15));
#6282=CARTESIAN_POINT('Ctrl Pts',(94.7511870934382,2.17220848462762,0.999999999999999));
#6283=CARTESIAN_POINT('',(94.3387834667983,-0.195359770795154,-1.22731820626786E-15));
#6284=CARTESIAN_POINT('Ctrl Pts',(94.3387834667983,-0.195359770795154,-1.22731820626786E-15));
#6285=CARTESIAN_POINT('Ctrl Pts',(94.3472779303845,0.269085012910129,-1.22788621053818E-15));
#6286=CARTESIAN_POINT('Ctrl Pts',(94.3621386109284,1.08161019367704,-1.22887990836537E-15));
#6287=CARTESIAN_POINT('Ctrl Pts',(94.6345064976741,1.84512416468229,-1.26145788978372E-15));
#6288=CARTESIAN_POINT('Ctrl Pts',(94.7511870934382,2.17220848462765,-1.27541408089754E-15));
#6289=CARTESIAN_POINT('',(94.3387834667982,-0.195359770795183,0.999999999999999));
#6290=CARTESIAN_POINT('',(94.3387834667983,-0.195359770795154,-1.22731820626786E-15));
#6291=CARTESIAN_POINT('Ctrl Pts',(94.3387834667982,-0.195359770795183,0.999999999999999));
#6292=CARTESIAN_POINT('Ctrl Pts',(94.3472779303845,0.2690850129101,0.999999999999999));
#6293=CARTESIAN_POINT('Ctrl Pts',(94.3621386109284,1.08161019367701,0.999999999999999));
#6294=CARTESIAN_POINT('Ctrl Pts',(94.634506497674,1.84512416468227,0.999999999999999));
#6295=CARTESIAN_POINT('Ctrl Pts',(94.7511870934382,2.17220848462762,0.999999999999999));
#6296=CARTESIAN_POINT('Ctrl Pts',(95.2091406772423,-10.995685652758,-1.3448839532834E-15));
#6297=CARTESIAN_POINT('Ctrl Pts',(95.2091406772423,-10.995685652758,0.999999999999999));
#6298=CARTESIAN_POINT('Ctrl Pts',(94.9462645359273,-9.0307231432327,-1.31069411340083E-15));
#6299=CARTESIAN_POINT('Ctrl Pts',(94.9462645359272,-9.03072314323273,0.999999999999999));
#6300=CARTESIAN_POINT('Ctrl Pts',(94.466590394693,-5.44522580749528,-1.24830738631877E-15));
#6301=CARTESIAN_POINT('Ctrl Pts',(94.466590394693,-5.44522580749531,0.999999999999999));
#6302=CARTESIAN_POINT('Ctrl Pts',(94.3785672351734,-1.8295392150948,-1.23385172280945E-15));
#6303=CARTESIAN_POINT('Ctrl Pts',(94.3785672351734,-1.82953921509483,0.999999999999999));
#6304=CARTESIAN_POINT('Ctrl Pts',(94.3387834667983,-0.195359770795154,-1.22731820626786E-15));
#6305=CARTESIAN_POINT('Ctrl Pts',(94.3387834667982,-0.195359770795183,0.999999999999999));
#6306=CARTESIAN_POINT('',(95.2091406772423,-10.995685652758,-1.3448839532834E-15));
#6307=CARTESIAN_POINT('Ctrl Pts',(95.2091406772423,-10.995685652758,-1.3448839532834E-15));
#6308=CARTESIAN_POINT('Ctrl Pts',(94.9462645359273,-9.0307231432327,-1.31069411340083E-15));
#6309=CARTESIAN_POINT('Ctrl Pts',(94.466590394693,-5.44522580749528,-1.24830738631877E-15));
#6310=CARTESIAN_POINT('Ctrl Pts',(94.3785672351734,-1.8295392150948,-1.23385172280945E-15));
#6311=CARTESIAN_POINT('Ctrl Pts',(94.3387834667983,-0.195359770795154,-1.22731820626786E-15));
#6312=CARTESIAN_POINT('',(95.2091406772423,-10.995685652758,0.999999999999999));
#6313=CARTESIAN_POINT('',(95.2091406772423,-10.995685652758,-1.3448839532834E-15));
#6314=CARTESIAN_POINT('Ctrl Pts',(95.2091406772423,-10.995685652758,0.999999999999999));
#6315=CARTESIAN_POINT('Ctrl Pts',(94.9462645359272,-9.03072314323273,0.999999999999999));
#6316=CARTESIAN_POINT('Ctrl Pts',(94.466590394693,-5.44522580749531,0.999999999999999));
#6317=CARTESIAN_POINT('Ctrl Pts',(94.3785672351734,-1.82953921509483,0.999999999999999));
#6318=CARTESIAN_POINT('Ctrl Pts',(94.3387834667982,-0.195359770795183,0.999999999999999));
#6319=CARTESIAN_POINT('Ctrl Pts',(96.4672323537089,-17.1445246047456,-1.50520236746812E-15));
#6320=CARTESIAN_POINT('Ctrl Pts',(96.4672323537089,-17.1445246047456,0.999999999999999));
#6321=CARTESIAN_POINT('Ctrl Pts',(96.2117782180934,-16.110266314986,-1.47286773816527E-15));
#6322=CARTESIAN_POINT('Ctrl Pts',(96.2117782180934,-16.110266314986,0.999999999999999));
#6323=CARTESIAN_POINT('Ctrl Pts',(95.709708501363,-14.0775344302019,-1.40931723765938E-15));
#6324=CARTESIAN_POINT('Ctrl Pts',(95.709708501363,-14.0775344302019,0.999999999999999));
#6325=CARTESIAN_POINT('Ctrl Pts',(95.3740268118949,-12.0108410583,-1.36610816045731E-15));
#6326=CARTESIAN_POINT('Ctrl Pts',(95.3740268118949,-12.0108410583001,0.999999999999999));
#6327=CARTESIAN_POINT('Ctrl Pts',(95.2091406772423,-10.995685652758,-1.3448839532834E-15));
#6328=CARTESIAN_POINT('Ctrl Pts',(95.2091406772423,-10.995685652758,0.999999999999999));
#6329=CARTESIAN_POINT('',(96.4672323537089,-17.1445246047456,-1.50520236746812E-15));
#6330=CARTESIAN_POINT('Ctrl Pts',(96.4672323537089,-17.1445246047456,-1.50520236746812E-15));
#6331=CARTESIAN_POINT('Ctrl Pts',(96.2117782180934,-16.110266314986,-1.47286773816527E-15));
#6332=CARTESIAN_POINT('Ctrl Pts',(95.709708501363,-14.0775344302019,-1.40931723765938E-15));
#6333=CARTESIAN_POINT('Ctrl Pts',(95.3740268118949,-12.0108410583,-1.36610816045731E-15));
#6334=CARTESIAN_POINT('Ctrl Pts',(95.2091406772423,-10.995685652758,-1.3448839532834E-15));
#6335=CARTESIAN_POINT('',(96.4672323537089,-17.1445246047456,0.999999999999999));
#6336=CARTESIAN_POINT('',(96.4672323537089,-17.1445246047456,-1.50520236746812E-15));
#6337=CARTESIAN_POINT('Ctrl Pts',(96.4672323537089,-17.1445246047456,0.999999999999999));
#6338=CARTESIAN_POINT('Ctrl Pts',(96.2117782180934,-16.110266314986,0.999999999999999));
#6339=CARTESIAN_POINT('Ctrl Pts',(95.709708501363,-14.0775344302019,0.999999999999999));
#6340=CARTESIAN_POINT('Ctrl Pts',(95.3740268118949,-12.0108410583001,0.999999999999999));
#6341=CARTESIAN_POINT('Ctrl Pts',(95.2091406772423,-10.995685652758,0.999999999999999));
#6342=CARTESIAN_POINT('Ctrl Pts',(111.8984840503,-26.1456815289409,-3.4040726026941E-15));
#6343=CARTESIAN_POINT('Ctrl Pts',(111.8984840503,-26.1456815289409,0.999999999999997));
#6344=CARTESIAN_POINT('Ctrl Pts',(108.991351445195,-24.8952480159119,-3.04679241134457E-15));
#6345=CARTESIAN_POINT('Ctrl Pts',(108.991351445195,-24.8952480159119,0.999999999999997));
#6346=CARTESIAN_POINT('Ctrl Pts',(103.477125938199,-22.5234358872744,-2.36910624703827E-15));
#6347=CARTESIAN_POINT('Ctrl Pts',(103.477125938199,-22.5234358872745,0.999999999999998));
#6348=CARTESIAN_POINT('Ctrl Pts',(98.7175374011176,-18.8712542708591,-1.78253143633929E-15));
#6349=CARTESIAN_POINT('Ctrl Pts',(98.7175374011176,-18.8712542708592,0.999999999999998));
#6350=CARTESIAN_POINT('Ctrl Pts',(96.4672323537089,-17.1445246047456,-1.50520236746812E-15));
#6351=CARTESIAN_POINT('Ctrl Pts',(96.4672323537089,-17.1445246047456,0.999999999999999));
#6352=CARTESIAN_POINT('',(111.8984840503,-26.1456815289409,-3.4040726026941E-15));
#6353=CARTESIAN_POINT('Ctrl Pts',(111.8984840503,-26.1456815289409,-3.4040726026941E-15));
#6354=CARTESIAN_POINT('Ctrl Pts',(108.991351445195,-24.8952480159119,-3.04679241134457E-15));
#6355=CARTESIAN_POINT('Ctrl Pts',(103.477125938199,-22.5234358872744,-2.36910624703827E-15));
#6356=CARTESIAN_POINT('Ctrl Pts',(98.7175374011176,-18.8712542708591,-1.78253143633929E-15));
#6357=CARTESIAN_POINT('Ctrl Pts',(96.4672323537089,-17.1445246047456,-1.50520236746812E-15));
#6358=CARTESIAN_POINT('',(111.8984840503,-26.1456815289409,0.999999999999997));
#6359=CARTESIAN_POINT('',(111.8984840503,-26.1456815289409,-3.4040726026941E-15));
#6360=CARTESIAN_POINT('Ctrl Pts',(111.8984840503,-26.1456815289409,0.999999999999997));
#6361=CARTESIAN_POINT('Ctrl Pts',(108.991351445195,-24.8952480159119,0.999999999999997));
#6362=CARTESIAN_POINT('Ctrl Pts',(103.477125938199,-22.5234358872745,0.999999999999998));
#6363=CARTESIAN_POINT('Ctrl Pts',(98.7175374011176,-18.8712542708592,0.999999999999998));
#6364=CARTESIAN_POINT('Ctrl Pts',(96.4672323537089,-17.1445246047456,0.999999999999999));
#6365=CARTESIAN_POINT('Ctrl Pts',(113.696010706149,-26.8879031526565,-3.62495320766879E-15));
#6366=CARTESIAN_POINT('Ctrl Pts',(113.696010706149,-26.8879031526566,0.999999999999996));
#6367=CARTESIAN_POINT('Ctrl Pts',(113.490485556001,-26.7771273001329,-3.59967187033535E-15));
#6368=CARTESIAN_POINT('Ctrl Pts',(113.490485556001,-26.777127300133,0.999999999999996));
#6369=CARTESIAN_POINT('Ctrl Pts',(112.917869409882,-26.4684933363117,-3.52923522575832E-15));
#6370=CARTESIAN_POINT('Ctrl Pts',(112.917869409882,-26.4684933363117,0.999999999999997));
#6371=CARTESIAN_POINT('Ctrl Pts',(112.296700867185,-26.2717860380706,-3.45296663563377E-15));
#6372=CARTESIAN_POINT('Ctrl Pts',(112.296700867185,-26.2717860380707,0.999999999999997));
#6373=CARTESIAN_POINT('Ctrl Pts',(111.8984840503,-26.1456815289409,-3.4040726026941E-15));
#6374=CARTESIAN_POINT('Ctrl Pts',(111.8984840503,-26.1456815289409,0.999999999999997));
#6375=CARTESIAN_POINT('',(113.696010706149,-26.8879031526565,-3.62495320766879E-15));
#6376=CARTESIAN_POINT('Ctrl Pts',(113.696010706149,-26.8879031526565,-3.62495320766879E-15));
#6377=CARTESIAN_POINT('Ctrl Pts',(113.490485556001,-26.7771273001329,-3.59967187033535E-15));
#6378=CARTESIAN_POINT('Ctrl Pts',(112.917869409882,-26.4684933363117,-3.52923522575832E-15));
#6379=CARTESIAN_POINT('Ctrl Pts',(112.296700867185,-26.2717860380706,-3.45296663563377E-15));
#6380=CARTESIAN_POINT('Ctrl Pts',(111.8984840503,-26.1456815289409,-3.4040726026941E-15));
#6381=CARTESIAN_POINT('',(113.696010706149,-26.8879031526566,0.999999999999996));
#6382=CARTESIAN_POINT('',(113.696010706149,-26.8879031526565,-3.62495320766879E-15));
#6383=CARTESIAN_POINT('Ctrl Pts',(113.696010706149,-26.8879031526566,0.999999999999996));
#6384=CARTESIAN_POINT('Ctrl Pts',(113.490485556001,-26.777127300133,0.999999999999996));
#6385=CARTESIAN_POINT('Ctrl Pts',(112.917869409882,-26.4684933363117,0.999999999999997));
#6386=CARTESIAN_POINT('Ctrl Pts',(112.296700867185,-26.2717860380707,0.999999999999997));
#6387=CARTESIAN_POINT('Ctrl Pts',(111.8984840503,-26.1456815289409,0.999999999999997));
#6388=CARTESIAN_POINT('Ctrl Pts',(114.41238890516,-28.2029882711224,-3.71401834448575E-15));
#6389=CARTESIAN_POINT('Ctrl Pts',(114.41238890516,-28.2029882711224,0.999999999999996));
#6390=CARTESIAN_POINT('Ctrl Pts',(114.381559864051,-27.9427499162231,-3.70997840446491E-15));
#6391=CARTESIAN_POINT('Ctrl Pts',(114.381559864051,-27.9427499162231,0.999999999999996));
#6392=CARTESIAN_POINT('Ctrl Pts',(114.318454967648,-27.4100601589254,-3.70170892908328E-15));
#6393=CARTESIAN_POINT('Ctrl Pts',(114.318454967648,-27.4100601589254,0.999999999999996));
#6394=CARTESIAN_POINT('Ctrl Pts',(113.906639376561,-27.0645956579606,-3.65092654624382E-15));
#6395=CARTESIAN_POINT('Ctrl Pts',(113.906639376561,-27.0645956579606,0.999999999999996));
#6396=CARTESIAN_POINT('Ctrl Pts',(113.696010706149,-26.8879031526565,-3.62495320766879E-15));
#6397=CARTESIAN_POINT('Ctrl Pts',(113.696010706149,-26.8879031526566,0.999999999999996));
#6398=CARTESIAN_POINT('',(114.41238890516,-28.2029882711224,-3.71401834448575E-15));
#6399=CARTESIAN_POINT('Ctrl Pts',(114.41238890516,-28.2029882711224,-3.71401834448575E-15));
#6400=CARTESIAN_POINT('Ctrl Pts',(114.381559864051,-27.9427499162231,-3.70997840446491E-15));
#6401=CARTESIAN_POINT('Ctrl Pts',(114.318454967648,-27.4100601589254,-3.70170892908328E-15));
#6402=CARTESIAN_POINT('Ctrl Pts',(113.906639376561,-27.0645956579606,-3.65092654624382E-15));
#6403=CARTESIAN_POINT('Ctrl Pts',(113.696010706149,-26.8879031526565,-3.62495320766879E-15));
#6404=CARTESIAN_POINT('',(114.41238890516,-28.2029882711224,0.999999999999996));
#6405=CARTESIAN_POINT('',(114.41238890516,-28.2029882711224,-3.71401834448575E-15));
#6406=CARTESIAN_POINT('Ctrl Pts',(114.41238890516,-28.2029882711224,0.999999999999996));
#6407=CARTESIAN_POINT('Ctrl Pts',(114.381559864051,-27.9427499162231,0.999999999999996));
#6408=CARTESIAN_POINT('Ctrl Pts',(114.318454967648,-27.4100601589254,0.999999999999996));
#6409=CARTESIAN_POINT('Ctrl Pts',(113.906639376561,-27.0645956579606,0.999999999999996));
#6410=CARTESIAN_POINT('Ctrl Pts',(113.696010706149,-26.8879031526566,0.999999999999996));
#6411=CARTESIAN_POINT('Ctrl Pts',(113.966862666773,-29.3047812218797,-3.66057926239558E-15));
#6412=CARTESIAN_POINT('Ctrl Pts',(113.966862666773,-29.3047812218797,0.999999999999996));
#6413=CARTESIAN_POINT('Ctrl Pts',(114.095420877295,-29.1482635439147,-3.67616341801711E-15));
#6414=CARTESIAN_POINT('Ctrl Pts',(114.095420877295,-29.1482635439147,0.999999999999996));
#6415=CARTESIAN_POINT('Ctrl Pts',(114.358508769897,-28.8279580116303,-3.70805560634022E-15));
#6416=CARTESIAN_POINT('Ctrl Pts',(114.358508769897,-28.8279580116303,0.999999999999996));
#6417=CARTESIAN_POINT('Ctrl Pts',(114.394159133819,-28.4144401431061,-3.71200091538271E-15));
#6418=CARTESIAN_POINT('Ctrl Pts',(114.394159133819,-28.4144401431062,0.999999999999996));
#6419=CARTESIAN_POINT('Ctrl Pts',(114.41238890516,-28.2029882711224,-3.71401834448575E-15));
#6420=CARTESIAN_POINT('Ctrl Pts',(114.41238890516,-28.2029882711224,0.999999999999996));
#6421=CARTESIAN_POINT('',(113.966862666773,-29.3047812218797,-3.66057926239558E-15));
#6422=CARTESIAN_POINT('Ctrl Pts',(113.966862666773,-29.3047812218797,-3.66057926239558E-15));
#6423=CARTESIAN_POINT('Ctrl Pts',(114.095420877295,-29.1482635439147,-3.67616341801711E-15));
#6424=CARTESIAN_POINT('Ctrl Pts',(114.358508769897,-28.8279580116303,-3.70805560634022E-15));
#6425=CARTESIAN_POINT('Ctrl Pts',(114.394159133819,-28.4144401431061,-3.71200091538271E-15));
#6426=CARTESIAN_POINT('Ctrl Pts',(114.41238890516,-28.2029882711224,-3.71401834448575E-15));
#6427=CARTESIAN_POINT('',(113.966862666773,-29.3047812218797,0.999999999999996));
#6428=CARTESIAN_POINT('',(113.966862666773,-29.3047812218797,-3.66057926239558E-15));
#6429=CARTESIAN_POINT('Ctrl Pts',(113.966862666773,-29.3047812218797,0.999999999999996));
#6430=CARTESIAN_POINT('Ctrl Pts',(114.095420877295,-29.1482635439147,0.999999999999996));
#6431=CARTESIAN_POINT('Ctrl Pts',(114.358508769897,-28.8279580116303,0.999999999999996));
#6432=CARTESIAN_POINT('Ctrl Pts',(114.394159133819,-28.4144401431062,0.999999999999996));
#6433=CARTESIAN_POINT('Ctrl Pts',(114.41238890516,-28.2029882711224,0.999999999999996));
#6434=CARTESIAN_POINT('Ctrl Pts',(113.178786758332,-29.6182496554056,-3.56438984896462E-15));
#6435=CARTESIAN_POINT('Ctrl Pts',(113.178786758332,-29.6182496554057,0.999999999999996));
#6436=CARTESIAN_POINT('Ctrl Pts',(113.316484773645,-29.6034219039715,-3.58123733476789E-15));
#6437=CARTESIAN_POINT('Ctrl Pts',(113.316484773645,-29.6034219039715,0.999999999999996));
#6438=CARTESIAN_POINT('Ctrl Pts',(113.607454976617,-29.5720893256872,-3.61683782147476E-15));
#6439=CARTESIAN_POINT('Ctrl Pts',(113.607454976617,-29.5720893256872,0.999999999999996));
#6440=CARTESIAN_POINT('Ctrl Pts',(113.84286008599,-29.3970076701284,-3.64548762214993E-15));
#6441=CARTESIAN_POINT('Ctrl Pts',(113.84286008599,-29.3970076701284,0.999999999999996));
#6442=CARTESIAN_POINT('Ctrl Pts',(113.966862666773,-29.3047812218797,-3.66057926239558E-15));
#6443=CARTESIAN_POINT('Ctrl Pts',(113.966862666773,-29.3047812218797,0.999999999999996));
#6444=CARTESIAN_POINT('',(113.178786758332,-29.6182496554056,-3.56438984896462E-15));
#6445=CARTESIAN_POINT('Ctrl Pts',(113.178786758332,-29.6182496554056,-3.56438984896462E-15));
#6446=CARTESIAN_POINT('Ctrl Pts',(113.316484773645,-29.6034219039715,-3.58123733476789E-15));
#6447=CARTESIAN_POINT('Ctrl Pts',(113.607454976617,-29.5720893256872,-3.61683782147476E-15));
#6448=CARTESIAN_POINT('Ctrl Pts',(113.84286008599,-29.3970076701284,-3.64548762214993E-15));
#6449=CARTESIAN_POINT('Ctrl Pts',(113.966862666773,-29.3047812218797,-3.66057926239558E-15));
#6450=CARTESIAN_POINT('',(113.178786758332,-29.6182496554057,0.999999999999996));
#6451=CARTESIAN_POINT('',(113.178786758332,-29.6182496554056,-3.56438984896462E-15));
#6452=CARTESIAN_POINT('Ctrl Pts',(113.178786758332,-29.6182496554057,0.999999999999996));
#6453=CARTESIAN_POINT('Ctrl Pts',(113.316484773645,-29.6034219039715,0.999999999999996));
#6454=CARTESIAN_POINT('Ctrl Pts',(113.607454976617,-29.5720893256872,0.999999999999996));
#6455=CARTESIAN_POINT('Ctrl Pts',(113.84286008599,-29.3970076701284,0.999999999999996));
#6456=CARTESIAN_POINT('Ctrl Pts',(113.966862666773,-29.3047812218797,0.999999999999996));
#6457=CARTESIAN_POINT('Ctrl Pts',(110.597029572982,-28.7240572942493,-3.24731749473058E-15));
#6458=CARTESIAN_POINT('Ctrl Pts',(110.597029572982,-28.7240572942493,0.999999999999997));
#6459=CARTESIAN_POINT('Ctrl Pts',(111.116505296636,-28.9765163579423,-3.3111894220567E-15));
#6460=CARTESIAN_POINT('Ctrl Pts',(111.116505296636,-28.9765163579423,0.999999999999997));
#6461=CARTESIAN_POINT('Ctrl Pts',(111.943678435925,-29.3785127299536,-3.41289416057104E-15));
#6462=CARTESIAN_POINT('Ctrl Pts',(111.943678435925,-29.3785127299536,0.999999999999997));
#6463=CARTESIAN_POINT('Ctrl Pts',(112.843911880149,-29.5532497908186,-3.52331482803268E-15));
#6464=CARTESIAN_POINT('Ctrl Pts',(112.843911880149,-29.5532497908186,0.999999999999997));
#6465=CARTESIAN_POINT('Ctrl Pts',(113.178786758332,-29.6182496554056,-3.56438984896462E-15));
#6466=CARTESIAN_POINT('Ctrl Pts',(113.178786758332,-29.6182496554057,0.999999999999996));
#6467=CARTESIAN_POINT('',(110.597029572982,-28.7240572942493,-3.24731749473058E-15));
#6468=CARTESIAN_POINT('Ctrl Pts',(110.597029572982,-28.7240572942493,-3.24731749473058E-15));
#6469=CARTESIAN_POINT('Ctrl Pts',(111.116505296636,-28.9765163579423,-3.3111894220567E-15));
#6470=CARTESIAN_POINT('Ctrl Pts',(111.943678435925,-29.3785127299536,-3.41289416057104E-15));
#6471=CARTESIAN_POINT('Ctrl Pts',(112.843911880149,-29.5532497908186,-3.52331482803268E-15));
#6472=CARTESIAN_POINT('Ctrl Pts',(113.178786758332,-29.6182496554056,-3.56438984896462E-15));
#6473=CARTESIAN_POINT('',(110.597029572982,-28.7240572942493,0.999999999999997));
#6474=CARTESIAN_POINT('',(110.597029572982,-28.7240572942493,-3.24731749473058E-15));
#6475=CARTESIAN_POINT('Ctrl Pts',(110.597029572982,-28.7240572942493,0.999999999999997));
#6476=CARTESIAN_POINT('Ctrl Pts',(111.116505296636,-28.9765163579423,0.999999999999997));
#6477=CARTESIAN_POINT('Ctrl Pts',(111.943678435925,-29.3785127299536,0.999999999999997));
#6478=CARTESIAN_POINT('Ctrl Pts',(112.843911880149,-29.5532497908186,0.999999999999997));
#6479=CARTESIAN_POINT('Ctrl Pts',(113.178786758332,-29.6182496554057,0.999999999999996));
#6480=CARTESIAN_POINT('Ctrl Pts',(105.49822768798,-26.1507247065394,-2.62029939870488E-15));
#6481=CARTESIAN_POINT('Ctrl Pts',(105.49822768798,-26.1507247065394,0.999999999999997));
#6482=CARTESIAN_POINT('Ctrl Pts',(106.252996241918,-26.5583662987127,-2.71314317833247E-15));
#6483=CARTESIAN_POINT('Ctrl Pts',(106.252996241918,-26.5583662987127,0.999999999999997));
#6484=CARTESIAN_POINT('Ctrl Pts',(107.928656319211,-27.4633705391317,-2.91926545798393E-15));
#6485=CARTESIAN_POINT('Ctrl Pts',(107.928656319211,-27.4633705391318,0.999999999999997));
#6486=CARTESIAN_POINT('Ctrl Pts',(109.650665822718,-28.2769428421029,-3.13097074476268E-15));
#6487=CARTESIAN_POINT('Ctrl Pts',(109.650665822718,-28.2769428421029,0.999999999999997));
#6488=CARTESIAN_POINT('Ctrl Pts',(110.597029572982,-28.7240572942493,-3.24731749473058E-15));
#6489=CARTESIAN_POINT('Ctrl Pts',(110.597029572982,-28.7240572942493,0.999999999999997));
#6490=CARTESIAN_POINT('',(105.49822768798,-26.1507247065394,-2.62029939870488E-15));
#6491=CARTESIAN_POINT('Ctrl Pts',(105.49822768798,-26.1507247065394,-2.62029939870488E-15));
#6492=CARTESIAN_POINT('Ctrl Pts',(106.252996241918,-26.5583662987127,-2.71314317833247E-15));
#6493=CARTESIAN_POINT('Ctrl Pts',(107.928656319211,-27.4633705391317,-2.91926545798393E-15));
#6494=CARTESIAN_POINT('Ctrl Pts',(109.650665822718,-28.2769428421029,-3.13097074476268E-15));
#6495=CARTESIAN_POINT('Ctrl Pts',(110.597029572982,-28.7240572942493,-3.24731749473058E-15));
#6496=CARTESIAN_POINT('',(105.49822768798,-26.1507247065394,0.999999999999997));
#6497=CARTESIAN_POINT('',(105.49822768798,-26.1507247065394,-2.62029939870488E-15));
#6498=CARTESIAN_POINT('Ctrl Pts',(105.49822768798,-26.1507247065394,0.999999999999997));
#6499=CARTESIAN_POINT('Ctrl Pts',(106.252996241918,-26.5583662987127,0.999999999999997));
#6500=CARTESIAN_POINT('Ctrl Pts',(107.928656319211,-27.4633705391318,0.999999999999997));
#6501=CARTESIAN_POINT('Ctrl Pts',(109.650665822718,-28.2769428421029,0.999999999999997));
#6502=CARTESIAN_POINT('Ctrl Pts',(110.597029572982,-28.7240572942493,0.999999999999997));
#6503=CARTESIAN_POINT('Ctrl Pts',(99.5053484210022,-22.6390289514786,-1.88283808040634E-15));
#6504=CARTESIAN_POINT('Ctrl Pts',(99.5053484210021,-22.6390289514786,0.999999999999998));
#6505=CARTESIAN_POINT('Ctrl Pts',(100.186817636067,-23.0516062611555,-1.96671060782208E-15));
#6506=CARTESIAN_POINT('Ctrl Pts',(100.186817636067,-23.0516062611556,0.999999999999998));
#6507=CARTESIAN_POINT('Ctrl Pts',(102.167565854653,-24.2507972929815,-2.21049324039657E-15));
#6508=CARTESIAN_POINT('Ctrl Pts',(102.167565854653,-24.2507972929816,0.999999999999998));
#6509=CARTESIAN_POINT('Ctrl Pts',(104.178891385311,-25.3981285756256,-2.45796765541479E-15));
#6510=CARTESIAN_POINT('Ctrl Pts',(104.178891385311,-25.3981285756257,0.999999999999998));
#6511=CARTESIAN_POINT('Ctrl Pts',(105.49822768798,-26.1507247065394,-2.62029939870488E-15));
#6512=CARTESIAN_POINT('Ctrl Pts',(105.49822768798,-26.1507247065394,0.999999999999997));
#6513=CARTESIAN_POINT('',(99.5053484210022,-22.6390289514786,-1.88283808040634E-15));
#6514=CARTESIAN_POINT('Ctrl Pts',(99.5053484210022,-22.6390289514786,-1.88283808040634E-15));
#6515=CARTESIAN_POINT('Ctrl Pts',(100.186817636067,-23.0516062611555,-1.96671060782208E-15));
#6516=CARTESIAN_POINT('Ctrl Pts',(102.167565854653,-24.2507972929815,-2.21049324039657E-15));
#6517=CARTESIAN_POINT('Ctrl Pts',(104.178891385311,-25.3981285756256,-2.45796765541479E-15));
#6518=CARTESIAN_POINT('Ctrl Pts',(105.49822768798,-26.1507247065394,-2.62029939870488E-15));
#6519=CARTESIAN_POINT('',(99.5053484210021,-22.6390289514786,0.999999999999998));
#6520=CARTESIAN_POINT('',(99.5053484210022,-22.6390289514786,-1.88283808040634E-15));
#6521=CARTESIAN_POINT('Ctrl Pts',(99.5053484210021,-22.6390289514786,0.999999999999998));
#6522=CARTESIAN_POINT('Ctrl Pts',(100.186817636067,-23.0516062611556,0.999999999999998));
#6523=CARTESIAN_POINT('Ctrl Pts',(102.167565854653,-24.2507972929816,0.999999999999998));
#6524=CARTESIAN_POINT('Ctrl Pts',(104.178891385311,-25.3981285756257,0.999999999999998));
#6525=CARTESIAN_POINT('Ctrl Pts',(105.49822768798,-26.1507247065394,0.999999999999997));
#6526=CARTESIAN_POINT('Ctrl Pts',(94.4979202126117,-19.5718958544267,-1.26650756721584E-15));
#6527=CARTESIAN_POINT('Ctrl Pts',(94.4979202126117,-19.5718958544268,0.999999999999999));
#6528=CARTESIAN_POINT('Ctrl Pts',(95.1245695198363,-19.9377523851432,-1.34361931945923E-15));
#6529=CARTESIAN_POINT('Ctrl Pts',(95.1245695198363,-19.9377523851432,0.999999999999999));
#6530=CARTESIAN_POINT('Ctrl Pts',(96.8151957501189,-20.9247903347882,-1.55165777015682E-15));
#6531=CARTESIAN_POINT('Ctrl Pts',(96.8151957501189,-20.9247903347883,0.999999999999999));
#6532=CARTESIAN_POINT('Ctrl Pts',(98.4662657648121,-21.9768971570815,-1.75491830835157E-15));
#6533=CARTESIAN_POINT('Ctrl Pts',(98.4662657648121,-21.9768971570815,0.999999999999998));
#6534=CARTESIAN_POINT('Ctrl Pts',(99.5053484210022,-22.6390289514786,-1.88283808040634E-15));
#6535=CARTESIAN_POINT('Ctrl Pts',(99.5053484210021,-22.6390289514786,0.999999999999998));
#6536=CARTESIAN_POINT('Ctrl Pts',(94.4979202126117,-19.5718958544267,-1.26650756721584E-15));
#6537=CARTESIAN_POINT('Ctrl Pts',(95.1245695198363,-19.9377523851432,-1.34361931945923E-15));
#6538=CARTESIAN_POINT('Ctrl Pts',(96.8151957501189,-20.9247903347882,-1.55165777015682E-15));
#6539=CARTESIAN_POINT('Ctrl Pts',(98.4662657648121,-21.9768971570815,-1.75491830835157E-15));
#6540=CARTESIAN_POINT('Ctrl Pts',(99.5053484210022,-22.6390289514786,-1.88283808040634E-15));
#6541=CARTESIAN_POINT('Ctrl Pts',(94.4979202126117,-19.5718958544268,0.999999999999999));
#6542=CARTESIAN_POINT('Ctrl Pts',(95.1245695198363,-19.9377523851432,0.999999999999999));
#6543=CARTESIAN_POINT('Ctrl Pts',(96.8151957501189,-20.9247903347883,0.999999999999999));
#6544=CARTESIAN_POINT('Ctrl Pts',(98.4662657648121,-21.9768971570815,0.999999999999998));
#6545=CARTESIAN_POINT('Ctrl Pts',(99.5053484210021,-22.6390289514786,0.999999999999998));
#6546=CARTESIAN_POINT('Origin',(84.2227577766376,-12.4298780003451,1.00000000000249));
#6547=CARTESIAN_POINT('Ctrl Pts',(58.9641463198545,3.44392056003017,3.10837639130703E-15));
#6548=CARTESIAN_POINT('Ctrl Pts',(58.9641463198545,3.44392056003015,1.));
#6549=CARTESIAN_POINT('Ctrl Pts',(59.1386424946617,3.59797046996232,3.08716414235205E-15));
#6550=CARTESIAN_POINT('Ctrl Pts',(59.1386424946617,3.59797046996229,1.));
#6551=CARTESIAN_POINT('Ctrl Pts',(59.5154337884128,3.9306119443656,3.04136032610251E-15));
#6552=CARTESIAN_POINT('Ctrl Pts',(59.5154337884128,3.93061194436557,1.));
#6553=CARTESIAN_POINT('Ctrl Pts',(59.9442008449773,4.19020690207487,2.98911726287245E-15));
#6554=CARTESIAN_POINT('Ctrl Pts',(59.9442008449773,4.19020690207484,1.));
#6555=CARTESIAN_POINT('Ctrl Pts',(60.1797319760174,4.32208871605821,2.96040810539834E-15));
#6556=CARTESIAN_POINT('Ctrl Pts',(60.1797319760174,4.32208871605818,1.));
#6557=CARTESIAN_POINT('',(58.9641463198545,3.44392056003017,3.10837639130703E-15));
#6558=CARTESIAN_POINT('',(60.1797319760174,4.32208871605821,2.96040810539834E-15));
#6559=CARTESIAN_POINT('Ctrl Pts',(58.9641463198545,3.44392056003017,3.10837639130703E-15));
#6560=CARTESIAN_POINT('Ctrl Pts',(59.1386424946617,3.59797046996232,3.08716414235205E-15));
#6561=CARTESIAN_POINT('Ctrl Pts',(59.5154337884128,3.9306119443656,3.04136032610251E-15));
#6562=CARTESIAN_POINT('Ctrl Pts',(59.9442008449773,4.19020690207487,2.98911726287245E-15));
#6563=CARTESIAN_POINT('Ctrl Pts',(60.1797319760174,4.32208871605821,2.96040810539834E-15));
#6564=CARTESIAN_POINT('',(58.9641463198545,3.44392056003015,1.));
#6565=CARTESIAN_POINT('',(58.9641463198545,3.44392056003017,3.10837639130703E-15));
#6566=CARTESIAN_POINT('',(60.1797319760174,4.32208871605818,1.));
#6567=CARTESIAN_POINT('Ctrl Pts',(58.9641463198545,3.44392056003015,1.));
#6568=CARTESIAN_POINT('Ctrl Pts',(59.1386424946617,3.59797046996229,1.));
#6569=CARTESIAN_POINT('Ctrl Pts',(59.5154337884128,3.93061194436557,1.));
#6570=CARTESIAN_POINT('Ctrl Pts',(59.9442008449773,4.19020690207484,1.));
#6571=CARTESIAN_POINT('Ctrl Pts',(60.1797319760174,4.32208871605818,1.));
#6572=CARTESIAN_POINT('',(60.1797319760174,4.32208871605821,2.96040810539834E-15));
#6573=CARTESIAN_POINT('Ctrl Pts',(57.97857547429,0.368358136720808,3.22594272227967E-15));
#6574=CARTESIAN_POINT('Ctrl Pts',(57.97857547429,0.368358136720779,1.));
#6575=CARTESIAN_POINT('Ctrl Pts',(58.0178915987209,0.940038850458453,3.22170931711748E-15));
#6576=CARTESIAN_POINT('Ctrl Pts',(58.0178915987209,0.940038850458425,1.));
#6577=CARTESIAN_POINT('Ctrl Pts',(58.0940611700544,2.04759142679587,3.21350767819318E-15));
#6578=CARTESIAN_POINT('Ctrl Pts',(58.0940611700544,2.04759142679585,1.));
#6579=CARTESIAN_POINT('Ctrl Pts',(58.6804374137455,2.98861913229159,3.14265657917963E-15));
#6580=CARTESIAN_POINT('Ctrl Pts',(58.6804374137454,2.98861913229157,1.));
#6581=CARTESIAN_POINT('Ctrl Pts',(58.9641463198545,3.44392056003017,3.10837639130703E-15));
#6582=CARTESIAN_POINT('Ctrl Pts',(58.9641463198545,3.44392056003015,1.));
#6583=CARTESIAN_POINT('',(57.97857547429,0.368358136720808,3.22594272227967E-15));
#6584=CARTESIAN_POINT('Ctrl Pts',(57.97857547429,0.368358136720808,3.22594272227967E-15));
#6585=CARTESIAN_POINT('Ctrl Pts',(58.0178915987209,0.940038850458453,3.22170931711748E-15));
#6586=CARTESIAN_POINT('Ctrl Pts',(58.0940611700544,2.04759142679587,3.21350767819318E-15));
#6587=CARTESIAN_POINT('Ctrl Pts',(58.6804374137455,2.98861913229159,3.14265657917963E-15));
#6588=CARTESIAN_POINT('Ctrl Pts',(58.9641463198545,3.44392056003017,3.10837639130703E-15));
#6589=CARTESIAN_POINT('',(57.97857547429,0.368358136720779,1.));
#6590=CARTESIAN_POINT('',(57.97857547429,0.368358136720808,3.22594272227967E-15));
#6591=CARTESIAN_POINT('Ctrl Pts',(57.97857547429,0.368358136720779,1.));
#6592=CARTESIAN_POINT('Ctrl Pts',(58.0178915987209,0.940038850458425,1.));
#6593=CARTESIAN_POINT('Ctrl Pts',(58.0940611700544,2.04759142679585,1.));
#6594=CARTESIAN_POINT('Ctrl Pts',(58.6804374137454,2.98861913229157,1.));
#6595=CARTESIAN_POINT('Ctrl Pts',(58.9641463198545,3.44392056003015,1.));
#6596=CARTESIAN_POINT('Ctrl Pts',(59.3107801573888,-3.86102609231689,3.05850003148095E-15));
#6597=CARTESIAN_POINT('Ctrl Pts',(59.3107801573888,-3.86102609231692,1.));
#6598=CARTESIAN_POINT('Ctrl Pts',(58.9207315829226,-3.10112693210866,3.10703819852211E-15));
#6599=CARTESIAN_POINT('Ctrl Pts',(58.9207315829226,-3.10112693210869,1.));
#6600=CARTESIAN_POINT('Ctrl Pts',(58.2340996443665,-1.76341909868037,3.19248359663705E-15));
#6601=CARTESIAN_POINT('Ctrl Pts',(58.2340996443664,-1.7634190986804,1.));
#6602=CARTESIAN_POINT('Ctrl Pts',(58.0556534222874,-0.274684808465358,3.21584989722305E-15));
#6603=CARTESIAN_POINT('Ctrl Pts',(58.0556534222874,-0.274684808465386,1.));
#6604=CARTESIAN_POINT('Ctrl Pts',(57.97857547429,0.368358136720808,3.22594272227967E-15));
#6605=CARTESIAN_POINT('Ctrl Pts',(57.97857547429,0.368358136720779,1.));
#6606=CARTESIAN_POINT('',(59.3107801573888,-3.86102609231689,3.05850003148095E-15));
#6607=CARTESIAN_POINT('Ctrl Pts',(59.3107801573888,-3.86102609231689,3.05850003148095E-15));
#6608=CARTESIAN_POINT('Ctrl Pts',(58.9207315829226,-3.10112693210866,3.10703819852211E-15));
#6609=CARTESIAN_POINT('Ctrl Pts',(58.2340996443665,-1.76341909868037,3.19248359663705E-15));
#6610=CARTESIAN_POINT('Ctrl Pts',(58.0556534222874,-0.274684808465357,3.21584989722305E-15));
#6611=CARTESIAN_POINT('Ctrl Pts',(57.97857547429,0.368358136720808,3.22594272227967E-15));
#6612=CARTESIAN_POINT('',(59.3107801573888,-3.86102609231692,1.));
#6613=CARTESIAN_POINT('',(59.3107801573888,-3.86102609231689,3.05850003148095E-15));
#6614=CARTESIAN_POINT('Ctrl Pts',(59.3107801573888,-3.86102609231692,1.));
#6615=CARTESIAN_POINT('Ctrl Pts',(58.9207315829226,-3.10112693210869,1.));
#6616=CARTESIAN_POINT('Ctrl Pts',(58.2340996443664,-1.7634190986804,1.));
#6617=CARTESIAN_POINT('Ctrl Pts',(58.0556534222874,-0.274684808465386,1.));
#6618=CARTESIAN_POINT('Ctrl Pts',(57.97857547429,0.368358136720779,1.));
#6619=CARTESIAN_POINT('Ctrl Pts',(61.2788580518333,-8.59025856062825,2.81267978670047E-15));
#6620=CARTESIAN_POINT('Ctrl Pts',(61.2788580518333,-8.59025856062827,1.));
#6621=CARTESIAN_POINT('Ctrl Pts',(61.1331325614375,-8.01514765143683,2.83111015032631E-15));
#6622=CARTESIAN_POINT('Ctrl Pts',(61.1331325614375,-8.01514765143686,1.));
#6623=CARTESIAN_POINT('Ctrl Pts',(60.7109230368972,-6.34888251917919,2.88450832412855E-15));
#6624=CARTESIAN_POINT('Ctrl Pts',(60.7109230368972,-6.34888251917921,1.));
#6625=CARTESIAN_POINT('Ctrl Pts',(59.8648387241143,-4.84551002339251,2.9896487753637E-15));
#6626=CARTESIAN_POINT('Ctrl Pts',(59.8648387241142,-4.84551002339254,1.));
#6627=CARTESIAN_POINT('Ctrl Pts',(59.3107801573888,-3.86102609231689,3.05850003148095E-15));
#6628=CARTESIAN_POINT('Ctrl Pts',(59.3107801573888,-3.86102609231692,1.));
#6629=CARTESIAN_POINT('',(61.2788580518333,-8.59025856062825,2.81267978670047E-15));
#6630=CARTESIAN_POINT('Ctrl Pts',(61.2788580518333,-8.59025856062825,2.81267978670047E-15));
#6631=CARTESIAN_POINT('Ctrl Pts',(61.1331325614375,-8.01514765143683,2.83111015032631E-15));
#6632=CARTESIAN_POINT('Ctrl Pts',(60.7109230368972,-6.34888251917919,2.88450832412855E-15));
#6633=CARTESIAN_POINT('Ctrl Pts',(59.8648387241143,-4.84551002339251,2.9896487753637E-15));
#6634=CARTESIAN_POINT('Ctrl Pts',(59.3107801573888,-3.86102609231689,3.05850003148095E-15));
#6635=CARTESIAN_POINT('',(61.2788580518333,-8.59025856062827,1.));
#6636=CARTESIAN_POINT('',(61.2788580518333,-8.59025856062825,2.81267978670047E-15));
#6637=CARTESIAN_POINT('Ctrl Pts',(61.2788580518333,-8.59025856062827,1.));
#6638=CARTESIAN_POINT('Ctrl Pts',(61.1331325614375,-8.01514765143686,1.));
#6639=CARTESIAN_POINT('Ctrl Pts',(60.7109230368972,-6.34888251917921,1.));
#6640=CARTESIAN_POINT('Ctrl Pts',(59.8648387241142,-4.84551002339254,1.));
#6641=CARTESIAN_POINT('Ctrl Pts',(59.3107801573888,-3.86102609231692,1.));
#6642=CARTESIAN_POINT('Ctrl Pts',(60.8931994001189,-9.4889058691358,2.85899400821955E-15));
#6643=CARTESIAN_POINT('Ctrl Pts',(60.8931994001189,-9.48890586913583,1.));
#6644=CARTESIAN_POINT('Ctrl Pts',(61.0045995360664,-9.35327253067117,2.84548980380048E-15));
#6645=CARTESIAN_POINT('Ctrl Pts',(61.0045995360663,-9.3532725306712,1.));
#6646=CARTESIAN_POINT('Ctrl Pts',(61.2204095512299,-9.09051672178654,2.81932877144927E-15));
#6647=CARTESIAN_POINT('Ctrl Pts',(61.2204095512299,-9.09051672178657,1.));
#6648=CARTESIAN_POINT('Ctrl Pts',(61.2598005198202,-8.7533711438879,2.81484773349802E-15));
#6649=CARTESIAN_POINT('Ctrl Pts',(61.2598005198202,-8.75337114388793,1.));
#6650=CARTESIAN_POINT('Ctrl Pts',(61.2788580518333,-8.59025856062825,2.81267978670047E-15));
#6651=CARTESIAN_POINT('Ctrl Pts',(61.2788580518333,-8.59025856062827,1.));
#6652=CARTESIAN_POINT('',(60.8931994001189,-9.4889058691358,2.85899400821955E-15));
#6653=CARTESIAN_POINT('Ctrl Pts',(60.8931994001189,-9.4889058691358,2.85899400821955E-15));
#6654=CARTESIAN_POINT('Ctrl Pts',(61.0045995360664,-9.35327253067117,2.84548980380048E-15));
#6655=CARTESIAN_POINT('Ctrl Pts',(61.2204095512299,-9.09051672178654,2.81932877144927E-15));
#6656=CARTESIAN_POINT('Ctrl Pts',(61.2598005198202,-8.7533711438879,2.81484773349802E-15));
#6657=CARTESIAN_POINT('Ctrl Pts',(61.2788580518333,-8.59025856062825,2.81267978670047E-15));
#6658=CARTESIAN_POINT('',(60.8931994001189,-9.48890586913583,1.));
#6659=CARTESIAN_POINT('',(60.8931994001189,-9.4889058691358,2.85899400821955E-15));
#6660=CARTESIAN_POINT('Ctrl Pts',(60.8931994001189,-9.48890586913583,1.));
#6661=CARTESIAN_POINT('Ctrl Pts',(61.0045995360663,-9.3532725306712,1.));
#6662=CARTESIAN_POINT('Ctrl Pts',(61.2204095512299,-9.09051672178657,1.));
#6663=CARTESIAN_POINT('Ctrl Pts',(61.2598005198202,-8.75337114388793,1.));
#6664=CARTESIAN_POINT('Ctrl Pts',(61.2788580518333,-8.59025856062827,1.));
#6665=CARTESIAN_POINT('Ctrl Pts',(60.1046309235359,-9.86055111992927,2.9551845895647E-15));
#6666=CARTESIAN_POINT('Ctrl Pts',(60.1046309235358,-9.8605511199293,1.));
#6667=CARTESIAN_POINT('Ctrl Pts',(60.24906226488,-9.84324120906019,2.93751506134046E-15));
#6668=CARTESIAN_POINT('Ctrl Pts',(60.2490622648799,-9.84324120906021,1.));
#6669=CARTESIAN_POINT('Ctrl Pts',(60.5521016305551,-9.80692233006311,2.90044164933014E-15));
#6670=CARTESIAN_POINT('Ctrl Pts',(60.5521016305551,-9.80692233006313,1.));
#6671=CARTESIAN_POINT('Ctrl Pts',(60.776008564634,-9.59816666788473,2.87323415906204E-15));
#6672=CARTESIAN_POINT('Ctrl Pts',(60.776008564634,-9.59816666788476,1.));
#6673=CARTESIAN_POINT('Ctrl Pts',(60.8931994001189,-9.4889058691358,2.85899400821955E-15));
#6674=CARTESIAN_POINT('Ctrl Pts',(60.8931994001189,-9.48890586913583,1.));
#6675=CARTESIAN_POINT('',(60.1046309235359,-9.86055111992927,2.9551845895647E-15));
#6676=CARTESIAN_POINT('Ctrl Pts',(60.1046309235359,-9.86055111992927,2.9551845895647E-15));
#6677=CARTESIAN_POINT('Ctrl Pts',(60.24906226488,-9.84324120906019,2.93751506134046E-15));
#6678=CARTESIAN_POINT('Ctrl Pts',(60.5521016305551,-9.80692233006311,2.90044164933014E-15));
#6679=CARTESIAN_POINT('Ctrl Pts',(60.776008564634,-9.59816666788473,2.87323415906204E-15));
#6680=CARTESIAN_POINT('Ctrl Pts',(60.8931994001189,-9.4889058691358,2.85899400821955E-15));
#6681=CARTESIAN_POINT('',(60.1046309235358,-9.8605511199293,1.));
#6682=CARTESIAN_POINT('',(60.1046309235359,-9.86055111992927,2.9551845895647E-15));
#6683=CARTESIAN_POINT('Ctrl Pts',(60.1046309235358,-9.8605511199293,1.));
#6684=CARTESIAN_POINT('Ctrl Pts',(60.2490622648799,-9.84324120906021,1.));
#6685=CARTESIAN_POINT('Ctrl Pts',(60.5521016305551,-9.80692233006313,1.));
#6686=CARTESIAN_POINT('Ctrl Pts',(60.776008564634,-9.59816666788476,1.));
#6687=CARTESIAN_POINT('Ctrl Pts',(60.8931994001189,-9.48890586913583,1.));
#6688=CARTESIAN_POINT('Ctrl Pts',(58.5131410667605,-8.82912134020079,3.15112789056201E-15));
#6689=CARTESIAN_POINT('Ctrl Pts',(58.5131410667605,-8.82912134020082,1.));
#6690=CARTESIAN_POINT('Ctrl Pts',(58.7558831189747,-9.12608121309346,3.12109964874839E-15));
#6691=CARTESIAN_POINT('Ctrl Pts',(58.7558831189746,-9.12608121309349,1.));
#6692=CARTESIAN_POINT('Ctrl Pts',(59.1805008406416,-9.64553972266791,3.06857259993976E-15));
#6693=CARTESIAN_POINT('Ctrl Pts',(59.1805008406415,-9.64553972266794,1.));
#6694=CARTESIAN_POINT('Ctrl Pts',(59.827502137058,-9.79607334920749,2.98918746675486E-15));
#6695=CARTESIAN_POINT('Ctrl Pts',(59.8275021370579,-9.79607334920751,1.));
#6696=CARTESIAN_POINT('Ctrl Pts',(60.1046309235359,-9.86055111992927,2.9551845895647E-15));
#6697=CARTESIAN_POINT('Ctrl Pts',(60.1046309235358,-9.8605511199293,1.));
#6698=CARTESIAN_POINT('',(58.5131410667605,-8.82912134020079,3.15112789056201E-15));
#6699=CARTESIAN_POINT('Ctrl Pts',(58.5131410667605,-8.82912134020079,3.15112789056201E-15));
#6700=CARTESIAN_POINT('Ctrl Pts',(58.7558831189747,-9.12608121309346,3.12109964874839E-15));
#6701=CARTESIAN_POINT('Ctrl Pts',(59.1805008406416,-9.64553972266791,3.06857259993976E-15));
#6702=CARTESIAN_POINT('Ctrl Pts',(59.827502137058,-9.79607334920749,2.98918746675486E-15));
#6703=CARTESIAN_POINT('Ctrl Pts',(60.1046309235359,-9.86055111992927,2.9551845895647E-15));
#6704=CARTESIAN_POINT('',(58.5131410667605,-8.82912134020082,1.));
#6705=CARTESIAN_POINT('',(58.5131410667605,-8.82912134020079,3.15112789056201E-15));
#6706=CARTESIAN_POINT('Ctrl Pts',(58.5131410667605,-8.82912134020082,1.));
#6707=CARTESIAN_POINT('Ctrl Pts',(58.7558831189746,-9.12608121309349,1.));
#6708=CARTESIAN_POINT('Ctrl Pts',(59.1805008406415,-9.64553972266794,1.));
#6709=CARTESIAN_POINT('Ctrl Pts',(59.8275021370579,-9.79607334920751,1.));
#6710=CARTESIAN_POINT('Ctrl Pts',(60.1046309235358,-9.8605511199293,1.));
#6711=CARTESIAN_POINT('Ctrl Pts',(57.16741084206,-6.22876888708583,3.31857058136072E-15));
#6712=CARTESIAN_POINT('Ctrl Pts',(57.1674108420599,-6.22876888708586,1.));
#6713=CARTESIAN_POINT('Ctrl Pts',(57.3480835479317,-6.69729842729828,3.29596893399393E-15));
#6714=CARTESIAN_POINT('Ctrl Pts',(57.3480835479317,-6.69729842729831,1.));
#6715=CARTESIAN_POINT('Ctrl Pts',(57.7014153116672,-7.61357611299867,3.25176812408795E-15));
#6716=CARTESIAN_POINT('Ctrl Pts',(57.7014153116672,-7.6135761129987,1.));
#6717=CARTESIAN_POINT('Ctrl Pts',(58.2466881205057,-8.43011267864025,3.18416353907568E-15));
#6718=CARTESIAN_POINT('Ctrl Pts',(58.2466881205057,-8.43011267864027,1.));
#6719=CARTESIAN_POINT('Ctrl Pts',(58.5131410667605,-8.82912134020079,3.15112789056201E-15));
#6720=CARTESIAN_POINT('Ctrl Pts',(58.5131410667605,-8.82912134020082,1.));
#6721=CARTESIAN_POINT('',(57.16741084206,-6.22876888708583,3.31857058136072E-15));
#6722=CARTESIAN_POINT('Ctrl Pts',(57.16741084206,-6.22876888708583,3.31857058136072E-15));
#6723=CARTESIAN_POINT('Ctrl Pts',(57.3480835479317,-6.69729842729828,3.29596893399393E-15));
#6724=CARTESIAN_POINT('Ctrl Pts',(57.7014153116672,-7.61357611299867,3.25176812408795E-15));
#6725=CARTESIAN_POINT('Ctrl Pts',(58.2466881205057,-8.43011267864025,3.18416353907568E-15));
#6726=CARTESIAN_POINT('Ctrl Pts',(58.5131410667605,-8.82912134020079,3.15112789056201E-15));
#6727=CARTESIAN_POINT('',(57.1674108420599,-6.22876888708586,1.));
#6728=CARTESIAN_POINT('',(57.16741084206,-6.22876888708583,3.31857058136072E-15));
#6729=CARTESIAN_POINT('Ctrl Pts',(57.1674108420599,-6.22876888708586,1.));
#6730=CARTESIAN_POINT('Ctrl Pts',(57.3480835479317,-6.69729842729831,1.));
#6731=CARTESIAN_POINT('Ctrl Pts',(57.7014153116672,-7.6135761129987,1.));
#6732=CARTESIAN_POINT('Ctrl Pts',(58.2466881205057,-8.43011267864027,1.));
#6733=CARTESIAN_POINT('Ctrl Pts',(58.5131410667605,-8.82912134020082,1.));
#6734=CARTESIAN_POINT('Ctrl Pts',(54.8517064188818,-1.32210026798941,3.60714174143908E-15));
#6735=CARTESIAN_POINT('Ctrl Pts',(54.8517064188817,-1.32210026798943,1.));
#6736=CARTESIAN_POINT('Ctrl Pts',(55.2889985838655,-2.09211901315611,3.55280781336992E-15));
#6737=CARTESIAN_POINT('Ctrl Pts',(55.2889985838655,-2.09211901315614,1.));
#6738=CARTESIAN_POINT('Ctrl Pts',(56.184578673563,-3.66912750332827,3.44153121600484E-15));
#6739=CARTESIAN_POINT('Ctrl Pts',(56.184578673563,-3.6691275033283,1.));
#6740=CARTESIAN_POINT('Ctrl Pts',(56.8347195382934,-5.36232346900438,3.36019308331269E-15));
#6741=CARTESIAN_POINT('Ctrl Pts',(56.8347195382933,-5.36232346900441,1.));
#6742=CARTESIAN_POINT('Ctrl Pts',(57.16741084206,-6.22876888708583,3.31857058136072E-15));
#6743=CARTESIAN_POINT('Ctrl Pts',(57.1674108420599,-6.22876888708586,1.));
#6744=CARTESIAN_POINT('',(54.8517064188818,-1.32210026798941,3.60714174143908E-15));
#6745=CARTESIAN_POINT('Ctrl Pts',(54.8517064188818,-1.32210026798941,3.60714174143908E-15));
#6746=CARTESIAN_POINT('Ctrl Pts',(55.2889985838655,-2.09211901315611,3.55280781336992E-15));
#6747=CARTESIAN_POINT('Ctrl Pts',(56.184578673563,-3.66912750332827,3.44153121600484E-15));
#6748=CARTESIAN_POINT('Ctrl Pts',(56.8347195382934,-5.36232346900438,3.36019308331269E-15));
#6749=CARTESIAN_POINT('Ctrl Pts',(57.16741084206,-6.22876888708583,3.31857058136072E-15));
#6750=CARTESIAN_POINT('',(54.8517064188817,-1.32210026798943,1.));
#6751=CARTESIAN_POINT('',(54.8517064188818,-1.32210026798941,3.60714174143908E-15));
#6752=CARTESIAN_POINT('Ctrl Pts',(54.8517064188817,-1.32210026798943,1.));
#6753=CARTESIAN_POINT('Ctrl Pts',(55.2889985838655,-2.09211901315614,1.));
#6754=CARTESIAN_POINT('Ctrl Pts',(56.184578673563,-3.6691275033283,1.));
#6755=CARTESIAN_POINT('Ctrl Pts',(56.8347195382933,-5.36232346900441,1.));
#6756=CARTESIAN_POINT('Ctrl Pts',(57.1674108420599,-6.22876888708586,1.));
#6757=CARTESIAN_POINT('Ctrl Pts',(50.7562024518102,2.95932471674266,4.11303224412079E-15));
#6758=CARTESIAN_POINT('Ctrl Pts',(50.7562024518102,2.95932471674264,1.));
#6759=CARTESIAN_POINT('Ctrl Pts',(51.3761764690496,2.63456155738396,4.03677973329336E-15));
#6760=CARTESIAN_POINT('Ctrl Pts',(51.3761764690495,2.63456155738393,1.));
#6761=CARTESIAN_POINT('Ctrl Pts',(53.1840382872455,1.6875429736445,3.81442524901948E-15));
#6762=CARTESIAN_POINT('Ctrl Pts',(53.1840382872455,1.68754297364447,1.));
#6763=CARTESIAN_POINT('Ctrl Pts',(54.1904353243451,-0.128703306804221,3.68933470857493E-15));
#6764=CARTESIAN_POINT('Ctrl Pts',(54.1904353243451,-0.128703306804249,1.));
#6765=CARTESIAN_POINT('Ctrl Pts',(54.8517064188818,-1.32210026798941,3.60714174143908E-15));
#6766=CARTESIAN_POINT('Ctrl Pts',(54.8517064188817,-1.32210026798943,1.));
#6767=CARTESIAN_POINT('',(50.7562024518102,2.95932471674266,4.11303224412079E-15));
#6768=CARTESIAN_POINT('Ctrl Pts',(50.7562024518102,2.95932471674266,4.11303224412079E-15));
#6769=CARTESIAN_POINT('Ctrl Pts',(51.3761764690496,2.63456155738396,4.03677973329336E-15));
#6770=CARTESIAN_POINT('Ctrl Pts',(53.1840382872455,1.6875429736445,3.81442524901948E-15));
#6771=CARTESIAN_POINT('Ctrl Pts',(54.1904353243451,-0.128703306804221,3.68933470857493E-15));
#6772=CARTESIAN_POINT('Ctrl Pts',(54.8517064188818,-1.32210026798941,3.60714174143908E-15));
#6773=CARTESIAN_POINT('',(50.7562024518102,2.95932471674264,1.));
#6774=CARTESIAN_POINT('',(50.7562024518102,2.95932471674266,4.11303224412079E-15));
#6775=CARTESIAN_POINT('Ctrl Pts',(50.7562024518102,2.95932471674264,1.));
#6776=CARTESIAN_POINT('Ctrl Pts',(51.3761764690495,2.63456155738393,1.));
#6777=CARTESIAN_POINT('Ctrl Pts',(53.1840382872455,1.68754297364447,1.));
#6778=CARTESIAN_POINT('Ctrl Pts',(54.1904353243451,-0.128703306804249,1.));
#6779=CARTESIAN_POINT('Ctrl Pts',(54.8517064188817,-1.32210026798943,1.));
#6780=CARTESIAN_POINT('Ctrl Pts',(50.2162272448433,2.74561412951526,4.17894056215675E-15));
#6781=CARTESIAN_POINT('Ctrl Pts',(50.2162272448433,2.74561412951523,1.));
#6782=CARTESIAN_POINT('Ctrl Pts',(50.2893212989634,2.80859684826019,4.17005346942401E-15));
#6783=CARTESIAN_POINT('Ctrl Pts',(50.2893212989634,2.80859684826016,1.));
#6784=CARTESIAN_POINT('Ctrl Pts',(50.4439038570853,2.94179550440623,4.15125865026352E-15));
#6785=CARTESIAN_POINT('Ctrl Pts',(50.4439038570853,2.94179550440621,1.));
#6786=CARTESIAN_POINT('Ctrl Pts',(50.6484012454401,2.95327387223519,4.12622747703885E-15));
#6787=CARTESIAN_POINT('Ctrl Pts',(50.6484012454401,2.95327387223517,1.));
#6788=CARTESIAN_POINT('Ctrl Pts',(50.7562024518102,2.95932471674266,4.11303224412079E-15));
#6789=CARTESIAN_POINT('Ctrl Pts',(50.7562024518102,2.95932471674264,1.));
#6790=CARTESIAN_POINT('',(50.2162272448433,2.74561412951526,4.17894056215675E-15));
#6791=CARTESIAN_POINT('Ctrl Pts',(50.2162272448433,2.74561412951526,4.17894056215675E-15));
#6792=CARTESIAN_POINT('Ctrl Pts',(50.2893212989634,2.80859684826019,4.17005346942401E-15));
#6793=CARTESIAN_POINT('Ctrl Pts',(50.4439038570853,2.94179550440623,4.15125865026352E-15));
#6794=CARTESIAN_POINT('Ctrl Pts',(50.6484012454401,2.95327387223519,4.12622747703885E-15));
#6795=CARTESIAN_POINT('Ctrl Pts',(50.7562024518102,2.95932471674266,4.11303224412079E-15));
#6796=CARTESIAN_POINT('',(50.2162272448433,2.74561412951523,1.));
#6797=CARTESIAN_POINT('',(50.2162272448433,2.74561412951526,4.17894056215675E-15));
#6798=CARTESIAN_POINT('Ctrl Pts',(50.2162272448433,2.74561412951523,1.));
#6799=CARTESIAN_POINT('Ctrl Pts',(50.2893212989634,2.80859684826016,1.));
#6800=CARTESIAN_POINT('Ctrl Pts',(50.4439038570853,2.94179550440621,1.));
#6801=CARTESIAN_POINT('Ctrl Pts',(50.6484012454401,2.95327387223517,1.));
#6802=CARTESIAN_POINT('Ctrl Pts',(50.7562024518102,2.95932471674264,1.));
#6803=CARTESIAN_POINT('Ctrl Pts',(50.0219511485225,2.12175261381622,4.20209738093774E-15));
#6804=CARTESIAN_POINT('Ctrl Pts',(50.0219511485224,2.1217526138162,1.));
#6805=CARTESIAN_POINT('Ctrl Pts',(50.0274506705879,2.2453326256042,4.20154955888887E-15));
#6806=CARTESIAN_POINT('Ctrl Pts',(50.0274506705878,2.24533262560417,1.));
#6807=CARTESIAN_POINT('Ctrl Pts',(50.0375087421871,2.47134801239766,4.20054764757263E-15));
#6808=CARTESIAN_POINT('Ctrl Pts',(50.037508742187,2.47134801239763,1.));
#6809=CARTESIAN_POINT('Ctrl Pts',(50.1604895240972,2.66007755653134,4.1856792583474E-15));
#6810=CARTESIAN_POINT('Ctrl Pts',(50.1604895240971,2.66007755653131,1.));
#6811=CARTESIAN_POINT('Ctrl Pts',(50.2162272448433,2.74561412951526,4.17894056215675E-15));
#6812=CARTESIAN_POINT('Ctrl Pts',(50.2162272448433,2.74561412951523,1.));
#6813=CARTESIAN_POINT('',(50.0219511485225,2.12175261381622,4.20209738093774E-15));
#6814=CARTESIAN_POINT('Ctrl Pts',(50.0219511485225,2.12175261381622,4.20209738093774E-15));
#6815=CARTESIAN_POINT('Ctrl Pts',(50.0274506705879,2.2453326256042,4.20154955888887E-15));
#6816=CARTESIAN_POINT('Ctrl Pts',(50.0375087421871,2.47134801239766,4.20054764757263E-15));
#6817=CARTESIAN_POINT('Ctrl Pts',(50.1604895240972,2.66007755653134,4.1856792583474E-15));
#6818=CARTESIAN_POINT('Ctrl Pts',(50.2162272448433,2.74561412951526,4.17894056215675E-15));
#6819=CARTESIAN_POINT('',(50.0219511485224,2.1217526138162,1.));
#6820=CARTESIAN_POINT('',(50.0219511485225,2.12175261381622,4.20209738093774E-15));
#6821=CARTESIAN_POINT('Ctrl Pts',(50.0219511485224,2.1217526138162,1.));
#6822=CARTESIAN_POINT('Ctrl Pts',(50.0274506705878,2.24533262560417,1.));
#6823=CARTESIAN_POINT('Ctrl Pts',(50.037508742187,2.47134801239763,1.));
#6824=CARTESIAN_POINT('Ctrl Pts',(50.1604895240971,2.66007755653131,1.));
#6825=CARTESIAN_POINT('Ctrl Pts',(50.2162272448433,2.74561412951523,1.));
#6826=CARTESIAN_POINT('Ctrl Pts',(51.4397352344777,-2.31198726048351,4.02396681532528E-15));
#6827=CARTESIAN_POINT('Ctrl Pts',(51.4397352344777,-2.31198726048354,1.));
#6828=CARTESIAN_POINT('Ctrl Pts',(51.0266269993305,-1.48708701399782,4.07539496988825E-15));
#6829=CARTESIAN_POINT('Ctrl Pts',(51.0266269993305,-1.48708701399785,1.));
#6830=CARTESIAN_POINT('Ctrl Pts',(50.3213327796258,-0.0787457460682095,
4.16319757718902E-15));
#6831=CARTESIAN_POINT('Ctrl Pts',(50.3213327796257,-0.0787457460682378,
1.));
#6832=CARTESIAN_POINT('Ctrl Pts',(50.1096472414059,1.47717362663162,4.19070269118967E-15));
#6833=CARTESIAN_POINT('Ctrl Pts',(50.1096472414059,1.47717362663159,1.));
#6834=CARTESIAN_POINT('Ctrl Pts',(50.0219511485225,2.12175261381622,4.20209738093774E-15));
#6835=CARTESIAN_POINT('Ctrl Pts',(50.0219511485224,2.1217526138162,1.));
#6836=CARTESIAN_POINT('',(51.4397352344777,-2.31198726048351,4.02396681532528E-15));
#6837=CARTESIAN_POINT('Ctrl Pts',(51.4397352344777,-2.31198726048351,4.02396681532528E-15));
#6838=CARTESIAN_POINT('Ctrl Pts',(51.0266269993305,-1.48708701399782,4.07539496988825E-15));
#6839=CARTESIAN_POINT('Ctrl Pts',(50.3213327796258,-0.0787457460682095,
4.16319757718902E-15));
#6840=CARTESIAN_POINT('Ctrl Pts',(50.1096472414059,1.47717362663162,4.19070269118967E-15));
#6841=CARTESIAN_POINT('Ctrl Pts',(50.0219511485225,2.12175261381622,4.20209738093774E-15));
#6842=CARTESIAN_POINT('',(51.4397352344777,-2.31198726048354,1.));
#6843=CARTESIAN_POINT('',(51.4397352344777,-2.31198726048351,4.02396681532528E-15));
#6844=CARTESIAN_POINT('Ctrl Pts',(51.4397352344777,-2.31198726048354,1.));
#6845=CARTESIAN_POINT('Ctrl Pts',(51.0266269993305,-1.48708701399785,1.));
#6846=CARTESIAN_POINT('Ctrl Pts',(50.3213327796257,-0.0787457460682378,
1.));
#6847=CARTESIAN_POINT('Ctrl Pts',(50.1096472414059,1.47717362663159,1.));
#6848=CARTESIAN_POINT('Ctrl Pts',(50.0219511485224,2.1217526138162,1.));
#6849=CARTESIAN_POINT('Ctrl Pts',(55.0611027982544,-7.63678435996934,3.5750784089764E-15));
#6850=CARTESIAN_POINT('Ctrl Pts',(55.0611027982544,-7.63678435996937,1.));
#6851=CARTESIAN_POINT('Ctrl Pts',(54.3327828706285,-6.7286672517756,3.66519214414722E-15));
#6852=CARTESIAN_POINT('Ctrl Pts',(54.3327828706285,-6.72866725177563,1.));
#6853=CARTESIAN_POINT('Ctrl Pts',(52.9851754305254,-5.04838180980502,3.83192922680202E-15));
#6854=CARTESIAN_POINT('Ctrl Pts',(52.9851754305254,-5.04838180980505,1.));
#6855=CARTESIAN_POINT('Ctrl Pts',(51.9263254376999,-3.17355588232703,3.96350274206978E-15));
#6856=CARTESIAN_POINT('Ctrl Pts',(51.9263254376999,-3.17355588232706,1.));
#6857=CARTESIAN_POINT('Ctrl Pts',(51.4397352344777,-2.31198726048351,4.02396681532528E-15));
#6858=CARTESIAN_POINT('Ctrl Pts',(51.4397352344777,-2.31198726048354,1.));
#6859=CARTESIAN_POINT('',(55.0611027982544,-7.63678435996934,3.5750784089764E-15));
#6860=CARTESIAN_POINT('Ctrl Pts',(55.0611027982544,-7.63678435996934,3.5750784089764E-15));
#6861=CARTESIAN_POINT('Ctrl Pts',(54.3327828706285,-6.7286672517756,3.66519214414722E-15));
#6862=CARTESIAN_POINT('Ctrl Pts',(52.9851754305254,-5.04838180980502,3.83192922680202E-15));
#6863=CARTESIAN_POINT('Ctrl Pts',(51.9263254376999,-3.17355588232703,3.96350274206978E-15));
#6864=CARTESIAN_POINT('Ctrl Pts',(51.4397352344777,-2.31198726048351,4.02396681532528E-15));
#6865=CARTESIAN_POINT('',(55.0611027982544,-7.63678435996937,1.));
#6866=CARTESIAN_POINT('',(55.0611027982544,-7.63678435996934,3.5750784089764E-15));
#6867=CARTESIAN_POINT('Ctrl Pts',(55.0611027982544,-7.63678435996937,1.));
#6868=CARTESIAN_POINT('Ctrl Pts',(54.3327828706285,-6.72866725177563,1.));
#6869=CARTESIAN_POINT('Ctrl Pts',(52.9851754305254,-5.04838180980505,1.));
#6870=CARTESIAN_POINT('Ctrl Pts',(51.9263254376999,-3.17355588232706,1.));
#6871=CARTESIAN_POINT('Ctrl Pts',(51.4397352344777,-2.31198726048354,1.));
#6872=CARTESIAN_POINT('Ctrl Pts',(56.1224554811402,-9.44929528799113,3.44326177290446E-15));
#6873=CARTESIAN_POINT('Ctrl Pts',(56.1224554811402,-9.44929528799116,1.));
#6874=CARTESIAN_POINT('Ctrl Pts',(56.0467819006744,-9.1997198985886,3.45278255405755E-15));
#6875=CARTESIAN_POINT('Ctrl Pts',(56.0467819006743,-9.19971989858863,1.));
#6876=CARTESIAN_POINT('Ctrl Pts',(55.8398113725474,-8.51712037264892,3.47882230387914E-15));
#6877=CARTESIAN_POINT('Ctrl Pts',(55.8398113725474,-8.51712037264894,1.));
#6878=CARTESIAN_POINT('Ctrl Pts',(55.3633549100899,-7.97848268941029,3.53771704940858E-15));
#6879=CARTESIAN_POINT('Ctrl Pts',(55.3633549100899,-7.97848268941032,1.));
#6880=CARTESIAN_POINT('Ctrl Pts',(55.0611027982544,-7.63678435996934,3.5750784089764E-15));
#6881=CARTESIAN_POINT('Ctrl Pts',(55.0611027982544,-7.63678435996937,1.));
#6882=CARTESIAN_POINT('',(56.1224554811402,-9.44929528799113,3.44326177290446E-15));
#6883=CARTESIAN_POINT('Ctrl Pts',(56.1224554811402,-9.44929528799113,3.44326177290446E-15));
#6884=CARTESIAN_POINT('Ctrl Pts',(56.0467819006744,-9.1997198985886,3.45278255405755E-15));
#6885=CARTESIAN_POINT('Ctrl Pts',(55.8398113725474,-8.51712037264892,3.47882230387914E-15));
#6886=CARTESIAN_POINT('Ctrl Pts',(55.3633549100899,-7.97848268941029,3.53771704940858E-15));
#6887=CARTESIAN_POINT('Ctrl Pts',(55.0611027982544,-7.63678435996934,3.5750784089764E-15));
#6888=CARTESIAN_POINT('',(56.1224554811402,-9.44929528799115,1.));
#6889=CARTESIAN_POINT('',(56.1224554811402,-9.44929528799113,3.44326177290446E-15));
#6890=CARTESIAN_POINT('Ctrl Pts',(56.1224554811402,-9.44929528799116,1.));
#6891=CARTESIAN_POINT('Ctrl Pts',(56.0467819006743,-9.19971989858863,1.));
#6892=CARTESIAN_POINT('Ctrl Pts',(55.8398113725474,-8.51712037264894,1.));
#6893=CARTESIAN_POINT('Ctrl Pts',(55.3633549100899,-7.97848268941032,1.));
#6894=CARTESIAN_POINT('Ctrl Pts',(55.0611027982544,-7.63678435996937,1.));
#6895=CARTESIAN_POINT('Ctrl Pts',(55.8262430879495,-10.0868568648433,3.47888782763125E-15));
#6896=CARTESIAN_POINT('Ctrl Pts',(55.8262430879495,-10.0868568648433,1.));
#6897=CARTESIAN_POINT('Ctrl Pts',(55.9117504057993,-9.98610047337131,3.46851900790875E-15));
#6898=CARTESIAN_POINT('Ctrl Pts',(55.9117504057993,-9.98610047337133,1.));
#6899=CARTESIAN_POINT('Ctrl Pts',(56.0697082614445,-9.79997297060692,3.4493646645131E-15));
#6900=CARTESIAN_POINT('Ctrl Pts',(56.0697082614444,-9.79997297060695,1.));
#6901=CARTESIAN_POINT('Ctrl Pts',(56.1058694341777,-9.55956378263653,3.44518079057804E-15));
#6902=CARTESIAN_POINT('Ctrl Pts',(56.1058694341776,-9.55956378263656,1.));
#6903=CARTESIAN_POINT('Ctrl Pts',(56.1224554811402,-9.44929528799113,3.44326177290446E-15));
#6904=CARTESIAN_POINT('Ctrl Pts',(56.1224554811402,-9.44929528799116,1.));
#6905=CARTESIAN_POINT('',(55.8262430879495,-10.0868568648433,3.47888782763125E-15));
#6906=CARTESIAN_POINT('Ctrl Pts',(55.8262430879495,-10.0868568648433,3.47888782763125E-15));
#6907=CARTESIAN_POINT('Ctrl Pts',(55.9117504057993,-9.98610047337131,3.46851900790875E-15));
#6908=CARTESIAN_POINT('Ctrl Pts',(56.0697082614445,-9.79997297060692,3.4493646645131E-15));
#6909=CARTESIAN_POINT('Ctrl Pts',(56.1058694341777,-9.55956378263653,3.44518079057804E-15));
#6910=CARTESIAN_POINT('Ctrl Pts',(56.1224554811402,-9.44929528799113,3.44326177290446E-15));
#6911=CARTESIAN_POINT('',(55.8262430879495,-10.0868568648433,1.));
#6912=CARTESIAN_POINT('',(55.8262430879495,-10.0868568648433,3.47888782763125E-15));
#6913=CARTESIAN_POINT('Ctrl Pts',(55.8262430879495,-10.0868568648433,1.));
#6914=CARTESIAN_POINT('Ctrl Pts',(55.9117504057993,-9.98610047337133,1.));
#6915=CARTESIAN_POINT('Ctrl Pts',(56.0697082614444,-9.79997297060695,1.));
#6916=CARTESIAN_POINT('Ctrl Pts',(56.1058694341776,-9.55956378263656,1.));
#6917=CARTESIAN_POINT('Ctrl Pts',(56.1224554811402,-9.44929528799116,1.));
#6918=CARTESIAN_POINT('Ctrl Pts',(55.0670069595572,-10.4296552030721,3.5715156867123E-15));
#6919=CARTESIAN_POINT('Ctrl Pts',(55.0670069595572,-10.4296552030721,1.));
#6920=CARTESIAN_POINT('Ctrl Pts',(55.2032793340391,-10.4133494664778,3.5548442883046E-15));
#6921=CARTESIAN_POINT('Ctrl Pts',(55.2032793340391,-10.4133494664778,1.));
#6922=CARTESIAN_POINT('Ctrl Pts',(55.4913302809838,-10.3788825917023,3.51960448187658E-15));
#6923=CARTESIAN_POINT('Ctrl Pts',(55.4913302809837,-10.3788825917023,1.));
#6924=CARTESIAN_POINT('Ctrl Pts',(55.7106696998576,-10.1876305646276,3.49293853451682E-15));
#6925=CARTESIAN_POINT('Ctrl Pts',(55.7106696998576,-10.1876305646277,1.));
#6926=CARTESIAN_POINT('Ctrl Pts',(55.8262430879495,-10.0868568648433,3.47888782763125E-15));
#6927=CARTESIAN_POINT('Ctrl Pts',(55.8262430879495,-10.0868568648433,1.));
#6928=CARTESIAN_POINT('',(55.0670069595572,-10.4296552030721,3.5715156867123E-15));
#6929=CARTESIAN_POINT('Ctrl Pts',(55.0670069595572,-10.4296552030721,3.5715156867123E-15));
#6930=CARTESIAN_POINT('Ctrl Pts',(55.2032793340391,-10.4133494664778,3.5548442883046E-15));
#6931=CARTESIAN_POINT('Ctrl Pts',(55.4913302809838,-10.3788825917023,3.51960448187658E-15));
#6932=CARTESIAN_POINT('Ctrl Pts',(55.7106696998576,-10.1876305646276,3.49293853451682E-15));
#6933=CARTESIAN_POINT('Ctrl Pts',(55.8262430879495,-10.0868568648433,3.47888782763125E-15));
#6934=CARTESIAN_POINT('',(55.0670069595572,-10.4296552030721,1.));
#6935=CARTESIAN_POINT('',(55.0670069595572,-10.4296552030721,3.5715156867123E-15));
#6936=CARTESIAN_POINT('Ctrl Pts',(55.0670069595572,-10.4296552030721,1.));
#6937=CARTESIAN_POINT('Ctrl Pts',(55.2032793340391,-10.4133494664778,1.));
#6938=CARTESIAN_POINT('Ctrl Pts',(55.4913302809837,-10.3788825917023,1.));
#6939=CARTESIAN_POINT('Ctrl Pts',(55.7106696998576,-10.1876305646277,1.));
#6940=CARTESIAN_POINT('Ctrl Pts',(55.8262430879495,-10.0868568648433,1.));
#6941=CARTESIAN_POINT('Ctrl Pts',(53.2132260769371,-9.45423334624907,3.79952232017229E-15));
#6942=CARTESIAN_POINT('Ctrl Pts',(53.2132260769371,-9.4542333462491,1.));
#6943=CARTESIAN_POINT('Ctrl Pts',(53.53770305763,-9.73351342522078,3.75950275771483E-15));
#6944=CARTESIAN_POINT('Ctrl Pts',(53.5377030576299,-9.73351342522081,1.));
#6945=CARTESIAN_POINT('Ctrl Pts',(54.0846417988997,-10.2042682212261,3.69204574098005E-15));
#6946=CARTESIAN_POINT('Ctrl Pts',(54.0846417988997,-10.2042682212261,1.));
#6947=CARTESIAN_POINT('Ctrl Pts',(54.7829693450187,-10.3644876022293,3.60636532355355E-15));
#6948=CARTESIAN_POINT('Ctrl Pts',(54.7829693450187,-10.3644876022293,1.));
#6949=CARTESIAN_POINT('Ctrl Pts',(55.0670069595572,-10.4296552030721,3.5715156867123E-15));
#6950=CARTESIAN_POINT('Ctrl Pts',(55.0670069595572,-10.4296552030721,1.));
#6951=CARTESIAN_POINT('',(53.2132260769371,-9.45423334624907,3.79952232017229E-15));
#6952=CARTESIAN_POINT('Ctrl Pts',(53.2132260769371,-9.45423334624907,3.79952232017229E-15));
#6953=CARTESIAN_POINT('Ctrl Pts',(53.53770305763,-9.73351342522078,3.75950275771483E-15));
#6954=CARTESIAN_POINT('Ctrl Pts',(54.0846417988997,-10.2042682212261,3.69204574098005E-15));
#6955=CARTESIAN_POINT('Ctrl Pts',(54.7829693450187,-10.3644876022293,3.60636532355355E-15));
#6956=CARTESIAN_POINT('Ctrl Pts',(55.0670069595572,-10.4296552030721,3.5715156867123E-15));
#6957=CARTESIAN_POINT('',(53.2132260769371,-9.4542333462491,1.));
#6958=CARTESIAN_POINT('',(53.2132260769371,-9.45423334624907,3.79952232017229E-15));
#6959=CARTESIAN_POINT('Ctrl Pts',(53.2132260769371,-9.4542333462491,1.));
#6960=CARTESIAN_POINT('Ctrl Pts',(53.5377030576299,-9.73351342522081,1.));
#6961=CARTESIAN_POINT('Ctrl Pts',(54.0846417988997,-10.2042682212261,1.));
#6962=CARTESIAN_POINT('Ctrl Pts',(54.7829693450187,-10.3644876022293,1.));
#6963=CARTESIAN_POINT('Ctrl Pts',(55.0670069595572,-10.4296552030721,1.));
#6964=CARTESIAN_POINT('Ctrl Pts',(50.3038844406722,-5.96813961879831,4.15934617366131E-15));
#6965=CARTESIAN_POINT('Ctrl Pts',(50.3038844406721,-5.96813961879834,1.));
#6966=CARTESIAN_POINT('Ctrl Pts',(50.764663250345,-6.66069677688065,4.10221482060739E-15));
#6967=CARTESIAN_POINT('Ctrl Pts',(50.764663250345,-6.66069677688068,1.));
#6968=CARTESIAN_POINT('Ctrl Pts',(51.608635872467,-7.92919972972074,3.9975717753325E-15));
#6969=CARTESIAN_POINT('Ctrl Pts',(51.608635872467,-7.92919972972077,1.));
#6970=CARTESIAN_POINT('Ctrl Pts',(52.7121782805277,-8.9780278135946,3.86136505285984E-15));
#6971=CARTESIAN_POINT('Ctrl Pts',(52.7121782805277,-8.97802781359463,1.));
#6972=CARTESIAN_POINT('Ctrl Pts',(53.2132260769371,-9.45423334624907,3.79952232017229E-15));
#6973=CARTESIAN_POINT('Ctrl Pts',(53.2132260769371,-9.4542333462491,1.));
#6974=CARTESIAN_POINT('',(50.3038844406722,-5.96813961879831,4.15934617366131E-15));
#6975=CARTESIAN_POINT('Ctrl Pts',(50.3038844406722,-5.96813961879831,4.15934617366131E-15));
#6976=CARTESIAN_POINT('Ctrl Pts',(50.764663250345,-6.66069677688065,4.10221482060739E-15));
#6977=CARTESIAN_POINT('Ctrl Pts',(51.608635872467,-7.92919972972074,3.9975717753325E-15));
#6978=CARTESIAN_POINT('Ctrl Pts',(52.7121782805277,-8.9780278135946,3.86136505285984E-15));
#6979=CARTESIAN_POINT('Ctrl Pts',(53.2132260769371,-9.45423334624907,3.79952232017229E-15));
#6980=CARTESIAN_POINT('',(50.3038844406721,-5.96813961879834,1.));
#6981=CARTESIAN_POINT('',(50.3038844406722,-5.96813961879831,4.15934617366131E-15));
#6982=CARTESIAN_POINT('Ctrl Pts',(50.3038844406721,-5.96813961879834,1.));
#6983=CARTESIAN_POINT('Ctrl Pts',(50.764663250345,-6.66069677688068,1.));
#6984=CARTESIAN_POINT('Ctrl Pts',(51.608635872467,-7.92919972972077,1.));
#6985=CARTESIAN_POINT('Ctrl Pts',(52.7121782805277,-8.97802781359463,1.));
#6986=CARTESIAN_POINT('Ctrl Pts',(53.2132260769371,-9.4542333462491,1.));
#6987=CARTESIAN_POINT('Ctrl Pts',(47.1754876995107,2.66904303341984,4.55123306763447E-15));
#6988=CARTESIAN_POINT('Ctrl Pts',(47.1754876995106,2.66904303341981,1.));
#6989=CARTESIAN_POINT('Ctrl Pts',(47.3491638539268,1.29572756571526,4.52856826565194E-15));
#6990=CARTESIAN_POINT('Ctrl Pts',(47.3491638539268,1.29572756571523,1.));
#6991=CARTESIAN_POINT('Ctrl Pts',(47.7415270684968,-1.80681966270861,4.47736472194525E-15));
#6992=CARTESIAN_POINT('Ctrl Pts',(47.7415270684967,-1.80681966270864,1.));
#6993=CARTESIAN_POINT('Ctrl Pts',(49.3868495845177,-4.47885655126683,4.2731609353518E-15));
#6994=CARTESIAN_POINT('Ctrl Pts',(49.3868495845177,-4.47885655126685,1.));
#6995=CARTESIAN_POINT('Ctrl Pts',(50.3038844406722,-5.96813961879831,4.15934617366131E-15));
#6996=CARTESIAN_POINT('Ctrl Pts',(50.3038844406721,-5.96813961879834,1.));
#6997=CARTESIAN_POINT('',(47.1754876995107,2.66904303341984,4.55123306763447E-15));
#6998=CARTESIAN_POINT('Ctrl Pts',(47.1754876995107,2.66904303341984,4.55123306763447E-15));
#6999=CARTESIAN_POINT('Ctrl Pts',(47.3491638539268,1.29572756571526,4.52856826565194E-15));
#7000=CARTESIAN_POINT('Ctrl Pts',(47.7415270684968,-1.80681966270861,4.47736472194525E-15));
#7001=CARTESIAN_POINT('Ctrl Pts',(49.3868495845177,-4.47885655126683,4.2731609353518E-15));
#7002=CARTESIAN_POINT('Ctrl Pts',(50.3038844406722,-5.96813961879831,4.15934617366131E-15));
#7003=CARTESIAN_POINT('',(47.1754876995106,2.66904303341981,1.));
#7004=CARTESIAN_POINT('',(47.1754876995107,2.66904303341984,4.55123306763447E-15));
#7005=CARTESIAN_POINT('Ctrl Pts',(47.1754876995106,2.66904303341981,1.));
#7006=CARTESIAN_POINT('Ctrl Pts',(47.3491638539268,1.29572756571523,1.));
#7007=CARTESIAN_POINT('Ctrl Pts',(47.7415270684967,-1.80681966270864,1.));
#7008=CARTESIAN_POINT('Ctrl Pts',(49.3868495845177,-4.47885655126685,1.));
#7009=CARTESIAN_POINT('Ctrl Pts',(50.3038844406721,-5.96813961879834,1.));
#7010=CARTESIAN_POINT('Ctrl Pts',(47.7460698698894,4.81710406355135,4.48354338846646E-15));
#7011=CARTESIAN_POINT('Ctrl Pts',(47.7460698698894,4.81710406355132,1.));
#7012=CARTESIAN_POINT('Ctrl Pts',(47.5822626501935,4.49479972438279,4.5032755876988E-15));
#7013=CARTESIAN_POINT('Ctrl Pts',(47.5822626501935,4.49479972438277,1.));
#7014=CARTESIAN_POINT('Ctrl Pts',(47.2394713665069,3.82032934165815,4.54456818711763E-15));
#7015=CARTESIAN_POINT('Ctrl Pts',(47.2394713665069,3.82032934165812,1.));
#7016=CARTESIAN_POINT('Ctrl Pts',(47.1974359513761,3.06396759852748,4.54894682048572E-15));
#7017=CARTESIAN_POINT('Ctrl Pts',(47.1974359513761,3.06396759852745,1.));
#7018=CARTESIAN_POINT('Ctrl Pts',(47.1754876995107,2.66904303341984,4.55123306763447E-15));
#7019=CARTESIAN_POINT('Ctrl Pts',(47.1754876995106,2.66904303341981,1.));
#7020=CARTESIAN_POINT('',(47.7460698698894,4.81710406355135,4.48354338846646E-15));
#7021=CARTESIAN_POINT('Ctrl Pts',(47.7460698698894,4.81710406355135,4.48354338846646E-15));
#7022=CARTESIAN_POINT('Ctrl Pts',(47.5822626501935,4.49479972438279,4.5032755876988E-15));
#7023=CARTESIAN_POINT('Ctrl Pts',(47.2394713665069,3.82032934165815,4.54456818711763E-15));
#7024=CARTESIAN_POINT('Ctrl Pts',(47.1974359513761,3.06396759852748,4.54894682048572E-15));
#7025=CARTESIAN_POINT('Ctrl Pts',(47.1754876995107,2.66904303341984,4.55123306763447E-15));
#7026=CARTESIAN_POINT('',(47.7460698698894,4.81710406355132,1.));
#7027=CARTESIAN_POINT('',(47.7460698698894,4.81710406355135,4.48354338846646E-15));
#7028=CARTESIAN_POINT('Ctrl Pts',(47.7460698698894,4.81710406355132,1.));
#7029=CARTESIAN_POINT('Ctrl Pts',(47.5822626501935,4.49479972438277,1.));
#7030=CARTESIAN_POINT('Ctrl Pts',(47.2394713665069,3.82032934165812,1.));
#7031=CARTESIAN_POINT('Ctrl Pts',(47.1974359513761,3.06396759852745,1.));
#7032=CARTESIAN_POINT('Ctrl Pts',(47.1754876995106,2.66904303341981,1.));
#7033=CARTESIAN_POINT('Ctrl Pts',(49.9675288558866,6.0787064240664,4.21278525575149E-15));
#7034=CARTESIAN_POINT('Ctrl Pts',(49.9675288558866,6.07870642406637,1.));
#7035=CARTESIAN_POINT('Ctrl Pts',(49.5165892551363,6.02580772227544,4.2679537406332E-15));
#7036=CARTESIAN_POINT('Ctrl Pts',(49.5165892551363,6.02580772227541,1.));
#7037=CARTESIAN_POINT('Ctrl Pts',(48.6001613763223,5.91830364635562,4.38007061281168E-15));
#7038=CARTESIAN_POINT('Ctrl Pts',(48.6001613763222,5.91830364635559,1.));
#7039=CARTESIAN_POINT('Ctrl Pts',(48.0337643024782,5.18803503143451,4.44868934618155E-15));
#7040=CARTESIAN_POINT('Ctrl Pts',(48.0337643024782,5.18803503143449,1.));
#7041=CARTESIAN_POINT('Ctrl Pts',(47.7460698698894,4.81710406355135,4.48354338846646E-15));
#7042=CARTESIAN_POINT('Ctrl Pts',(47.7460698698894,4.81710406355132,1.));
#7043=CARTESIAN_POINT('',(49.9675288558866,6.0787064240664,4.21278525575149E-15));
#7044=CARTESIAN_POINT('Ctrl Pts',(49.9675288558866,6.0787064240664,4.21278525575149E-15));
#7045=CARTESIAN_POINT('Ctrl Pts',(49.5165892551363,6.02580772227544,4.2679537406332E-15));
#7046=CARTESIAN_POINT('Ctrl Pts',(48.6001613763223,5.91830364635562,4.38007061281168E-15));
#7047=CARTESIAN_POINT('Ctrl Pts',(48.0337643024782,5.18803503143451,4.44868934618155E-15));
#7048=CARTESIAN_POINT('Ctrl Pts',(47.7460698698894,4.81710406355135,4.48354338846646E-15));
#7049=CARTESIAN_POINT('',(49.9675288558866,6.07870642406637,1.));
#7050=CARTESIAN_POINT('',(49.9675288558866,6.0787064240664,4.21278525575149E-15));
#7051=CARTESIAN_POINT('Ctrl Pts',(49.9675288558866,6.07870642406637,1.));
#7052=CARTESIAN_POINT('Ctrl Pts',(49.5165892551363,6.02580772227541,1.));
#7053=CARTESIAN_POINT('Ctrl Pts',(48.6001613763222,5.91830364635559,1.));
#7054=CARTESIAN_POINT('Ctrl Pts',(48.0337643024782,5.18803503143449,1.));
#7055=CARTESIAN_POINT('Ctrl Pts',(47.7460698698894,4.81710406355132,1.));
#7056=CARTESIAN_POINT('Ctrl Pts',(53.2974118658442,4.18917464386335,3.80308504243639E-15));
#7057=CARTESIAN_POINT('Ctrl Pts',(53.2974118658442,4.18917464386332,1.));
#7058=CARTESIAN_POINT('Ctrl Pts',(52.7813541950323,4.73413312279074,3.86683579688688E-15));
#7059=CARTESIAN_POINT('Ctrl Pts',(52.7813541950322,4.73413312279072,1.));
#7060=CARTESIAN_POINT('Ctrl Pts',(51.8567885666149,5.71047725451953,3.98105124156355E-15));
#7061=CARTESIAN_POINT('Ctrl Pts',(51.8567885666149,5.7104772545195,1.));
#7062=CARTESIAN_POINT('Ctrl Pts',(50.5464748599991,5.9658660320884,4.1417725300954E-15));
#7063=CARTESIAN_POINT('Ctrl Pts',(50.5464748599991,5.96586603208838,1.));
#7064=CARTESIAN_POINT('Ctrl Pts',(49.9675288558866,6.0787064240664,4.21278525575149E-15));
#7065=CARTESIAN_POINT('Ctrl Pts',(49.9675288558866,6.07870642406637,1.));
#7066=CARTESIAN_POINT('',(53.2974118658442,4.18917464386335,3.80308504243639E-15));
#7067=CARTESIAN_POINT('Ctrl Pts',(53.2974118658442,4.18917464386335,3.80308504243639E-15));
#7068=CARTESIAN_POINT('Ctrl Pts',(52.7813541950323,4.73413312279074,3.86683579688688E-15));
#7069=CARTESIAN_POINT('Ctrl Pts',(51.8567885666149,5.71047725451953,3.98105124156355E-15));
#7070=CARTESIAN_POINT('Ctrl Pts',(50.5464748599991,5.9658660320884,4.1417725300954E-15));
#7071=CARTESIAN_POINT('Ctrl Pts',(49.9675288558866,6.0787064240664,4.21278525575149E-15));
#7072=CARTESIAN_POINT('',(53.2974118658442,4.18917464386332,1.));
#7073=CARTESIAN_POINT('',(53.2974118658442,4.18917464386335,3.80308504243639E-15));
#7074=CARTESIAN_POINT('Ctrl Pts',(53.2974118658442,4.18917464386332,1.));
#7075=CARTESIAN_POINT('Ctrl Pts',(52.7813541950322,4.73413312279072,1.));
#7076=CARTESIAN_POINT('Ctrl Pts',(51.8567885666149,5.7104772545195,1.));
#7077=CARTESIAN_POINT('Ctrl Pts',(50.5464748599991,5.96586603208838,1.));
#7078=CARTESIAN_POINT('Ctrl Pts',(49.9675288558866,6.07870642406637,1.));
#7079=CARTESIAN_POINT('Ctrl Pts',(55.4850569285554,1.37818922020891,3.53232690972142E-15));
#7080=CARTESIAN_POINT('Ctrl Pts',(55.4850569285554,1.37818922020888,1.));
#7081=CARTESIAN_POINT('Ctrl Pts',(55.1049566533438,1.91153970127161,3.57941645648802E-15));
#7082=CARTESIAN_POINT('Ctrl Pts',(55.1049566533438,1.91153970127158,1.));
#7083=CARTESIAN_POINT('Ctrl Pts',(54.4151830223658,2.87941876345264,3.66487055839896E-15));
#7084=CARTESIAN_POINT('Ctrl Pts',(54.4151830223658,2.87941876345261,1.));
#7085=CARTESIAN_POINT('Ctrl Pts',(53.6437473389707,3.78335372079187,3.760260016542E-15));
#7086=CARTESIAN_POINT('Ctrl Pts',(53.6437473389707,3.78335372079184,1.));
#7087=CARTESIAN_POINT('Ctrl Pts',(53.2974118658442,4.18917464386335,3.80308504243639E-15));
#7088=CARTESIAN_POINT('Ctrl Pts',(53.2974118658442,4.18917464386332,1.));
#7089=CARTESIAN_POINT('',(55.4850569285554,1.37818922020891,3.53232690972142E-15));
#7090=CARTESIAN_POINT('Ctrl Pts',(55.4850569285554,1.37818922020891,3.53232690972142E-15));
#7091=CARTESIAN_POINT('Ctrl Pts',(55.1049566533438,1.91153970127161,3.57941645648802E-15));
#7092=CARTESIAN_POINT('Ctrl Pts',(54.4151830223658,2.87941876345264,3.66487055839896E-15));
#7093=CARTESIAN_POINT('Ctrl Pts',(53.6437473389707,3.78335372079187,3.760260016542E-15));
#7094=CARTESIAN_POINT('Ctrl Pts',(53.2974118658442,4.18917464386335,3.80308504243639E-15));
#7095=CARTESIAN_POINT('',(55.4850569285554,1.37818922020888,1.));
#7096=CARTESIAN_POINT('',(55.4850569285554,1.37818922020891,3.53232690972142E-15));
#7097=CARTESIAN_POINT('Ctrl Pts',(55.4850569285554,1.37818922020888,1.));
#7098=CARTESIAN_POINT('Ctrl Pts',(55.1049566533438,1.91153970127158,1.));
#7099=CARTESIAN_POINT('Ctrl Pts',(54.4151830223658,2.87941876345261,1.));
#7100=CARTESIAN_POINT('Ctrl Pts',(53.6437473389707,3.78335372079184,1.));
#7101=CARTESIAN_POINT('Ctrl Pts',(53.2974118658442,4.18917464386332,1.));
#7102=CARTESIAN_POINT('Ctrl Pts',(55.6430657803343,2.88965718043149,3.51451388235803E-15));
#7103=CARTESIAN_POINT('Ctrl Pts',(55.6430657803342,2.88965718043146,1.));
#7104=CARTESIAN_POINT('Ctrl Pts',(55.6184519415473,2.72030340175424,3.51735591119839E-15));
#7105=CARTESIAN_POINT('Ctrl Pts',(55.6184519415473,2.72030340175421,1.));
#7106=CARTESIAN_POINT('Ctrl Pts',(55.5455571115878,2.21875567461867,3.52577268888394E-15));
#7107=CARTESIAN_POINT('Ctrl Pts',(55.5455571115878,2.21875567461864,1.));
#7108=CARTESIAN_POINT('Ctrl Pts',(55.5091624702025,1.71310241647333,3.52971546235972E-15));
#7109=CARTESIAN_POINT('Ctrl Pts',(55.5091624702025,1.7131024164733,1.));
#7110=CARTESIAN_POINT('Ctrl Pts',(55.4850569285554,1.37818922020891,3.53232690972142E-15));
#7111=CARTESIAN_POINT('Ctrl Pts',(55.4850569285554,1.37818922020888,1.));
#7112=CARTESIAN_POINT('',(55.6430657803343,2.88965718043149,3.51451388235803E-15));
#7113=CARTESIAN_POINT('Ctrl Pts',(55.6430657803343,2.88965718043149,3.51451388235803E-15));
#7114=CARTESIAN_POINT('Ctrl Pts',(55.6184519415473,2.72030340175424,3.51735591119839E-15));
#7115=CARTESIAN_POINT('Ctrl Pts',(55.5455571115878,2.21875567461867,3.52577268888394E-15));
#7116=CARTESIAN_POINT('Ctrl Pts',(55.5091624702025,1.71310241647333,3.52971546235972E-15));
#7117=CARTESIAN_POINT('Ctrl Pts',(55.4850569285554,1.37818922020891,3.53232690972142E-15));
#7118=CARTESIAN_POINT('',(55.6430657803342,2.88965718043146,1.));
#7119=CARTESIAN_POINT('',(55.6430657803343,2.88965718043149,3.51451388235803E-15));
#7120=CARTESIAN_POINT('Ctrl Pts',(55.6430657803342,2.88965718043146,1.));
#7121=CARTESIAN_POINT('Ctrl Pts',(55.6184519415473,2.72030340175421,1.));
#7122=CARTESIAN_POINT('Ctrl Pts',(55.5455571115878,2.21875567461864,1.));
#7123=CARTESIAN_POINT('Ctrl Pts',(55.5091624702025,1.7131024164733,1.));
#7124=CARTESIAN_POINT('Ctrl Pts',(55.4850569285554,1.37818922020888,1.));
#7125=CARTESIAN_POINT('Ctrl Pts',(57.0354109025364,5.90365655863531,3.34707119155931E-15));
#7126=CARTESIAN_POINT('Ctrl Pts',(57.0354109025363,5.90365655863528,1.));
#7127=CARTESIAN_POINT('Ctrl Pts',(56.7031210675221,5.49635786063801,3.38734942982417E-15));
#7128=CARTESIAN_POINT('Ctrl Pts',(56.7031210675221,5.49635786063798,1.));
#7129=CARTESIAN_POINT('Ctrl Pts',(55.9831627582864,4.61388102546334,3.47461858242682E-15));
#7130=CARTESIAN_POINT('Ctrl Pts',(55.9831627582864,4.61388102546332,1.));
#7131=CARTESIAN_POINT('Ctrl Pts',(55.7620994462759,3.49313412519576,3.50055055979854E-15));
#7132=CARTESIAN_POINT('Ctrl Pts',(55.7620994462759,3.49313412519573,1.));
#7133=CARTESIAN_POINT('Ctrl Pts',(55.6430657803343,2.88965718043149,3.51451388235803E-15));
#7134=CARTESIAN_POINT('Ctrl Pts',(55.6430657803342,2.88965718043146,1.));
#7135=CARTESIAN_POINT('',(57.0354109025364,5.90365655863531,3.34707119155931E-15));
#7136=CARTESIAN_POINT('Ctrl Pts',(57.0354109025364,5.90365655863531,3.34707119155931E-15));
#7137=CARTESIAN_POINT('Ctrl Pts',(56.7031210675221,5.49635786063801,3.38734942982417E-15));
#7138=CARTESIAN_POINT('Ctrl Pts',(55.9831627582864,4.61388102546334,3.47461858242682E-15));
#7139=CARTESIAN_POINT('Ctrl Pts',(55.7620994462759,3.49313412519576,3.50055055979854E-15));
#7140=CARTESIAN_POINT('Ctrl Pts',(55.6430657803343,2.88965718043149,3.51451388235803E-15));
#7141=CARTESIAN_POINT('',(57.0354109025363,5.90365655863528,1.));
#7142=CARTESIAN_POINT('',(57.0354109025364,5.90365655863531,3.34707119155931E-15));
#7143=CARTESIAN_POINT('Ctrl Pts',(57.0354109025363,5.90365655863528,1.));
#7144=CARTESIAN_POINT('Ctrl Pts',(56.7031210675221,5.49635786063798,1.));
#7145=CARTESIAN_POINT('Ctrl Pts',(55.9831627582864,4.61388102546332,1.));
#7146=CARTESIAN_POINT('Ctrl Pts',(55.7620994462759,3.49313412519573,1.));
#7147=CARTESIAN_POINT('Ctrl Pts',(55.6430657803342,2.88965718043146,1.));
#7148=CARTESIAN_POINT('Ctrl Pts',(59.6922519261809,7.04527267373246,3.02287397675417E-15));
#7149=CARTESIAN_POINT('Ctrl Pts',(59.6922519261808,7.04527267373243,1.));
#7150=CARTESIAN_POINT('Ctrl Pts',(59.2109054334465,6.99382381036829,3.08176757773075E-15));
#7151=CARTESIAN_POINT('Ctrl Pts',(59.2109054334465,6.99382381036826,1.));
#7152=CARTESIAN_POINT('Ctrl Pts',(58.2102230504353,6.88686557555906,3.20420285015702E-15));
#7153=CARTESIAN_POINT('Ctrl Pts',(58.2102230504352,6.88686557555903,1.));
#7154=CARTESIAN_POINT('Ctrl Pts',(57.4368022038511,6.23958392155299,3.29825818807216E-15));
#7155=CARTESIAN_POINT('Ctrl Pts',(57.436802203851,6.23958392155297,1.));
#7156=CARTESIAN_POINT('Ctrl Pts',(57.0354109025364,5.90365655863531,3.34707119155931E-15));
#7157=CARTESIAN_POINT('Ctrl Pts',(57.0354109025363,5.90365655863528,1.));
#7158=CARTESIAN_POINT('',(59.6922519261809,7.04527267373246,3.02287397675417E-15));
#7159=CARTESIAN_POINT('Ctrl Pts',(59.6922519261809,7.04527267373246,3.02287397675417E-15));
#7160=CARTESIAN_POINT('Ctrl Pts',(59.2109054334465,6.99382381036829,3.08176757773075E-15));
#7161=CARTESIAN_POINT('Ctrl Pts',(58.2102230504353,6.88686557555906,3.20420285015702E-15));
#7162=CARTESIAN_POINT('Ctrl Pts',(57.4368022038511,6.23958392155299,3.29825818807216E-15));
#7163=CARTESIAN_POINT('Ctrl Pts',(57.0354109025364,5.90365655863531,3.34707119155931E-15));
#7164=CARTESIAN_POINT('',(59.6922519261808,7.04527267373243,1.));
#7165=CARTESIAN_POINT('',(59.6922519261809,7.04527267373246,3.02287397675417E-15));
#7166=CARTESIAN_POINT('Ctrl Pts',(59.6922519261808,7.04527267373243,1.));
#7167=CARTESIAN_POINT('Ctrl Pts',(59.2109054334465,6.99382381036826,1.));
#7168=CARTESIAN_POINT('Ctrl Pts',(58.2102230504352,6.88686557555903,1.));
#7169=CARTESIAN_POINT('Ctrl Pts',(57.436802203851,6.23958392155297,1.));
#7170=CARTESIAN_POINT('Ctrl Pts',(57.0354109025363,5.90365655863528,1.));
#7171=CARTESIAN_POINT('Ctrl Pts',(60.7042509704555,6.71077138334011,2.8986039997843E-15));
#7172=CARTESIAN_POINT('Ctrl Pts',(60.7042509704554,6.71077138334008,1.));
#7173=CARTESIAN_POINT('Ctrl Pts',(60.5695071457152,6.80375966822793,2.91519933772807E-15));
#7174=CARTESIAN_POINT('Ctrl Pts',(60.5695071457151,6.8037596682279,1.));
#7175=CARTESIAN_POINT('Ctrl Pts',(60.2629376653346,7.00054727079196,2.9529420639374E-15));
#7176=CARTESIAN_POINT('Ctrl Pts',(60.2629376653345,7.00054727079193,1.));
#7177=CARTESIAN_POINT('Ctrl Pts',(59.8957654308304,7.02932304879041,2.99793540253066E-15));
#7178=CARTESIAN_POINT('Ctrl Pts',(59.8957654308304,7.02932304879038,1.));
#7179=CARTESIAN_POINT('Ctrl Pts',(59.6922519261809,7.04527267373246,3.02287397675417E-15));
#7180=CARTESIAN_POINT('Ctrl Pts',(59.6922519261808,7.04527267373243,1.));
#7181=CARTESIAN_POINT('',(60.7042509704555,6.71077138334011,2.8986039997843E-15));
#7182=CARTESIAN_POINT('Ctrl Pts',(60.7042509704555,6.71077138334011,2.8986039997843E-15));
#7183=CARTESIAN_POINT('Ctrl Pts',(60.5695071457152,6.80375966822793,2.91519933772807E-15));
#7184=CARTESIAN_POINT('Ctrl Pts',(60.2629376653346,7.00054727079196,2.9529420639374E-15));
#7185=CARTESIAN_POINT('Ctrl Pts',(59.8957654308304,7.02932304879041,2.99793540253066E-15));
#7186=CARTESIAN_POINT('Ctrl Pts',(59.6922519261809,7.04527267373246,3.02287397675417E-15));
#7187=CARTESIAN_POINT('',(60.7042509704554,6.71077138334008,1.));
#7188=CARTESIAN_POINT('',(60.7042509704555,6.71077138334011,2.8986039997843E-15));
#7189=CARTESIAN_POINT('Ctrl Pts',(60.7042509704554,6.71077138334008,1.));
#7190=CARTESIAN_POINT('Ctrl Pts',(60.5695071457151,6.8037596682279,1.));
#7191=CARTESIAN_POINT('Ctrl Pts',(60.2629376653345,7.00054727079193,1.));
#7192=CARTESIAN_POINT('Ctrl Pts',(59.8957654308304,7.02932304879038,1.));
#7193=CARTESIAN_POINT('Ctrl Pts',(59.6922519261808,7.04527267373243,1.));
#7194=CARTESIAN_POINT('Ctrl Pts',(60.795250131538,6.74519584856762,2.88749520237523E-15));
#7195=CARTESIAN_POINT('Ctrl Pts',(60.7952501315379,6.74519584856759,1.));
#7196=CARTESIAN_POINT('Ctrl Pts',(60.7648622345365,6.7337615935644,2.89120489222838E-15));
#7197=CARTESIAN_POINT('Ctrl Pts',(60.7648622345365,6.73376159356437,1.));
#7198=CARTESIAN_POINT('Ctrl Pts',(60.7344743375351,6.72232733856118,2.89491458208154E-15));
#7199=CARTESIAN_POINT('Ctrl Pts',(60.734474337535,6.72232733856115,1.));
#7200=CARTESIAN_POINT('Ctrl Pts',(60.7042509704555,6.71077138334011,2.8986039997843E-15));
#7201=CARTESIAN_POINT('Ctrl Pts',(60.7042509704554,6.71077138334008,1.));
#7202=CARTESIAN_POINT('',(60.795250131538,6.74519584856762,2.88749520237523E-15));
#7203=CARTESIAN_POINT('Ctrl Pts',(60.795250131538,6.74519584856762,2.88749520237523E-15));
#7204=CARTESIAN_POINT('Ctrl Pts',(60.7648622345365,6.7337615935644,2.89120489222838E-15));
#7205=CARTESIAN_POINT('Ctrl Pts',(60.7344743375351,6.72232733856118,2.89491458208154E-15));
#7206=CARTESIAN_POINT('Ctrl Pts',(60.7042509704555,6.71077138334011,2.8986039997843E-15));
#7207=CARTESIAN_POINT('',(60.7952501315379,6.74519584856759,1.));
#7208=CARTESIAN_POINT('',(60.795250131538,6.74519584856762,2.88749520237523E-15));
#7209=CARTESIAN_POINT('Ctrl Pts',(60.7952501315379,6.74519584856759,1.));
#7210=CARTESIAN_POINT('Ctrl Pts',(60.7648622345365,6.73376159356437,1.));
#7211=CARTESIAN_POINT('Ctrl Pts',(60.734474337535,6.72232733856115,1.));
#7212=CARTESIAN_POINT('Ctrl Pts',(60.7042509704554,6.71077138334008,1.));
#7213=CARTESIAN_POINT('Ctrl Pts',(64.4614078703759,3.31100409618433,2.43504407376225E-15));
#7214=CARTESIAN_POINT('Ctrl Pts',(64.4614078703759,3.3110040961843,1.));
#7215=CARTESIAN_POINT('Ctrl Pts',(63.7903943289472,4.25833554871493,2.51817991438674E-15));
#7216=CARTESIAN_POINT('Ctrl Pts',(63.7903943289472,4.2583355487149,1.));
#7217=CARTESIAN_POINT('Ctrl Pts',(62.7915364444979,5.66851497450166,2.64193433178834E-15));
#7218=CARTESIAN_POINT('Ctrl Pts',(62.7915364444978,5.66851497450163,1.));
#7219=CARTESIAN_POINT('Ctrl Pts',(61.2885568896049,6.4791348391773,2.82681410859079E-15));
#7220=CARTESIAN_POINT('Ctrl Pts',(61.2885568896049,6.47913483917727,1.));
#7221=CARTESIAN_POINT('Ctrl Pts',(60.795250131538,6.74519584856762,2.88749520237523E-15));
#7222=CARTESIAN_POINT('Ctrl Pts',(60.7952501315379,6.74519584856759,1.));
#7223=CARTESIAN_POINT('',(64.4614078703759,3.31100409618433,2.43504407376225E-15));
#7224=CARTESIAN_POINT('Ctrl Pts',(64.4614078703759,3.31100409618433,2.43504407376225E-15));
#7225=CARTESIAN_POINT('Ctrl Pts',(63.7903943289472,4.25833554871493,2.51817991438674E-15));
#7226=CARTESIAN_POINT('Ctrl Pts',(62.7915364444979,5.66851497450166,2.64193433178834E-15));
#7227=CARTESIAN_POINT('Ctrl Pts',(61.2885568896049,6.4791348391773,2.82681410859079E-15));
#7228=CARTESIAN_POINT('Ctrl Pts',(60.795250131538,6.74519584856762,2.88749520237523E-15));
#7229=CARTESIAN_POINT('',(64.4614078703759,3.3110040961843,1.));
#7230=CARTESIAN_POINT('',(64.4614078703759,3.31100409618433,2.43504407376225E-15));
#7231=CARTESIAN_POINT('Ctrl Pts',(64.4614078703759,3.3110040961843,1.));
#7232=CARTESIAN_POINT('Ctrl Pts',(63.7903943289472,4.2583355487149,1.));
#7233=CARTESIAN_POINT('Ctrl Pts',(62.7915364444978,5.66851497450163,1.));
#7234=CARTESIAN_POINT('Ctrl Pts',(61.2885568896049,6.47913483917727,1.));
#7235=CARTESIAN_POINT('Ctrl Pts',(60.7952501315379,6.74519584856759,1.));
#7236=CARTESIAN_POINT('Ctrl Pts',(66.7935361838799,0.382447704518878,2.14647291368389E-15));
#7237=CARTESIAN_POINT('Ctrl Pts',(66.7935361838799,0.38244770451885,1.));
#7238=CARTESIAN_POINT('Ctrl Pts',(66.5019769303794,0.737869273448313,2.18253877423477E-15));
#7239=CARTESIAN_POINT('Ctrl Pts',(66.5019769303793,0.737869273448284,1.));
#7240=CARTESIAN_POINT('Ctrl Pts',(65.710469010823,1.70274685222922,2.28044825201293E-15));
#7241=CARTESIAN_POINT('Ctrl Pts',(65.710469010823,1.70274685222919,1.));
#7242=CARTESIAN_POINT('Ctrl Pts',(64.9449444119412,2.68841556107781,2.37519694012846E-15));
#7243=CARTESIAN_POINT('Ctrl Pts',(64.9449444119412,2.68841556107778,1.));
#7244=CARTESIAN_POINT('Ctrl Pts',(64.4614078703759,3.31100409618433,2.43504407376225E-15));
#7245=CARTESIAN_POINT('Ctrl Pts',(64.4614078703759,3.3110040961843,1.));
#7246=CARTESIAN_POINT('',(66.7935361838799,0.382447704518878,2.14647291368389E-15));
#7247=CARTESIAN_POINT('Ctrl Pts',(66.7935361838799,0.382447704518878,2.14647291368389E-15));
#7248=CARTESIAN_POINT('Ctrl Pts',(66.5019769303794,0.737869273448313,2.18253877423477E-15));
#7249=CARTESIAN_POINT('Ctrl Pts',(65.710469010823,1.70274685222922,2.28044825201293E-15));
#7250=CARTESIAN_POINT('Ctrl Pts',(64.9449444119412,2.68841556107781,2.37519694012846E-15));
#7251=CARTESIAN_POINT('Ctrl Pts',(64.4614078703759,3.31100409618433,2.43504407376225E-15));
#7252=CARTESIAN_POINT('',(66.7935361838799,0.38244770451885,1.));
#7253=CARTESIAN_POINT('',(66.7935361838799,0.382447704518878,2.14647291368389E-15));
#7254=CARTESIAN_POINT('Ctrl Pts',(66.7935361838799,0.38244770451885,1.));
#7255=CARTESIAN_POINT('Ctrl Pts',(66.5019769303793,0.737869273448284,1.));
#7256=CARTESIAN_POINT('Ctrl Pts',(65.710469010823,1.70274685222919,1.));
#7257=CARTESIAN_POINT('Ctrl Pts',(64.9449444119412,2.68841556107778,1.));
#7258=CARTESIAN_POINT('Ctrl Pts',(64.4614078703759,3.3110040961843,1.));
#7259=CARTESIAN_POINT('Ctrl Pts',(67.1699092938397,3.66670850817439,2.10372141442892E-15));
#7260=CARTESIAN_POINT('Ctrl Pts',(67.1699092938397,3.66670850817436,1.));
#7261=CARTESIAN_POINT('Ctrl Pts',(67.091338527244,3.21479161190509,2.11288373285872E-15));
#7262=CARTESIAN_POINT('Ctrl Pts',(67.0913385272439,3.21479161190506,1.));
#7263=CARTESIAN_POINT('Ctrl Pts',(66.9023387205009,2.12771801240396,2.13492343652434E-15));
#7264=CARTESIAN_POINT('Ctrl Pts',(66.9023387205009,2.12771801240393,1.));
#7265=CARTESIAN_POINT('Ctrl Pts',(66.8336624436222,1.02610153713673,2.14221347879585E-15));
#7266=CARTESIAN_POINT('Ctrl Pts',(66.8336624436221,1.0261015371367,1.));
#7267=CARTESIAN_POINT('Ctrl Pts',(66.7935361838799,0.382447704518878,2.14647291368389E-15));
#7268=CARTESIAN_POINT('Ctrl Pts',(66.7935361838799,0.38244770451885,1.));
#7269=CARTESIAN_POINT('',(67.1699092938397,3.66670850817439,2.10372141442892E-15));
#7270=CARTESIAN_POINT('Ctrl Pts',(67.1699092938397,3.66670850817439,2.10372141442892E-15));
#7271=CARTESIAN_POINT('Ctrl Pts',(67.091338527244,3.21479161190509,2.11288373285872E-15));
#7272=CARTESIAN_POINT('Ctrl Pts',(66.9023387205009,2.12771801240396,2.13492343652434E-15));
#7273=CARTESIAN_POINT('Ctrl Pts',(66.8336624436222,1.02610153713673,2.14221347879585E-15));
#7274=CARTESIAN_POINT('Ctrl Pts',(66.7935361838799,0.382447704518878,2.14647291368389E-15));
#7275=CARTESIAN_POINT('',(67.1699092938397,3.66670850817436,1.));
#7276=CARTESIAN_POINT('',(67.1699092938397,3.66670850817439,2.10372141442892E-15));
#7277=CARTESIAN_POINT('Ctrl Pts',(67.1699092938397,3.66670850817436,1.));
#7278=CARTESIAN_POINT('Ctrl Pts',(67.0913385272439,3.21479161190506,1.));
#7279=CARTESIAN_POINT('Ctrl Pts',(66.9023387205009,2.12771801240393,1.));
#7280=CARTESIAN_POINT('Ctrl Pts',(66.8336624436221,1.0261015371367,1.));
#7281=CARTESIAN_POINT('Ctrl Pts',(66.7935361838799,0.38244770451885,1.));
#7282=CARTESIAN_POINT('Ctrl Pts',(69.3113463832842,5.80173179663905,1.84365086454914E-15));
#7283=CARTESIAN_POINT('Ctrl Pts',(69.3113463832841,5.80173179663903,1.));
#7284=CARTESIAN_POINT('Ctrl Pts',(68.7886148247194,5.68888989763427,1.90755007733437E-15));
#7285=CARTESIAN_POINT('Ctrl Pts',(68.7886148247193,5.68888989763424,1.));
#7286=CARTESIAN_POINT('Ctrl Pts',(67.6434662997353,5.44168704162823,2.04753414385897E-15));
#7287=CARTESIAN_POINT('Ctrl Pts',(67.6434662997353,5.4416870416282,1.));
#7288=CARTESIAN_POINT('Ctrl Pts',(67.3366640287956,4.29173584641153,2.0839360595611E-15));
#7289=CARTESIAN_POINT('Ctrl Pts',(67.3366640287956,4.2917358464115,1.));
#7290=CARTESIAN_POINT('Ctrl Pts',(67.1699092938397,3.66670850817439,2.10372141442892E-15));
#7291=CARTESIAN_POINT('Ctrl Pts',(67.1699092938397,3.66670850817436,1.));
#7292=CARTESIAN_POINT('',(69.3113463832842,5.80173179663905,1.84365086454914E-15));
#7293=CARTESIAN_POINT('Ctrl Pts',(69.3113463832842,5.80173179663905,1.84365086454914E-15));
#7294=CARTESIAN_POINT('Ctrl Pts',(68.7886148247194,5.68888989763427,1.90755007733437E-15));
#7295=CARTESIAN_POINT('Ctrl Pts',(67.6434662997353,5.44168704162823,2.04753414385897E-15));
#7296=CARTESIAN_POINT('Ctrl Pts',(67.3366640287956,4.29173584641153,2.0839360595611E-15));
#7297=CARTESIAN_POINT('Ctrl Pts',(67.1699092938397,3.66670850817439,2.10372141442892E-15));
#7298=CARTESIAN_POINT('',(69.3113463832841,5.80173179663903,1.));
#7299=CARTESIAN_POINT('',(69.3113463832842,5.80173179663905,1.84365086454914E-15));
#7300=CARTESIAN_POINT('Ctrl Pts',(69.3113463832841,5.80173179663903,1.));
#7301=CARTESIAN_POINT('Ctrl Pts',(68.7886148247193,5.68888989763424,1.));
#7302=CARTESIAN_POINT('Ctrl Pts',(67.6434662997353,5.4416870416282,1.));
#7303=CARTESIAN_POINT('Ctrl Pts',(67.3366640287956,4.2917358464115,1.));
#7304=CARTESIAN_POINT('Ctrl Pts',(67.1699092938397,3.66670850817436,1.));
#7305=CARTESIAN_POINT('Ctrl Pts',(71.8613559232415,4.58779135195999,1.5301412325792E-15));
#7306=CARTESIAN_POINT('Ctrl Pts',(71.8613559232415,4.58779135195996,1.));
#7307=CARTESIAN_POINT('Ctrl Pts',(71.4493492821922,4.93789562860004,1.58095172905053E-15));
#7308=CARTESIAN_POINT('Ctrl Pts',(71.4493492821922,4.93789562860001,1.));
#7309=CARTESIAN_POINT('Ctrl Pts',(70.7031824852298,5.57195382251177,1.67297234626079E-15));
#7310=CARTESIAN_POINT('Ctrl Pts',(70.7031824852298,5.57195382251174,1.));
#7311=CARTESIAN_POINT('Ctrl Pts',(69.7418606526854,5.73065827259579,1.79085762438194E-15));
#7312=CARTESIAN_POINT('Ctrl Pts',(69.7418606526854,5.73065827259576,1.));
#7313=CARTESIAN_POINT('Ctrl Pts',(69.3113463832842,5.80173179663905,1.84365086454914E-15));
#7314=CARTESIAN_POINT('Ctrl Pts',(69.3113463832841,5.80173179663903,1.));
#7315=CARTESIAN_POINT('',(71.8613559232415,4.58779135195999,1.5301412325792E-15));
#7316=CARTESIAN_POINT('Ctrl Pts',(71.8613559232415,4.58779135195999,1.5301412325792E-15));
#7317=CARTESIAN_POINT('Ctrl Pts',(71.4493492821922,4.93789562860004,1.58095172905053E-15));
#7318=CARTESIAN_POINT('Ctrl Pts',(70.7031824852298,5.57195382251177,1.67297234626079E-15));
#7319=CARTESIAN_POINT('Ctrl Pts',(69.7418606526854,5.73065827259579,1.79085762438194E-15));
#7320=CARTESIAN_POINT('Ctrl Pts',(69.3113463832842,5.80173179663905,1.84365086454914E-15));
#7321=CARTESIAN_POINT('',(71.8613559232415,4.58779135195996,1.));
#7322=CARTESIAN_POINT('',(71.8613559232415,4.58779135195999,1.5301412325792E-15));
#7323=CARTESIAN_POINT('Ctrl Pts',(71.8613559232415,4.58779135195996,1.));
#7324=CARTESIAN_POINT('Ctrl Pts',(71.4493492821922,4.93789562860001,1.));
#7325=CARTESIAN_POINT('Ctrl Pts',(70.7031824852298,5.57195382251174,1.));
#7326=CARTESIAN_POINT('Ctrl Pts',(69.7418606526854,5.73065827259576,1.));
#7327=CARTESIAN_POINT('Ctrl Pts',(69.3113463832841,5.80173179663903,1.));
#7328=CARTESIAN_POINT('Ctrl Pts',(74.6848742368878,1.27696245723912,1.18100554588247E-15));
#7329=CARTESIAN_POINT('Ctrl Pts',(74.6848742368878,1.27696245723909,1.));
#7330=CARTESIAN_POINT('Ctrl Pts',(74.201920963287,1.92766381680204,1.24080983641613E-15));
#7331=CARTESIAN_POINT('Ctrl Pts',(74.201920963287,1.92766381680201,1.));
#7332=CARTESIAN_POINT('Ctrl Pts',(73.3351858959276,3.09544901992666,1.34813797480436E-15));
#7333=CARTESIAN_POINT('Ctrl Pts',(73.3351858959276,3.09544901992663,1.));
#7334=CARTESIAN_POINT('Ctrl Pts',(72.313672183981,4.12979367524127,1.47428469924442E-15));
#7335=CARTESIAN_POINT('Ctrl Pts',(72.313672183981,4.12979367524124,1.));
#7336=CARTESIAN_POINT('Ctrl Pts',(71.8613559232415,4.58779135195999,1.5301412325792E-15));
#7337=CARTESIAN_POINT('Ctrl Pts',(71.8613559232415,4.58779135195996,1.));
#7338=CARTESIAN_POINT('',(74.6848742368878,1.27696245723912,1.18100554588247E-15));
#7339=CARTESIAN_POINT('Ctrl Pts',(74.6848742368878,1.27696245723912,1.18100554588247E-15));
#7340=CARTESIAN_POINT('Ctrl Pts',(74.201920963287,1.92766381680204,1.24080983641613E-15));
#7341=CARTESIAN_POINT('Ctrl Pts',(73.3351858959276,3.09544901992666,1.34813797480436E-15));
#7342=CARTESIAN_POINT('Ctrl Pts',(72.313672183981,4.12979367524127,1.47428469924442E-15));
#7343=CARTESIAN_POINT('Ctrl Pts',(71.8613559232415,4.58779135195999,1.5301412325792E-15));
#7344=CARTESIAN_POINT('',(74.6848742368878,1.27696245723909,1.));
#7345=CARTESIAN_POINT('',(74.6848742368878,1.27696245723912,1.18100554588247E-15));
#7346=CARTESIAN_POINT('Ctrl Pts',(74.6848742368878,1.27696245723909,1.));
#7347=CARTESIAN_POINT('Ctrl Pts',(74.201920963287,1.92766381680201,1.));
#7348=CARTESIAN_POINT('Ctrl Pts',(73.3351858959276,3.09544901992663,1.));
#7349=CARTESIAN_POINT('Ctrl Pts',(72.313672183981,4.12979367524124,1.));
#7350=CARTESIAN_POINT('Ctrl Pts',(71.8613559232415,4.58779135195996,1.));
#7351=CARTESIAN_POINT('Ctrl Pts',(77.4638439111315,-3.89538095225741,8.35432581449834E-16));
#7352=CARTESIAN_POINT('Ctrl Pts',(77.4638439111314,-3.89538095225743,1.));
#7353=CARTESIAN_POINT('Ctrl Pts',(77.2602378510387,-3.22847168840778,8.61044363647594E-16));
#7354=CARTESIAN_POINT('Ctrl Pts',(77.2602378510386,-3.22847168840781,1.));
#7355=CARTESIAN_POINT('Ctrl Pts',(76.6816162870838,-1.3332035363265,9.33829670058332E-16));
#7356=CARTESIAN_POINT('Ctrl Pts',(76.6816162870838,-1.33320353632653,1.));
#7357=CARTESIAN_POINT('Ctrl Pts',(75.4700882887608,0.250520901772529,1.08380422187465E-15));
#7358=CARTESIAN_POINT('Ctrl Pts',(75.4700882887608,0.2505209017725,1.));
#7359=CARTESIAN_POINT('Ctrl Pts',(74.6848742368878,1.27696245723912,1.18100554588247E-15));
#7360=CARTESIAN_POINT('Ctrl Pts',(74.6848742368878,1.27696245723909,1.));
#7361=CARTESIAN_POINT('',(77.4638439111315,-3.89538095225741,8.35432581449834E-16));
#7362=CARTESIAN_POINT('Ctrl Pts',(77.4638439111315,-3.89538095225741,8.35432581449834E-16));
#7363=CARTESIAN_POINT('Ctrl Pts',(77.2602378510387,-3.22847168840778,8.61044363647594E-16));
#7364=CARTESIAN_POINT('Ctrl Pts',(76.6816162870838,-1.3332035363265,9.33829670058332E-16));
#7365=CARTESIAN_POINT('Ctrl Pts',(75.4700882887608,0.250520901772529,1.08380422187465E-15));
#7366=CARTESIAN_POINT('Ctrl Pts',(74.6848742368878,1.27696245723912,1.18100554588247E-15));
#7367=CARTESIAN_POINT('',(77.4638439111314,-3.89538095225743,1.));
#7368=CARTESIAN_POINT('',(77.4638439111315,-3.89538095225741,8.35432581449834E-16));
#7369=CARTESIAN_POINT('Ctrl Pts',(77.4638439111314,-3.89538095225743,1.));
#7370=CARTESIAN_POINT('Ctrl Pts',(77.2602378510386,-3.22847168840781,1.));
#7371=CARTESIAN_POINT('Ctrl Pts',(76.6816162870838,-1.33320353632653,1.));
#7372=CARTESIAN_POINT('Ctrl Pts',(75.4700882887608,0.2505209017725,1.));
#7373=CARTESIAN_POINT('Ctrl Pts',(74.6848742368878,1.27696245723909,1.));
#7374=CARTESIAN_POINT('Ctrl Pts',(76.8469173115784,-4.61755582892114,9.10247413167497E-16));
#7375=CARTESIAN_POINT('Ctrl Pts',(76.8469173115784,-4.61755582892117,1.));
#7376=CARTESIAN_POINT('Ctrl Pts',(77.0251791730521,-4.58114096718631,8.88454409184071E-16));
#7377=CARTESIAN_POINT('Ctrl Pts',(77.025179173052,-4.58114096718633,1.));
#7378=CARTESIAN_POINT('Ctrl Pts',(77.4082799112966,-4.50288216130171,8.41619287831695E-16));
#7379=CARTESIAN_POINT('Ctrl Pts',(77.4082799112966,-4.50288216130174,1.));
#7380=CARTESIAN_POINT('Ctrl Pts',(77.4444853460265,-4.10703511217371,8.37588037475941E-16));
#7381=CARTESIAN_POINT('Ctrl Pts',(77.4444853460265,-4.10703511217374,1.));
#7382=CARTESIAN_POINT('Ctrl Pts',(77.4638439111315,-3.89538095225741,8.35432581449834E-16));
#7383=CARTESIAN_POINT('Ctrl Pts',(77.4638439111314,-3.89538095225743,1.));
#7384=CARTESIAN_POINT('',(76.8469173115784,-4.61755582892114,9.10247413167497E-16));
#7385=CARTESIAN_POINT('Ctrl Pts',(76.8469173115784,-4.61755582892114,9.10247413167497E-16));
#7386=CARTESIAN_POINT('Ctrl Pts',(77.0251791730521,-4.58114096718631,8.88454409184071E-16));
#7387=CARTESIAN_POINT('Ctrl Pts',(77.4082799112966,-4.50288216130171,8.41619287831695E-16));
#7388=CARTESIAN_POINT('Ctrl Pts',(77.4444853460265,-4.10703511217371,8.37588037475941E-16));
#7389=CARTESIAN_POINT('Ctrl Pts',(77.4638439111315,-3.89538095225741,8.35432581449834E-16));
#7390=CARTESIAN_POINT('',(76.8469173115784,-4.61755582892117,1.));
#7391=CARTESIAN_POINT('',(76.8469173115784,-4.61755582892114,9.10247413167497E-16));
#7392=CARTESIAN_POINT('Ctrl Pts',(76.8469173115784,-4.61755582892117,1.));
#7393=CARTESIAN_POINT('Ctrl Pts',(77.025179173052,-4.58114096718633,1.));
#7394=CARTESIAN_POINT('Ctrl Pts',(77.4082799112966,-4.50288216130174,1.));
#7395=CARTESIAN_POINT('Ctrl Pts',(77.4444853460265,-4.10703511217374,1.));
#7396=CARTESIAN_POINT('Ctrl Pts',(77.4638439111314,-3.89538095225743,1.));
#7397=CARTESIAN_POINT('Ctrl Pts',(75.3448689253249,-3.32504266205136,1.09550313132961E-15));
#7398=CARTESIAN_POINT('Ctrl Pts',(75.3448689253248,-3.32504266205139,1.));
#7399=CARTESIAN_POINT('Ctrl Pts',(75.5571222422552,-3.69504221891049,1.0691342897693E-15));
#7400=CARTESIAN_POINT('Ctrl Pts',(75.5571222422552,-3.69504221891052,1.));
#7401=CARTESIAN_POINT('Ctrl Pts',(75.912006016681,-4.3136749035394,1.02504605522253E-15));
#7402=CARTESIAN_POINT('Ctrl Pts',(75.912006016681,-4.31367490353943,1.));
#7403=CARTESIAN_POINT('Ctrl Pts',(76.5788911584493,-4.53043736550763,9.43158597985131E-16));
#7404=CARTESIAN_POINT('Ctrl Pts',(76.5788911584493,-4.53043736550766,1.));
#7405=CARTESIAN_POINT('Ctrl Pts',(76.8469173115784,-4.61755582892114,9.10247413167497E-16));
#7406=CARTESIAN_POINT('Ctrl Pts',(76.8469173115784,-4.61755582892117,1.));
#7407=CARTESIAN_POINT('',(75.3448689253249,-3.32504266205136,1.09550313132961E-15));
#7408=CARTESIAN_POINT('Ctrl Pts',(75.3448689253249,-3.32504266205136,1.09550313132961E-15));
#7409=CARTESIAN_POINT('Ctrl Pts',(75.5571222422552,-3.69504221891049,1.0691342897693E-15));
#7410=CARTESIAN_POINT('Ctrl Pts',(75.912006016681,-4.3136749035394,1.02504605522253E-15));
#7411=CARTESIAN_POINT('Ctrl Pts',(76.5788911584493,-4.53043736550763,9.43158597985131E-16));
#7412=CARTESIAN_POINT('Ctrl Pts',(76.8469173115784,-4.61755582892114,9.10247413167497E-16));
#7413=CARTESIAN_POINT('',(75.3448689253248,-3.32504266205139,1.));
#7414=CARTESIAN_POINT('',(75.3448689253249,-3.32504266205136,1.09550313132961E-15));
#7415=CARTESIAN_POINT('Ctrl Pts',(75.3448689253248,-3.32504266205139,1.));
#7416=CARTESIAN_POINT('Ctrl Pts',(75.5571222422552,-3.69504221891052,1.));
#7417=CARTESIAN_POINT('Ctrl Pts',(75.912006016681,-4.31367490353943,1.));
#7418=CARTESIAN_POINT('Ctrl Pts',(76.5788911584493,-4.53043736550766,1.));
#7419=CARTESIAN_POINT('Ctrl Pts',(76.8469173115784,-4.61755582892117,1.));
#7420=CARTESIAN_POINT('Ctrl Pts',(72.8728463405937,0.273786670799874,1.40188731877136E-15));
#7421=CARTESIAN_POINT('Ctrl Pts',(72.8728463405936,0.273786670799845,1.));
#7422=CARTESIAN_POINT('Ctrl Pts',(73.3746078815992,-0.388277569613562,1.3397682057884E-15));
#7423=CARTESIAN_POINT('Ctrl Pts',(73.3746078815992,-0.38827756961359,1.));
#7424=CARTESIAN_POINT('Ctrl Pts',(74.254799087248,-1.54967212531945,1.23079872032182E-15));
#7425=CARTESIAN_POINT('Ctrl Pts',(74.2547990872479,-1.54967212531948,1.));
#7426=CARTESIAN_POINT('Ctrl Pts',(75.0171175166219,-2.79124182282244,1.13618246978532E-15));
#7427=CARTESIAN_POINT('Ctrl Pts',(75.0171175166219,-2.79124182282247,1.));
#7428=CARTESIAN_POINT('Ctrl Pts',(75.3448689253249,-3.32504266205136,1.09550313132961E-15));
#7429=CARTESIAN_POINT('Ctrl Pts',(75.3448689253248,-3.32504266205139,1.));
#7430=CARTESIAN_POINT('',(72.8728463405937,0.273786670799874,1.40188731877136E-15));
#7431=CARTESIAN_POINT('Ctrl Pts',(72.8728463405937,0.273786670799874,1.40188731877136E-15));
#7432=CARTESIAN_POINT('Ctrl Pts',(73.3746078815992,-0.388277569613562,1.3397682057884E-15));
#7433=CARTESIAN_POINT('Ctrl Pts',(74.254799087248,-1.54967212531945,1.23079872032182E-15));
#7434=CARTESIAN_POINT('Ctrl Pts',(75.0171175166219,-2.79124182282244,1.13618246978532E-15));
#7435=CARTESIAN_POINT('Ctrl Pts',(75.3448689253249,-3.32504266205136,1.09550313132961E-15));
#7436=CARTESIAN_POINT('',(72.8728463405936,0.273786670799845,1.));
#7437=CARTESIAN_POINT('',(72.8728463405937,0.273786670799874,1.40188731877136E-15));
#7438=CARTESIAN_POINT('Ctrl Pts',(72.8728463405936,0.273786670799845,1.));
#7439=CARTESIAN_POINT('Ctrl Pts',(73.3746078815992,-0.38827756961359,1.));
#7440=CARTESIAN_POINT('Ctrl Pts',(74.2547990872479,-1.54967212531948,1.));
#7441=CARTESIAN_POINT('Ctrl Pts',(75.0171175166219,-2.79124182282247,1.));
#7442=CARTESIAN_POINT('Ctrl Pts',(75.3448689253248,-3.32504266205139,1.));
#7443=CARTESIAN_POINT('Ctrl Pts',(70.6188076779632,2.09620024410782,1.67977089601452E-15));
#7444=CARTESIAN_POINT('Ctrl Pts',(70.6188076779632,2.09620024410779,1.));
#7445=CARTESIAN_POINT('Ctrl Pts',(70.9679248380558,1.96489337764801,1.63688434000162E-15));
#7446=CARTESIAN_POINT('Ctrl Pts',(70.9679248380558,1.96489337764798,1.));
#7447=CARTESIAN_POINT('Ctrl Pts',(71.9047970154616,1.61252527905344,1.52179626726812E-15));
#7448=CARTESIAN_POINT('Ctrl Pts',(71.9047970154616,1.61252527905341,1.));
#7449=CARTESIAN_POINT('Ctrl Pts',(72.49965619298,0.789880268367478,1.44811310192926E-15));
#7450=CARTESIAN_POINT('Ctrl Pts',(72.49965619298,0.789880268367449,1.));
#7451=CARTESIAN_POINT('Ctrl Pts',(72.8728463405937,0.273786670799874,1.40188731877136E-15));
#7452=CARTESIAN_POINT('Ctrl Pts',(72.8728463405936,0.273786670799845,1.));
#7453=CARTESIAN_POINT('',(70.6188076779632,2.09620024410782,1.67977089601452E-15));
#7454=CARTESIAN_POINT('Ctrl Pts',(70.6188076779632,2.09620024410782,1.67977089601452E-15));
#7455=CARTESIAN_POINT('Ctrl Pts',(70.9679248380558,1.96489337764801,1.63688434000162E-15));
#7456=CARTESIAN_POINT('Ctrl Pts',(71.9047970154616,1.61252527905344,1.52179626726812E-15));
#7457=CARTESIAN_POINT('Ctrl Pts',(72.49965619298,0.789880268367478,1.44811310192926E-15));
#7458=CARTESIAN_POINT('Ctrl Pts',(72.8728463405937,0.273786670799874,1.40188731877136E-15));
#7459=CARTESIAN_POINT('',(70.6188076779632,2.09620024410779,1.));
#7460=CARTESIAN_POINT('',(70.6188076779632,2.09620024410782,1.67977089601452E-15));
#7461=CARTESIAN_POINT('Ctrl Pts',(70.6188076779632,2.09620024410779,1.));
#7462=CARTESIAN_POINT('Ctrl Pts',(70.9679248380558,1.96489337764798,1.));
#7463=CARTESIAN_POINT('Ctrl Pts',(71.9047970154616,1.61252527905341,1.));
#7464=CARTESIAN_POINT('Ctrl Pts',(72.49965619298,0.789880268367449,1.));
#7465=CARTESIAN_POINT('Ctrl Pts',(72.8728463405936,0.273786670799845,1.));
#7466=CARTESIAN_POINT('Ctrl Pts',(69.620091646672,0.94081703195557,1.80089936529416E-15));
#7467=CARTESIAN_POINT('Ctrl Pts',(69.6200916466719,0.940817031955541,1.));
#7468=CARTESIAN_POINT('Ctrl Pts',(69.6798423905777,1.27812484592118,1.79392522486917E-15));
#7469=CARTESIAN_POINT('Ctrl Pts',(69.6798423905776,1.27812484592115,1.));
#7470=CARTESIAN_POINT('Ctrl Pts',(69.7864911616391,1.880183690337,1.78147712034499E-15));
#7471=CARTESIAN_POINT('Ctrl Pts',(69.7864911616391,1.88018369033697,1.));
#7472=CARTESIAN_POINT('Ctrl Pts',(70.3645920053607,2.03022198651821,1.71083517951597E-15));
#7473=CARTESIAN_POINT('Ctrl Pts',(70.3645920053607,2.03022198651818,1.));
#7474=CARTESIAN_POINT('Ctrl Pts',(70.6188076779632,2.09620024410782,1.67977089601452E-15));
#7475=CARTESIAN_POINT('Ctrl Pts',(70.6188076779632,2.09620024410779,1.));
#7476=CARTESIAN_POINT('',(69.620091646672,0.94081703195557,1.80089936529416E-15));
#7477=CARTESIAN_POINT('Ctrl Pts',(69.620091646672,0.94081703195557,1.80089936529416E-15));
#7478=CARTESIAN_POINT('Ctrl Pts',(69.6798423905777,1.27812484592118,1.79392522486917E-15));
#7479=CARTESIAN_POINT('Ctrl Pts',(69.7864911616391,1.880183690337,1.78147712034499E-15));
#7480=CARTESIAN_POINT('Ctrl Pts',(70.3645920053607,2.03022198651821,1.71083517951597E-15));
#7481=CARTESIAN_POINT('Ctrl Pts',(70.6188076779632,2.09620024410782,1.67977089601452E-15));
#7482=CARTESIAN_POINT('',(69.6200916466719,0.940817031955541,1.));
#7483=CARTESIAN_POINT('',(69.620091646672,0.94081703195557,1.80089936529416E-15));
#7484=CARTESIAN_POINT('Ctrl Pts',(69.6200916466719,0.940817031955541,1.));
#7485=CARTESIAN_POINT('Ctrl Pts',(69.6798423905776,1.27812484592115,1.));
#7486=CARTESIAN_POINT('Ctrl Pts',(69.7864911616391,1.88018369033697,1.));
#7487=CARTESIAN_POINT('Ctrl Pts',(70.3645920053607,2.03022198651818,1.));
#7488=CARTESIAN_POINT('Ctrl Pts',(70.6188076779632,2.09620024410779,1.));
#7489=CARTESIAN_POINT('Ctrl Pts',(69.5074586973294,-2.11290039124758,1.81158753208646E-15));
#7490=CARTESIAN_POINT('Ctrl Pts',(69.5074586973293,-2.1129003912476,1.));
#7491=CARTESIAN_POINT('Ctrl Pts',(69.5116245031343,-1.489606000549,1.81171113010552E-15));
#7492=CARTESIAN_POINT('Ctrl Pts',(69.5116245031342,-1.48960600054903,1.));
#7493=CARTESIAN_POINT('Ctrl Pts',(69.5184362798922,-0.470417290672085,1.81191323316864E-15));
#7494=CARTESIAN_POINT('Ctrl Pts',(69.5184362798922,-0.470417290672113,1.));
#7495=CARTESIAN_POINT('Ctrl Pts',(69.5916517732541,0.545999455964452,1.80398068818064E-15));
#7496=CARTESIAN_POINT('Ctrl Pts',(69.5916517732541,0.545999455964424,1.));
#7497=CARTESIAN_POINT('Ctrl Pts',(69.620091646672,0.94081703195557,1.80089936529416E-15));
#7498=CARTESIAN_POINT('Ctrl Pts',(69.6200916466719,0.940817031955541,1.));
#7499=CARTESIAN_POINT('',(69.5074586973294,-2.11290039124758,1.81158753208646E-15));
#7500=CARTESIAN_POINT('Ctrl Pts',(69.5074586973294,-2.11290039124758,1.81158753208646E-15));
#7501=CARTESIAN_POINT('Ctrl Pts',(69.5116245031343,-1.489606000549,1.81171113010552E-15));
#7502=CARTESIAN_POINT('Ctrl Pts',(69.5184362798922,-0.470417290672085,1.81191323316864E-15));
#7503=CARTESIAN_POINT('Ctrl Pts',(69.5916517732541,0.545999455964452,1.80398068818064E-15));
#7504=CARTESIAN_POINT('Ctrl Pts',(69.620091646672,0.94081703195557,1.80089936529416E-15));
#7505=CARTESIAN_POINT('',(69.5074586973293,-2.1129003912476,1.));
#7506=CARTESIAN_POINT('',(69.5074586973294,-2.11290039124758,1.81158753208646E-15));
#7507=CARTESIAN_POINT('Ctrl Pts',(69.5074586973293,-2.1129003912476,1.));
#7508=CARTESIAN_POINT('Ctrl Pts',(69.5116245031342,-1.48960600054903,1.));
#7509=CARTESIAN_POINT('Ctrl Pts',(69.5184362798922,-0.470417290672113,1.));
#7510=CARTESIAN_POINT('Ctrl Pts',(69.5916517732541,0.545999455964424,1.));
#7511=CARTESIAN_POINT('Ctrl Pts',(69.6200916466719,0.940817031955541,1.));
#7512=CARTESIAN_POINT('Ctrl Pts',(69.5312359431148,-2.75311639706162,1.80802480982236E-15));
#7513=CARTESIAN_POINT('Ctrl Pts',(69.5312359431148,-2.75311639706165,1.));
#7514=CARTESIAN_POINT('Ctrl Pts',(69.5239998342529,-2.6221871041361,1.80904407148102E-15));
#7515=CARTESIAN_POINT('Ctrl Pts',(69.5239998342529,-2.62218710413613,1.));
#7516=CARTESIAN_POINT('Ctrl Pts',(69.5122127873318,-2.40891367935414,1.81070436781221E-15));
#7517=CARTESIAN_POINT('Ctrl Pts',(69.5122127873318,-2.40891367935417,1.));
#7518=CARTESIAN_POINT('Ctrl Pts',(69.5087829468715,-2.19535475391901,1.81134152709177E-15));
#7519=CARTESIAN_POINT('Ctrl Pts',(69.5087829468714,-2.19535475391903,1.));
#7520=CARTESIAN_POINT('Ctrl Pts',(69.5074586973294,-2.11290039124758,1.81158753208646E-15));
#7521=CARTESIAN_POINT('Ctrl Pts',(69.5074586973293,-2.1129003912476,1.));
#7522=CARTESIAN_POINT('',(69.5312359431148,-2.75311639706162,1.80802480982236E-15));
#7523=CARTESIAN_POINT('Ctrl Pts',(69.5312359431148,-2.75311639706162,1.80802480982236E-15));
#7524=CARTESIAN_POINT('Ctrl Pts',(69.5239998342529,-2.6221871041361,1.80904407148102E-15));
#7525=CARTESIAN_POINT('Ctrl Pts',(69.5122127873318,-2.40891367935414,1.81070436781221E-15));
#7526=CARTESIAN_POINT('Ctrl Pts',(69.5087829468715,-2.19535475391901,1.81134152709177E-15));
#7527=CARTESIAN_POINT('Ctrl Pts',(69.5074586973294,-2.11290039124758,1.81158753208646E-15));
#7528=CARTESIAN_POINT('',(69.5312359431148,-2.75311639706165,1.));
#7529=CARTESIAN_POINT('',(69.5312359431148,-2.75311639706162,1.80802480982236E-15));
#7530=CARTESIAN_POINT('Ctrl Pts',(69.5312359431148,-2.75311639706165,1.));
#7531=CARTESIAN_POINT('Ctrl Pts',(69.5239998342529,-2.62218710413613,1.));
#7532=CARTESIAN_POINT('Ctrl Pts',(69.5122127873318,-2.40891367935417,1.));
#7533=CARTESIAN_POINT('Ctrl Pts',(69.5087829468714,-2.19535475391903,1.));
#7534=CARTESIAN_POINT('Ctrl Pts',(69.5074586973293,-2.1129003912476,1.));
#7535=CARTESIAN_POINT('Ctrl Pts',(75.7280809630653,-9.72844365716678,1.04206404923943E-15));
#7536=CARTESIAN_POINT('Ctrl Pts',(75.7280809630653,-9.7284436571668,1.));
#7537=CARTESIAN_POINT('Ctrl Pts',(74.570344018452,-8.6300552107999,1.18495785082134E-15));
#7538=CARTESIAN_POINT('Ctrl Pts',(74.5703440184519,-8.63005521079993,1.));
#7539=CARTESIAN_POINT('Ctrl Pts',(72.3055921930036,-6.48140024169414,1.46448507804129E-15));
#7540=CARTESIAN_POINT('Ctrl Pts',(72.3055921930036,-6.48140024169417,1.));
#7541=CARTESIAN_POINT('Ctrl Pts',(70.4421096544072,-3.97718260789813,1.69523420822735E-15));
#7542=CARTESIAN_POINT('Ctrl Pts',(70.4421096544072,-3.97718260789815,1.));
#7543=CARTESIAN_POINT('Ctrl Pts',(69.5312359431148,-2.75311639706162,1.80802480982236E-15));
#7544=CARTESIAN_POINT('Ctrl Pts',(69.5312359431148,-2.75311639706165,1.));
#7545=CARTESIAN_POINT('',(75.7280809630653,-9.72844365716678,1.04206404923943E-15));
#7546=CARTESIAN_POINT('Ctrl Pts',(75.7280809630653,-9.72844365716678,1.04206404923943E-15));
#7547=CARTESIAN_POINT('Ctrl Pts',(74.570344018452,-8.6300552107999,1.18495785082134E-15));
#7548=CARTESIAN_POINT('Ctrl Pts',(72.3055921930036,-6.48140024169414,1.46448507804129E-15));
#7549=CARTESIAN_POINT('Ctrl Pts',(70.4421096544072,-3.97718260789813,1.69523420822735E-15));
#7550=CARTESIAN_POINT('Ctrl Pts',(69.5312359431148,-2.75311639706162,1.80802480982236E-15));
#7551=CARTESIAN_POINT('',(75.7280809630653,-9.7284436571668,1.));
#7552=CARTESIAN_POINT('',(75.7280809630653,-9.72844365716678,1.04206404923943E-15));
#7553=CARTESIAN_POINT('Ctrl Pts',(75.7280809630653,-9.7284436571668,1.));
#7554=CARTESIAN_POINT('Ctrl Pts',(74.5703440184519,-8.63005521079993,1.));
#7555=CARTESIAN_POINT('Ctrl Pts',(72.3055921930036,-6.48140024169417,1.));
#7556=CARTESIAN_POINT('Ctrl Pts',(70.4421096544072,-3.97718260789815,1.));
#7557=CARTESIAN_POINT('Ctrl Pts',(69.5312359431148,-2.75311639706165,1.));
#7558=CARTESIAN_POINT('Ctrl Pts',(76.6173086976039,-11.2486066239721,9.31623162794987E-16));
#7559=CARTESIAN_POINT('Ctrl Pts',(76.6173086976039,-11.2486066239721,1.));
#7560=CARTESIAN_POINT('Ctrl Pts',(76.5648202422428,-10.9894786519536,9.38314395626925E-16));
#7561=CARTESIAN_POINT('Ctrl Pts',(76.5648202422427,-10.9894786519537,1.));
#7562=CARTESIAN_POINT('Ctrl Pts',(76.4429028170742,-10.3875898190609,9.53856439538503E-16));
#7563=CARTESIAN_POINT('Ctrl Pts',(76.4429028170741,-10.3875898190609,1.));
#7564=CARTESIAN_POINT('Ctrl Pts',(75.9874500770009,-9.96761115744073,1.01005841113227E-15));
#7565=CARTESIAN_POINT('Ctrl Pts',(75.9874500770008,-9.96761115744076,1.));
#7566=CARTESIAN_POINT('Ctrl Pts',(75.7280809630653,-9.72844365716678,1.04206404923943E-15));
#7567=CARTESIAN_POINT('Ctrl Pts',(75.7280809630653,-9.7284436571668,1.));
#7568=CARTESIAN_POINT('',(76.6173086976039,-11.2486066239721,9.31623162794987E-16));
#7569=CARTESIAN_POINT('Ctrl Pts',(76.6173086976039,-11.2486066239721,9.31623162794987E-16));
#7570=CARTESIAN_POINT('Ctrl Pts',(76.5648202422428,-10.9894786519536,9.38314395626925E-16));
#7571=CARTESIAN_POINT('Ctrl Pts',(76.4429028170742,-10.3875898190609,9.53856439538503E-16));
#7572=CARTESIAN_POINT('Ctrl Pts',(75.9874500770009,-9.96761115744073,1.01005841113227E-15));
#7573=CARTESIAN_POINT('Ctrl Pts',(75.7280809630653,-9.72844365716678,1.04206404923943E-15));
#7574=CARTESIAN_POINT('',(76.6173086976039,-11.2486066239721,1.));
#7575=CARTESIAN_POINT('',(76.6173086976039,-11.2486066239721,9.31623162794987E-16));
#7576=CARTESIAN_POINT('Ctrl Pts',(76.6173086976039,-11.2486066239721,1.));
#7577=CARTESIAN_POINT('Ctrl Pts',(76.5648202422427,-10.9894786519537,1.));
#7578=CARTESIAN_POINT('Ctrl Pts',(76.4429028170741,-10.3875898190609,1.));
#7579=CARTESIAN_POINT('Ctrl Pts',(75.9874500770008,-9.96761115744076,1.));
#7580=CARTESIAN_POINT('Ctrl Pts',(75.7280809630653,-9.7284436571668,1.));
#7581=CARTESIAN_POINT('Ctrl Pts',(76.3787949175446,-11.9448305526916,9.60123772993573E-16));
#7582=CARTESIAN_POINT('Ctrl Pts',(76.3787949175446,-11.9448305526916,1.));
#7583=CARTESIAN_POINT('Ctrl Pts',(76.4475658368492,-11.8370929537379,9.51811598572623E-16));
#7584=CARTESIAN_POINT('Ctrl Pts',(76.4475658368491,-11.8370929537379,1.));
#7585=CARTESIAN_POINT('Ctrl Pts',(76.58345331351,-11.6242095051615,9.35387208451768E-16));
#7586=CARTESIAN_POINT('Ctrl Pts',(76.58345331351,-11.6242095051615,1.));
#7587=CARTESIAN_POINT('Ctrl Pts',(76.6061155366436,-11.3727872711232,9.32867619770624E-16));
#7588=CARTESIAN_POINT('Ctrl Pts',(76.6061155366435,-11.3727872711232,1.));
#7589=CARTESIAN_POINT('Ctrl Pts',(76.6173086976039,-11.2486066239721,9.31623162794987E-16));
#7590=CARTESIAN_POINT('Ctrl Pts',(76.6173086976039,-11.2486066239721,1.));
#7591=CARTESIAN_POINT('',(76.3787949175446,-11.9448305526916,9.60123772993573E-16));
#7592=CARTESIAN_POINT('Ctrl Pts',(76.3787949175446,-11.9448305526916,9.60123772993573E-16));
#7593=CARTESIAN_POINT('Ctrl Pts',(76.4475658368492,-11.8370929537379,9.51811598572623E-16));
#7594=CARTESIAN_POINT('Ctrl Pts',(76.58345331351,-11.6242095051615,9.35387208451768E-16));
#7595=CARTESIAN_POINT('Ctrl Pts',(76.6061155366436,-11.3727872711232,9.32867619770624E-16));
#7596=CARTESIAN_POINT('Ctrl Pts',(76.6173086976039,-11.2486066239721,9.31623162794987E-16));
#7597=CARTESIAN_POINT('',(76.3787949175446,-11.9448305526916,1.));
#7598=CARTESIAN_POINT('',(76.3787949175446,-11.9448305526916,9.60123772993573E-16));
#7599=CARTESIAN_POINT('Ctrl Pts',(76.3787949175446,-11.9448305526916,1.));
#7600=CARTESIAN_POINT('Ctrl Pts',(76.4475658368491,-11.8370929537379,1.));
#7601=CARTESIAN_POINT('Ctrl Pts',(76.58345331351,-11.6242095051615,1.));
#7602=CARTESIAN_POINT('Ctrl Pts',(76.6061155366435,-11.3727872711232,1.));
#7603=CARTESIAN_POINT('Ctrl Pts',(76.6173086976039,-11.2486066239721,1.));
#7604=CARTESIAN_POINT('Ctrl Pts',(75.8236728987557,-12.2311403203908,1.02781316018304E-15));
#7605=CARTESIAN_POINT('Ctrl Pts',(75.8236728987557,-12.2311403203909,1.));
#7606=CARTESIAN_POINT('Ctrl Pts',(75.928369576845,-12.217884260172,1.01500543524112E-15));
#7607=CARTESIAN_POINT('Ctrl Pts',(75.9283695768449,-12.2178842601721,1.));
#7608=CARTESIAN_POINT('Ctrl Pts',(76.1474282493653,-12.1901483758309,9.88207610563342E-16));
#7609=CARTESIAN_POINT('Ctrl Pts',(76.1474282493652,-12.190148375831,1.));
#7610=CARTESIAN_POINT('Ctrl Pts',(76.2994370485205,-12.0289736137088,9.69756420259031E-16));
#7611=CARTESIAN_POINT('Ctrl Pts',(76.2994370485205,-12.0289736137089,1.));
#7612=CARTESIAN_POINT('Ctrl Pts',(76.3787949175446,-11.9448305526916,9.60123772993573E-16));
#7613=CARTESIAN_POINT('Ctrl Pts',(76.3787949175446,-11.9448305526916,1.));
#7614=CARTESIAN_POINT('',(75.8236728987557,-12.2311403203908,1.02781316018304E-15));
#7615=CARTESIAN_POINT('Ctrl Pts',(75.8236728987557,-12.2311403203908,1.02781316018304E-15));
#7616=CARTESIAN_POINT('Ctrl Pts',(75.928369576845,-12.217884260172,1.01500543524112E-15));
#7617=CARTESIAN_POINT('Ctrl Pts',(76.1474282493653,-12.1901483758309,9.88207610563342E-16));
#7618=CARTESIAN_POINT('Ctrl Pts',(76.2994370485205,-12.0289736137088,9.69756420259031E-16));
#7619=CARTESIAN_POINT('Ctrl Pts',(76.3787949175446,-11.9448305526916,9.60123772993573E-16));
#7620=CARTESIAN_POINT('',(75.8236728987557,-12.2311403203909,1.));
#7621=CARTESIAN_POINT('',(75.8236728987557,-12.2311403203908,1.02781316018304E-15));
#7622=CARTESIAN_POINT('Ctrl Pts',(75.8236728987557,-12.2311403203909,1.));
#7623=CARTESIAN_POINT('Ctrl Pts',(75.9283695768449,-12.2178842601721,1.));
#7624=CARTESIAN_POINT('Ctrl Pts',(76.1474282493652,-12.190148375831,1.));
#7625=CARTESIAN_POINT('Ctrl Pts',(76.2994370485205,-12.0289736137089,1.));
#7626=CARTESIAN_POINT('Ctrl Pts',(76.3787949175446,-11.9448305526916,1.));
#7627=CARTESIAN_POINT('Ctrl Pts',(71.9235856308065,-8.94046571575555,1.50876548295171E-15));
#7628=CARTESIAN_POINT('Ctrl Pts',(71.9235856308064,-8.94046571575558,1.));
#7629=CARTESIAN_POINT('Ctrl Pts',(72.6560925831961,-9.85087566171996,1.41813667152719E-15));
#7630=CARTESIAN_POINT('Ctrl Pts',(72.656092583196,-9.85087566171999,1.));
#7631=CARTESIAN_POINT('Ctrl Pts',(73.7530379144211,-11.214234653015,1.28241802579655E-15));
#7632=CARTESIAN_POINT('Ctrl Pts',(73.7530379144211,-11.214234653015,1.));
#7633=CARTESIAN_POINT('Ctrl Pts',(75.3073000586482,-11.9775454224214,1.09130626184349E-15));
#7634=CARTESIAN_POINT('Ctrl Pts',(75.3073000586481,-11.9775454224214,1.));
#7635=CARTESIAN_POINT('Ctrl Pts',(75.8236728987557,-12.2311403203908,1.02781316018304E-15));
#7636=CARTESIAN_POINT('Ctrl Pts',(75.8236728987557,-12.2311403203909,1.));
#7637=CARTESIAN_POINT('',(71.9235856308065,-8.94046571575555,1.50876548295171E-15));
#7638=CARTESIAN_POINT('Ctrl Pts',(71.9235856308065,-8.94046571575555,1.50876548295171E-15));
#7639=CARTESIAN_POINT('Ctrl Pts',(72.6560925831961,-9.85087566171996,1.41813667152719E-15));
#7640=CARTESIAN_POINT('Ctrl Pts',(73.7530379144211,-11.214234653015,1.28241802579655E-15));
#7641=CARTESIAN_POINT('Ctrl Pts',(75.3073000586482,-11.9775454224214,1.09130626184349E-15));
#7642=CARTESIAN_POINT('Ctrl Pts',(75.8236728987557,-12.2311403203908,1.02781316018304E-15));
#7643=CARTESIAN_POINT('',(71.9235856308064,-8.94046571575558,1.));
#7644=CARTESIAN_POINT('',(71.9235856308065,-8.94046571575555,1.50876548295171E-15));
#7645=CARTESIAN_POINT('Ctrl Pts',(71.9235856308064,-8.94046571575558,1.));
#7646=CARTESIAN_POINT('Ctrl Pts',(72.656092583196,-9.85087566171999,1.));
#7647=CARTESIAN_POINT('Ctrl Pts',(73.7530379144211,-11.214234653015,1.));
#7648=CARTESIAN_POINT('Ctrl Pts',(75.3073000586481,-11.9775454224214,1.));
#7649=CARTESIAN_POINT('Ctrl Pts',(75.8236728987557,-12.2311403203909,1.));
#7650=CARTESIAN_POINT('Ctrl Pts',(69.531584942628,-6.21505731085392,1.80446208755826E-15));
#7651=CARTESIAN_POINT('Ctrl Pts',(69.531584942628,-6.21505731085395,1.));
#7652=CARTESIAN_POINT('Ctrl Pts',(69.8265341503987,-6.5548634025728,1.76799696893699E-15));
#7653=CARTESIAN_POINT('Ctrl Pts',(69.8265341503987,-6.55486340257283,1.));
#7654=CARTESIAN_POINT('Ctrl Pts',(70.6188755127681,-7.46770674834414,1.67003833400548E-15));
#7655=CARTESIAN_POINT('Ctrl Pts',(70.6188755127681,-7.46770674834417,1.));
#7656=CARTESIAN_POINT('Ctrl Pts',(71.420417675411,-8.3724888845979,1.57096116121282E-15));
#7657=CARTESIAN_POINT('Ctrl Pts',(71.420417675411,-8.37248888459792,1.));
#7658=CARTESIAN_POINT('Ctrl Pts',(71.9235856308065,-8.94046571575555,1.50876548295171E-15));
#7659=CARTESIAN_POINT('Ctrl Pts',(71.9235856308064,-8.94046571575558,1.));
#7660=CARTESIAN_POINT('',(69.531584942628,-6.21505731085392,1.80446208755826E-15));
#7661=CARTESIAN_POINT('Ctrl Pts',(69.531584942628,-6.21505731085392,1.80446208755826E-15));
#7662=CARTESIAN_POINT('Ctrl Pts',(69.8265341503987,-6.5548634025728,1.76799696893699E-15));
#7663=CARTESIAN_POINT('Ctrl Pts',(70.6188755127681,-7.46770674834414,1.67003833400548E-15));
#7664=CARTESIAN_POINT('Ctrl Pts',(71.420417675411,-8.3724888845979,1.57096116121282E-15));
#7665=CARTESIAN_POINT('Ctrl Pts',(71.9235856308065,-8.94046571575555,1.50876548295171E-15));
#7666=CARTESIAN_POINT('',(69.531584942628,-6.21505731085395,1.));
#7667=CARTESIAN_POINT('',(69.531584942628,-6.21505731085392,1.80446208755826E-15));
#7668=CARTESIAN_POINT('Ctrl Pts',(69.531584942628,-6.21505731085395,1.));
#7669=CARTESIAN_POINT('Ctrl Pts',(69.8265341503987,-6.55486340257283,1.));
#7670=CARTESIAN_POINT('Ctrl Pts',(70.6188755127681,-7.46770674834417,1.));
#7671=CARTESIAN_POINT('Ctrl Pts',(71.420417675411,-8.37248888459792,1.));
#7672=CARTESIAN_POINT('Ctrl Pts',(71.9235856308064,-8.94046571575558,1.));
#7673=CARTESIAN_POINT('Ctrl Pts',(69.4911422906529,-7.58204198069412,1.80802480982236E-15));
#7674=CARTESIAN_POINT('Ctrl Pts',(69.4911422906529,-7.58204198069415,1.));
#7675=CARTESIAN_POINT('Ctrl Pts',(69.4945795566718,-7.39538590973732,1.80779366618436E-15));
#7676=CARTESIAN_POINT('Ctrl Pts',(69.4945795566718,-7.39538590973735,1.));
#7677=CARTESIAN_POINT('Ctrl Pts',(69.5029732032224,-6.93958031379572,1.80722922398259E-15));
#7678=CARTESIAN_POINT('Ctrl Pts',(69.5029732032224,-6.93958031379575,1.));
#7679=CARTESIAN_POINT('Ctrl Pts',(69.520962442217,-6.48404640611428,1.80548942488257E-15));
#7680=CARTESIAN_POINT('Ctrl Pts',(69.520962442217,-6.48404640611431,1.));
#7681=CARTESIAN_POINT('Ctrl Pts',(69.531584942628,-6.21505731085392,1.80446208755826E-15));
#7682=CARTESIAN_POINT('Ctrl Pts',(69.531584942628,-6.21505731085395,1.));
#7683=CARTESIAN_POINT('',(69.4911422906529,-7.58204198069412,1.80802480982236E-15));
#7684=CARTESIAN_POINT('Ctrl Pts',(69.4911422906529,-7.58204198069412,1.80802480982236E-15));
#7685=CARTESIAN_POINT('Ctrl Pts',(69.4945795566718,-7.39538590973732,1.80779366618436E-15));
#7686=CARTESIAN_POINT('Ctrl Pts',(69.5029732032224,-6.93958031379572,1.80722922398259E-15));
#7687=CARTESIAN_POINT('Ctrl Pts',(69.520962442217,-6.48404640611428,1.80548942488257E-15));
#7688=CARTESIAN_POINT('Ctrl Pts',(69.531584942628,-6.21505731085392,1.80446208755826E-15));
#7689=CARTESIAN_POINT('',(69.4911422906529,-7.58204198069415,1.));
#7690=CARTESIAN_POINT('',(69.4911422906529,-7.58204198069412,1.80802480982236E-15));
#7691=CARTESIAN_POINT('Ctrl Pts',(69.4911422906529,-7.58204198069415,1.));
#7692=CARTESIAN_POINT('Ctrl Pts',(69.4945795566718,-7.39538590973735,1.));
#7693=CARTESIAN_POINT('Ctrl Pts',(69.5029732032224,-6.93958031379575,1.));
#7694=CARTESIAN_POINT('Ctrl Pts',(69.520962442217,-6.48404640611431,1.));
#7695=CARTESIAN_POINT('Ctrl Pts',(69.531584942628,-6.21505731085395,1.));
#7696=CARTESIAN_POINT('Ctrl Pts',(69.5631985162165,-9.41543180577726,1.79733664303006E-15));
#7697=CARTESIAN_POINT('Ctrl Pts',(69.5631985162164,-9.41543180577729,1.));
#7698=CARTESIAN_POINT('Ctrl Pts',(69.5400857994741,-9.14147114672262,1.80044559079891E-15));
#7699=CARTESIAN_POINT('Ctrl Pts',(69.5400857994741,-9.14147114672265,1.));
#7700=CARTESIAN_POINT('Ctrl Pts',(69.4886255839223,-8.53150068220137,1.80736762961018E-15));
#7701=CARTESIAN_POINT('Ctrl Pts',(69.4886255839222,-8.5315006822014,1.));
#7702=CARTESIAN_POINT('Ctrl Pts',(69.4902483627711,-7.91928731626135,1.80779138106887E-15));
#7703=CARTESIAN_POINT('Ctrl Pts',(69.4902483627711,-7.91928731626138,1.));
#7704=CARTESIAN_POINT('Ctrl Pts',(69.4911422906529,-7.58204198069412,1.80802480982236E-15));
#7705=CARTESIAN_POINT('Ctrl Pts',(69.4911422906529,-7.58204198069415,1.));
#7706=CARTESIAN_POINT('',(69.5631985162165,-9.41543180577726,1.79733664303006E-15));
#7707=CARTESIAN_POINT('Ctrl Pts',(69.5631985162165,-9.41543180577726,1.79733664303006E-15));
#7708=CARTESIAN_POINT('Ctrl Pts',(69.5400857994741,-9.14147114672262,1.80044559079891E-15));
#7709=CARTESIAN_POINT('Ctrl Pts',(69.4886255839223,-8.53150068220137,1.80736762961018E-15));
#7710=CARTESIAN_POINT('Ctrl Pts',(69.4902483627711,-7.91928731626135,1.80779138106887E-15));
#7711=CARTESIAN_POINT('Ctrl Pts',(69.4911422906529,-7.58204198069412,1.80802480982236E-15));
#7712=CARTESIAN_POINT('',(69.5631985162164,-9.41543180577728,1.));
#7713=CARTESIAN_POINT('',(69.5631985162165,-9.41543180577726,1.79733664303006E-15));
#7714=CARTESIAN_POINT('Ctrl Pts',(69.5631985162164,-9.41543180577729,1.));
#7715=CARTESIAN_POINT('Ctrl Pts',(69.5400857994741,-9.14147114672265,1.));
#7716=CARTESIAN_POINT('Ctrl Pts',(69.4886255839222,-8.5315006822014,1.));
#7717=CARTESIAN_POINT('Ctrl Pts',(69.4902483627711,-7.91928731626138,1.));
#7718=CARTESIAN_POINT('Ctrl Pts',(69.4911422906529,-7.58204198069415,1.));
#7719=CARTESIAN_POINT('Ctrl Pts',(69.6408051353623,-10.5797515205813,1.78664906019487E-15));
#7720=CARTESIAN_POINT('Ctrl Pts',(69.6408051353623,-10.5797515205813,1.));
#7721=CARTESIAN_POINT('Ctrl Pts',(69.6367679387168,-10.4147319080493,1.78731124347129E-15));
#7722=CARTESIAN_POINT('Ctrl Pts',(69.6367679387168,-10.4147319080493,1.));
#7723=CARTESIAN_POINT('Ctrl Pts',(69.6272479006857,-10.0256022408241,1.78887272549177E-15));
#7724=CARTESIAN_POINT('Ctrl Pts',(69.6272479006857,-10.0256022408241,1.));
#7725=CARTESIAN_POINT('Ctrl Pts',(69.586605530706,-9.63842018158358,1.79424348230576E-15));
#7726=CARTESIAN_POINT('Ctrl Pts',(69.5866055307059,-9.63842018158361,1.));
#7727=CARTESIAN_POINT('Ctrl Pts',(69.5631985162165,-9.41543180577726,1.79733664303006E-15));
#7728=CARTESIAN_POINT('Ctrl Pts',(69.5631985162164,-9.41543180577729,1.));
#7729=CARTESIAN_POINT('',(69.6408051353623,-10.5797515205813,1.78664906019487E-15));
#7730=CARTESIAN_POINT('Ctrl Pts',(69.6408051353623,-10.5797515205813,1.78664906019487E-15));
#7731=CARTESIAN_POINT('Ctrl Pts',(69.6367679387168,-10.4147319080493,1.78731124347129E-15));
#7732=CARTESIAN_POINT('Ctrl Pts',(69.6272479006857,-10.0256022408241,1.78887272549177E-15));
#7733=CARTESIAN_POINT('Ctrl Pts',(69.586605530706,-9.63842018158358,1.79424348230576E-15));
#7734=CARTESIAN_POINT('Ctrl Pts',(69.5631985162165,-9.41543180577726,1.79733664303006E-15));
#7735=CARTESIAN_POINT('',(69.6408051353623,-10.5797515205813,1.));
#7736=CARTESIAN_POINT('',(69.6408051353623,-10.5797515205813,1.78664906019487E-15));
#7737=CARTESIAN_POINT('Ctrl Pts',(69.6408051353623,-10.5797515205813,1.));
#7738=CARTESIAN_POINT('Ctrl Pts',(69.6367679387168,-10.4147319080493,1.));
#7739=CARTESIAN_POINT('Ctrl Pts',(69.6272479006857,-10.0256022408241,1.));
#7740=CARTESIAN_POINT('Ctrl Pts',(69.5866055307059,-9.63842018158361,1.));
#7741=CARTESIAN_POINT('Ctrl Pts',(69.5631985162164,-9.41543180577729,1.));
#7742=CARTESIAN_POINT('Ctrl Pts',(69.2539436131517,-11.6238482621056,1.83296269775685E-15));
#7743=CARTESIAN_POINT('Ctrl Pts',(69.2539436131517,-11.6238482621056,1.));
#7744=CARTESIAN_POINT('Ctrl Pts',(69.3655604468528,-11.4655844563678,1.81945496631984E-15));
#7745=CARTESIAN_POINT('Ctrl Pts',(69.3655604468528,-11.4655844563678,1.));
#7746=CARTESIAN_POINT('Ctrl Pts',(69.5869634889108,-11.1516525262446,1.79266104346531E-15));
#7747=CARTESIAN_POINT('Ctrl Pts',(69.5869634889107,-11.1516525262446,1.));
#7748=CARTESIAN_POINT('Ctrl Pts',(69.6229571218528,-10.7693314749083,1.78864197767978E-15));
#7749=CARTESIAN_POINT('Ctrl Pts',(69.6229571218528,-10.7693314749083,1.));
#7750=CARTESIAN_POINT('Ctrl Pts',(69.6408051353623,-10.5797515205813,1.78664906019487E-15));
#7751=CARTESIAN_POINT('Ctrl Pts',(69.6408051353623,-10.5797515205813,1.));
#7752=CARTESIAN_POINT('',(69.2539436131517,-11.6238482621056,1.83296269775685E-15));
#7753=CARTESIAN_POINT('Ctrl Pts',(69.2539436131517,-11.6238482621056,1.83296269775685E-15));
#7754=CARTESIAN_POINT('Ctrl Pts',(69.3655604468528,-11.4655844563678,1.81945496631984E-15));
#7755=CARTESIAN_POINT('Ctrl Pts',(69.5869634889108,-11.1516525262446,1.79266104346531E-15));
#7756=CARTESIAN_POINT('Ctrl Pts',(69.6229571218528,-10.7693314749083,1.78864197767978E-15));
#7757=CARTESIAN_POINT('Ctrl Pts',(69.6408051353623,-10.5797515205813,1.78664906019487E-15));
#7758=CARTESIAN_POINT('',(69.2539436131517,-11.6238482621056,1.));
#7759=CARTESIAN_POINT('',(69.2539436131517,-11.6238482621056,1.83296269775685E-15));
#7760=CARTESIAN_POINT('Ctrl Pts',(69.2539436131517,-11.6238482621056,1.));
#7761=CARTESIAN_POINT('Ctrl Pts',(69.3655604468528,-11.4655844563678,1.));
#7762=CARTESIAN_POINT('Ctrl Pts',(69.5869634889107,-11.1516525262446,1.));
#7763=CARTESIAN_POINT('Ctrl Pts',(69.6229571218528,-10.7693314749083,1.));
#7764=CARTESIAN_POINT('Ctrl Pts',(69.6408051353623,-10.5797515205813,1.));
#7765=CARTESIAN_POINT('Ctrl Pts',(68.3781026197932,-11.9947712900269,1.9398414458943E-15));
#7766=CARTESIAN_POINT('Ctrl Pts',(68.3781026197932,-11.9947712900269,1.));
#7767=CARTESIAN_POINT('Ctrl Pts',(68.5452102096256,-11.9807128420148,1.91939166789553E-15));
#7768=CARTESIAN_POINT('Ctrl Pts',(68.5452102096255,-11.9807128420148,1.));
#7769=CARTESIAN_POINT('Ctrl Pts',(68.8777917178342,-11.9527333837051,1.87869203231235E-15));
#7770=CARTESIAN_POINT('Ctrl Pts',(68.8777917178342,-11.9527333837051,1.));
#7771=CARTESIAN_POINT('Ctrl Pts',(69.1289709199524,-11.7331170439757,1.84815581034981E-15));
#7772=CARTESIAN_POINT('Ctrl Pts',(69.1289709199523,-11.7331170439758,1.));
#7773=CARTESIAN_POINT('Ctrl Pts',(69.2539436131517,-11.6238482621056,1.83296269775685E-15));
#7774=CARTESIAN_POINT('Ctrl Pts',(69.2539436131517,-11.6238482621056,1.));
#7775=CARTESIAN_POINT('',(68.3781026197932,-11.9947712900269,1.9398414458943E-15));
#7776=CARTESIAN_POINT('Ctrl Pts',(68.3781026197932,-11.9947712900269,1.9398414458943E-15));
#7777=CARTESIAN_POINT('Ctrl Pts',(68.5452102096256,-11.9807128420148,1.91939166789553E-15));
#7778=CARTESIAN_POINT('Ctrl Pts',(68.8777917178342,-11.9527333837051,1.87869203231235E-15));
#7779=CARTESIAN_POINT('Ctrl Pts',(69.1289709199524,-11.7331170439757,1.84815581034981E-15));
#7780=CARTESIAN_POINT('Ctrl Pts',(69.2539436131517,-11.6238482621056,1.83296269775685E-15));
#7781=CARTESIAN_POINT('',(68.3781026197932,-11.9947712900269,1.));
#7782=CARTESIAN_POINT('',(68.3781026197932,-11.9947712900269,1.9398414458943E-15));
#7783=CARTESIAN_POINT('Ctrl Pts',(68.3781026197932,-11.9947712900269,1.));
#7784=CARTESIAN_POINT('Ctrl Pts',(68.5452102096255,-11.9807128420148,1.));
#7785=CARTESIAN_POINT('Ctrl Pts',(68.8777917178342,-11.9527333837051,1.));
#7786=CARTESIAN_POINT('Ctrl Pts',(69.1289709199523,-11.7331170439758,1.));
#7787=CARTESIAN_POINT('Ctrl Pts',(69.2539436131517,-11.6238482621056,1.));
#7788=CARTESIAN_POINT('Ctrl Pts',(67.1337609886417,-11.1989593653268,2.09303324763662E-15));
#7789=CARTESIAN_POINT('Ctrl Pts',(67.1337609886416,-11.1989593653268,1.));
#7790=CARTESIAN_POINT('Ctrl Pts',(67.2887170936102,-11.4292830650078,2.07382306660632E-15));
#7791=CARTESIAN_POINT('Ctrl Pts',(67.2887170936101,-11.4292830650078,1.));
#7792=CARTESIAN_POINT('Ctrl Pts',(67.5894969392561,-11.8763562981192,2.03653485981835E-15));
#7793=CARTESIAN_POINT('Ctrl Pts',(67.589496939256,-11.8763562981192,1.));
#7794=CARTESIAN_POINT('Ctrl Pts',(68.120609321985,-11.9561067615702,1.971413506104E-15));
#7795=CARTESIAN_POINT('Ctrl Pts',(68.120609321985,-11.9561067615702,1.));
#7796=CARTESIAN_POINT('Ctrl Pts',(68.3781026197932,-11.9947712900269,1.9398414458943E-15));
#7797=CARTESIAN_POINT('Ctrl Pts',(68.3781026197932,-11.9947712900269,1.));
#7798=CARTESIAN_POINT('',(67.1337609886417,-11.1989593653268,2.09303324763662E-15));
#7799=CARTESIAN_POINT('Ctrl Pts',(67.1337609886417,-11.1989593653268,2.09303324763662E-15));
#7800=CARTESIAN_POINT('Ctrl Pts',(67.2887170936102,-11.4292830650078,2.07382306660632E-15));
#7801=CARTESIAN_POINT('Ctrl Pts',(67.5894969392561,-11.8763562981192,2.03653485981835E-15));
#7802=CARTESIAN_POINT('Ctrl Pts',(68.120609321985,-11.9561067615702,1.971413506104E-15));
#7803=CARTESIAN_POINT('Ctrl Pts',(68.3781026197932,-11.9947712900269,1.9398414458943E-15));
#7804=CARTESIAN_POINT('',(67.1337609886416,-11.1989593653268,1.));
#7805=CARTESIAN_POINT('',(67.1337609886417,-11.1989593653268,2.09303324763662E-15));
#7806=CARTESIAN_POINT('Ctrl Pts',(67.1337609886416,-11.1989593653268,1.));
#7807=CARTESIAN_POINT('Ctrl Pts',(67.2887170936101,-11.4292830650078,1.));
#7808=CARTESIAN_POINT('Ctrl Pts',(67.589496939256,-11.8763562981192,1.));
#7809=CARTESIAN_POINT('Ctrl Pts',(68.120609321985,-11.9561067615702,1.));
#7810=CARTESIAN_POINT('Ctrl Pts',(68.3781026197932,-11.9947712900269,1.));
#7811=CARTESIAN_POINT('Ctrl Pts',(66.7758780666961,-8.75226585680097,2.1393474691557E-15));
#7812=CARTESIAN_POINT('Ctrl Pts',(66.775878066696,-8.752265856801,1.));
#7813=CARTESIAN_POINT('Ctrl Pts',(66.7748807894736,-9.26733448824512,2.13894589193848E-15));
#7814=CARTESIAN_POINT('Ctrl Pts',(66.7748807894736,-9.26733448824515,1.));
#7815=CARTESIAN_POINT('Ctrl Pts',(66.7732614649025,-10.1036749480091,2.13829383267108E-15));
#7816=CARTESIAN_POINT('Ctrl Pts',(66.7732614649025,-10.1036749480091,1.));
#7817=CARTESIAN_POINT('Ctrl Pts',(67.033711652355,-10.8949853742902,2.10559440568109E-15));
#7818=CARTESIAN_POINT('Ctrl Pts',(67.0337116523549,-10.8949853742902,1.));
#7819=CARTESIAN_POINT('Ctrl Pts',(67.1337609886417,-11.1989593653268,2.09303324763662E-15));
#7820=CARTESIAN_POINT('Ctrl Pts',(67.1337609886416,-11.1989593653268,1.));
#7821=CARTESIAN_POINT('',(66.7758780666961,-8.75226585680097,2.1393474691557E-15));
#7822=CARTESIAN_POINT('Ctrl Pts',(66.7758780666961,-8.75226585680097,2.1393474691557E-15));
#7823=CARTESIAN_POINT('Ctrl Pts',(66.7748807894736,-9.26733448824512,2.13894589193848E-15));
#7824=CARTESIAN_POINT('Ctrl Pts',(66.7732614649025,-10.1036749480091,2.13829383267108E-15));
#7825=CARTESIAN_POINT('Ctrl Pts',(67.033711652355,-10.8949853742902,2.10559440568109E-15));
#7826=CARTESIAN_POINT('Ctrl Pts',(67.1337609886417,-11.1989593653268,2.09303324763662E-15));
#7827=CARTESIAN_POINT('',(66.775878066696,-8.752265856801,1.));
#7828=CARTESIAN_POINT('',(66.7758780666961,-8.75226585680097,2.1393474691557E-15));
#7829=CARTESIAN_POINT('Ctrl Pts',(66.775878066696,-8.752265856801,1.));
#7830=CARTESIAN_POINT('Ctrl Pts',(66.7748807894736,-9.26733448824515,1.));
#7831=CARTESIAN_POINT('Ctrl Pts',(66.7732614649025,-10.1036749480091,1.));
#7832=CARTESIAN_POINT('Ctrl Pts',(67.0337116523549,-10.8949853742902,1.));
#7833=CARTESIAN_POINT('Ctrl Pts',(67.1337609886416,-11.1989593653268,1.));
#7834=CARTESIAN_POINT('Ctrl Pts',(66.7074495254501,-6.48252789102568,2.15003505199089E-15));
#7835=CARTESIAN_POINT('Ctrl Pts',(66.7074495254501,-6.48252789102571,1.));
#7836=CARTESIAN_POINT('Ctrl Pts',(66.7271706553989,-6.99657054142481,2.14709733230474E-15));
#7837=CARTESIAN_POINT('Ctrl Pts',(66.7271706553988,-6.99657054142484,1.));
#7838=CARTESIAN_POINT('Ctrl Pts',(66.756189999703,-7.7529765231163,2.14277452223944E-15));
#7839=CARTESIAN_POINT('Ctrl Pts',(66.756189999703,-7.75297652311633,1.));
#7840=CARTESIAN_POINT('Ctrl Pts',(66.7711005215301,-8.50977633625975,2.14017908461594E-15));
#7841=CARTESIAN_POINT('Ctrl Pts',(66.7711005215301,-8.50977633625978,1.));
#7842=CARTESIAN_POINT('Ctrl Pts',(66.7758780666961,-8.75226585680097,2.1393474691557E-15));
#7843=CARTESIAN_POINT('Ctrl Pts',(66.775878066696,-8.752265856801,1.));
#7844=CARTESIAN_POINT('',(66.7074495254501,-6.48252789102568,2.15003505199089E-15));
#7845=CARTESIAN_POINT('Ctrl Pts',(66.7074495254501,-6.48252789102568,2.15003505199089E-15));
#7846=CARTESIAN_POINT('Ctrl Pts',(66.7271706553989,-6.99657054142481,2.14709733230474E-15));
#7847=CARTESIAN_POINT('Ctrl Pts',(66.756189999703,-7.7529765231163,2.14277452223944E-15));
#7848=CARTESIAN_POINT('Ctrl Pts',(66.7711005215301,-8.50977633625975,2.14017908461594E-15));
#7849=CARTESIAN_POINT('Ctrl Pts',(66.7758780666961,-8.75226585680097,2.1393474691557E-15));
#7850=CARTESIAN_POINT('',(66.7074495254501,-6.48252789102571,1.));
#7851=CARTESIAN_POINT('',(66.7074495254501,-6.48252789102568,2.15003505199089E-15));
#7852=CARTESIAN_POINT('Ctrl Pts',(66.7074495254501,-6.48252789102571,1.));
#7853=CARTESIAN_POINT('Ctrl Pts',(66.7271706553988,-6.99657054142484,1.));
#7854=CARTESIAN_POINT('Ctrl Pts',(66.756189999703,-7.75297652311633,1.));
#7855=CARTESIAN_POINT('Ctrl Pts',(66.7711005215301,-8.50977633625978,1.));
#7856=CARTESIAN_POINT('Ctrl Pts',(66.775878066696,-8.752265856801,1.));
#7857=CARTESIAN_POINT('Ctrl Pts',(66.6654502352583,-4.53302104050081,2.15716049651909E-15));
#7858=CARTESIAN_POINT('Ctrl Pts',(66.6654502352583,-4.53302104050084,1.));
#7859=CARTESIAN_POINT('Ctrl Pts',(66.6662582695798,-4.82641662629822,2.15676322962527E-15));
#7860=CARTESIAN_POINT('Ctrl Pts',(66.6662582695797,-4.82641662629825,1.));
#7861=CARTESIAN_POINT('Ctrl Pts',(66.668048652221,-5.47650084908553,2.15588299504638E-15));
#7862=CARTESIAN_POINT('Ctrl Pts',(66.668048652221,-5.47650084908556,1.));
#7863=CARTESIAN_POINT('Ctrl Pts',(66.6934902260592,-6.12610348915611,2.15210691439501E-15));
#7864=CARTESIAN_POINT('Ctrl Pts',(66.6934902260592,-6.12610348915614,1.));
#7865=CARTESIAN_POINT('Ctrl Pts',(66.7074495254501,-6.48252789102568,2.15003505199089E-15));
#7866=CARTESIAN_POINT('Ctrl Pts',(66.7074495254501,-6.48252789102571,1.));
#7867=CARTESIAN_POINT('',(66.6654502352583,-4.53302104050081,2.15716049651909E-15));
#7868=CARTESIAN_POINT('Ctrl Pts',(66.6654502352583,-4.53302104050081,2.15716049651909E-15));
#7869=CARTESIAN_POINT('Ctrl Pts',(66.6662582695798,-4.82641662629822,2.15676322962527E-15));
#7870=CARTESIAN_POINT('Ctrl Pts',(66.668048652221,-5.47650084908553,2.15588299504638E-15));
#7871=CARTESIAN_POINT('Ctrl Pts',(66.6934902260592,-6.12610348915611,2.15210691439501E-15));
#7872=CARTESIAN_POINT('Ctrl Pts',(66.7074495254501,-6.48252789102568,2.15003505199089E-15));
#7873=CARTESIAN_POINT('',(66.6654502352583,-4.53302104050084,1.));
#7874=CARTESIAN_POINT('',(66.6654502352583,-4.53302104050081,2.15716049651909E-15));
#7875=CARTESIAN_POINT('Ctrl Pts',(66.6654502352583,-4.53302104050084,1.));
#7876=CARTESIAN_POINT('Ctrl Pts',(66.6662582695797,-4.82641662629825,1.));
#7877=CARTESIAN_POINT('Ctrl Pts',(66.668048652221,-5.47650084908556,1.));
#7878=CARTESIAN_POINT('Ctrl Pts',(66.6934902260592,-6.12610348915614,1.));
#7879=CARTESIAN_POINT('Ctrl Pts',(66.7074495254501,-6.48252789102571,1.));
#7880=CARTESIAN_POINT('Ctrl Pts',(66.7672096284731,-2.78835288676038,2.14647291368389E-15));
#7881=CARTESIAN_POINT('Ctrl Pts',(66.7672096284731,-2.78835288676041,1.));
#7882=CARTESIAN_POINT('Ctrl Pts',(66.7393036533233,-3.08370948121207,2.14958998368226E-15));
#7883=CARTESIAN_POINT('Ctrl Pts',(66.7393036533233,-3.0837094812121,1.));
#7884=CARTESIAN_POINT('Ctrl Pts',(66.6844712808227,-3.66405482734569,2.15571470580158E-15));
#7885=CARTESIAN_POINT('Ctrl Pts',(66.6844712808226,-3.66405482734571,1.));
#7886=CARTESIAN_POINT('Ctrl Pts',(66.6717146180496,-4.24683608954834,2.15668434043924E-15));
#7887=CARTESIAN_POINT('Ctrl Pts',(66.6717146180496,-4.24683608954836,1.));
#7888=CARTESIAN_POINT('Ctrl Pts',(66.6654502352583,-4.53302104050081,2.15716049651909E-15));
#7889=CARTESIAN_POINT('Ctrl Pts',(66.6654502352583,-4.53302104050084,1.));
#7890=CARTESIAN_POINT('',(66.7672096284731,-2.78835288676038,2.14647291368389E-15));
#7891=CARTESIAN_POINT('Ctrl Pts',(66.7672096284731,-2.78835288676038,2.14647291368389E-15));
#7892=CARTESIAN_POINT('Ctrl Pts',(66.7393036533233,-3.08370948121207,2.14958998368226E-15));
#7893=CARTESIAN_POINT('Ctrl Pts',(66.6844712808227,-3.66405482734569,2.15571470580158E-15));
#7894=CARTESIAN_POINT('Ctrl Pts',(66.6717146180496,-4.24683608954834,2.15668434043924E-15));
#7895=CARTESIAN_POINT('Ctrl Pts',(66.6654502352583,-4.53302104050081,2.15716049651909E-15));
#7896=CARTESIAN_POINT('',(66.7672096284731,-2.78835288676041,1.));
#7897=CARTESIAN_POINT('',(66.7672096284731,-2.78835288676038,2.14647291368389E-15));
#7898=CARTESIAN_POINT('Ctrl Pts',(66.7672096284731,-2.78835288676041,1.));
#7899=CARTESIAN_POINT('Ctrl Pts',(66.7393036533233,-3.0837094812121,1.));
#7900=CARTESIAN_POINT('Ctrl Pts',(66.6844712808226,-3.66405482734571,1.));
#7901=CARTESIAN_POINT('Ctrl Pts',(66.6717146180496,-4.24683608954836,1.));
#7902=CARTESIAN_POINT('Ctrl Pts',(66.6654502352583,-4.53302104050084,1.));
#7903=CARTESIAN_POINT('Ctrl Pts',(64.7795727077326,-0.415406353408256,2.39229257450728E-15));
#7904=CARTESIAN_POINT('Ctrl Pts',(64.7795727077326,-0.415406353408285,1.));
#7905=CARTESIAN_POINT('Ctrl Pts',(65.1928648249972,-0.91748892311112,2.3411701316759E-15));
#7906=CARTESIAN_POINT('Ctrl Pts',(65.1928648249972,-0.917488923111149,1.));
#7907=CARTESIAN_POINT('Ctrl Pts',(65.8486458870994,-1.71415604321486,2.26005285782342E-15));
#7908=CARTESIAN_POINT('Ctrl Pts',(65.8486458870994,-1.71415604321489,1.));
#7909=CARTESIAN_POINT('Ctrl Pts',(66.5192423684166,-2.49837230505683,2.17713394054255E-15));
#7910=CARTESIAN_POINT('Ctrl Pts',(66.5192423684166,-2.49837230505686,1.));
#7911=CARTESIAN_POINT('Ctrl Pts',(66.7672096284731,-2.78835288676038,2.14647291368389E-15));
#7912=CARTESIAN_POINT('Ctrl Pts',(66.7672096284731,-2.78835288676041,1.));
#7913=CARTESIAN_POINT('',(64.7795727077326,-0.415406353408256,2.39229257450728E-15));
#7914=CARTESIAN_POINT('Ctrl Pts',(64.7795727077326,-0.415406353408256,2.39229257450728E-15));
#7915=CARTESIAN_POINT('Ctrl Pts',(65.1928648249972,-0.917488923111121,2.3411701316759E-15));
#7916=CARTESIAN_POINT('Ctrl Pts',(65.8486458870994,-1.71415604321486,2.26005285782342E-15));
#7917=CARTESIAN_POINT('Ctrl Pts',(66.5192423684166,-2.49837230505683,2.17713394054255E-15));
#7918=CARTESIAN_POINT('Ctrl Pts',(66.7672096284731,-2.78835288676038,2.14647291368389E-15));
#7919=CARTESIAN_POINT('',(64.7795727077326,-0.415406353408285,1.));
#7920=CARTESIAN_POINT('',(64.7795727077326,-0.415406353408256,2.39229257450728E-15));
#7921=CARTESIAN_POINT('Ctrl Pts',(64.7795727077326,-0.415406353408285,1.));
#7922=CARTESIAN_POINT('Ctrl Pts',(65.1928648249972,-0.917488923111149,1.));
#7923=CARTESIAN_POINT('Ctrl Pts',(65.8486458870994,-1.71415604321489,1.));
#7924=CARTESIAN_POINT('Ctrl Pts',(66.5192423684166,-2.49837230505686,1.));
#7925=CARTESIAN_POINT('Ctrl Pts',(66.7672096284731,-2.78835288676041,1.));
#7926=CARTESIAN_POINT('Ctrl Pts',(61.4915815241121,3.01565032238911,2.79843006555828E-15));
#7927=CARTESIAN_POINT('Ctrl Pts',(61.4915815241121,3.01565032238908,1.));
#7928=CARTESIAN_POINT('Ctrl Pts',(62.0897417060776,2.4567637580121,2.72461083830555E-15));
#7929=CARTESIAN_POINT('Ctrl Pts',(62.0897417060775,2.45676375801207,1.));
#7930=CARTESIAN_POINT('Ctrl Pts',(63.2490327512246,1.37358870077845,2.58154218931497E-15));
#7931=CARTESIAN_POINT('Ctrl Pts',(63.2490327512246,1.37358870077842,1.));
#7932=CARTESIAN_POINT('Ctrl Pts',(64.2803735271295,0.168090249444619,2.45401801476105E-15));
#7933=CARTESIAN_POINT('Ctrl Pts',(64.2803735271295,0.168090249444591,1.));
#7934=CARTESIAN_POINT('Ctrl Pts',(64.7795727077326,-0.415406353408256,2.39229257450728E-15));
#7935=CARTESIAN_POINT('Ctrl Pts',(64.7795727077326,-0.415406353408285,1.));
#7936=CARTESIAN_POINT('',(61.4915815241121,3.01565032238911,2.79843006555828E-15));
#7937=CARTESIAN_POINT('Ctrl Pts',(61.4915815241121,3.01565032238911,2.79843006555828E-15));
#7938=CARTESIAN_POINT('Ctrl Pts',(62.0897417060776,2.4567637580121,2.72461083830555E-15));
#7939=CARTESIAN_POINT('Ctrl Pts',(63.2490327512246,1.37358870077845,2.58154218931497E-15));
#7940=CARTESIAN_POINT('Ctrl Pts',(64.2803735271295,0.168090249444619,2.45401801476105E-15));
#7941=CARTESIAN_POINT('Ctrl Pts',(64.7795727077326,-0.415406353408256,2.39229257450728E-15));
#7942=CARTESIAN_POINT('',(61.4915815241121,3.01565032238908,1.));
#7943=CARTESIAN_POINT('',(61.4915815241121,3.01565032238911,2.79843006555828E-15));
#7944=CARTESIAN_POINT('Ctrl Pts',(61.4915815241121,3.01565032238908,1.));
#7945=CARTESIAN_POINT('Ctrl Pts',(62.0897417060775,2.45676375801207,1.));
#7946=CARTESIAN_POINT('Ctrl Pts',(63.2490327512246,1.37358870077842,1.));
#7947=CARTESIAN_POINT('Ctrl Pts',(64.2803735271295,0.168090249444591,1.));
#7948=CARTESIAN_POINT('Ctrl Pts',(64.7795727077326,-0.415406353408285,1.));
#7949=CARTESIAN_POINT('Ctrl Pts',(60.2506165249999,4.21872201873716,2.9516224512577E-15));
#7950=CARTESIAN_POINT('Ctrl Pts',(60.2506165249998,4.21872201873713,1.));
#7951=CARTESIAN_POINT('Ctrl Pts',(60.389999178041,4.06242131653948,2.9343946663613E-15));
#7952=CARTESIAN_POINT('Ctrl Pts',(60.3899991780409,4.06242131653945,1.));
#7953=CARTESIAN_POINT('Ctrl Pts',(60.7741246645419,3.63167127726157,2.88691651100782E-15));
#7954=CARTESIAN_POINT('Ctrl Pts',(60.7741246645418,3.63167127726155,1.));
#7955=CARTESIAN_POINT('Ctrl Pts',(61.2123618224306,3.25539322114972,2.83286720079743E-15));
#7956=CARTESIAN_POINT('Ctrl Pts',(61.2123618224306,3.25539322114969,1.));
#7957=CARTESIAN_POINT('Ctrl Pts',(61.4915815241121,3.01565032238911,2.79843006555828E-15));
#7958=CARTESIAN_POINT('Ctrl Pts',(61.4915815241121,3.01565032238908,1.));
#7959=CARTESIAN_POINT('',(60.2506165249999,4.21872201873716,2.9516224512577E-15));
#7960=CARTESIAN_POINT('Ctrl Pts',(60.2506165249999,4.21872201873716,2.9516224512577E-15));
#7961=CARTESIAN_POINT('Ctrl Pts',(60.389999178041,4.06242131653948,2.9343946663613E-15));
#7962=CARTESIAN_POINT('Ctrl Pts',(60.7741246645419,3.63167127726157,2.88691651100782E-15));
#7963=CARTESIAN_POINT('Ctrl Pts',(61.2123618224306,3.25539322114972,2.83286720079743E-15));
#7964=CARTESIAN_POINT('Ctrl Pts',(61.4915815241121,3.01565032238911,2.79843006555828E-15));
#7965=CARTESIAN_POINT('',(60.2506165249998,4.21872201873713,1.));
#7966=CARTESIAN_POINT('',(60.2506165249999,4.21872201873716,2.9516224512577E-15));
#7967=CARTESIAN_POINT('Ctrl Pts',(60.2506165249998,4.21872201873713,1.));
#7968=CARTESIAN_POINT('Ctrl Pts',(60.3899991780409,4.06242131653945,1.));
#7969=CARTESIAN_POINT('Ctrl Pts',(60.7741246645418,3.63167127726155,1.));
#7970=CARTESIAN_POINT('Ctrl Pts',(61.2123618224306,3.25539322114969,1.));
#7971=CARTESIAN_POINT('Ctrl Pts',(61.4915815241121,3.01565032238908,1.));
#7972=CARTESIAN_POINT('Ctrl Pts',(60.1797319760174,4.32208871605821,2.96040810539834E-15));
#7973=CARTESIAN_POINT('Ctrl Pts',(60.1797319760174,4.32208871605818,1.));
#7974=CARTESIAN_POINT('Ctrl Pts',(60.2030315847097,4.2875156680309,2.95751967192598E-15));
#7975=CARTESIAN_POINT('Ctrl Pts',(60.2030315847097,4.28751566803087,1.));
#7976=CARTESIAN_POINT('Ctrl Pts',(60.2268240548548,4.25311884338403,2.95457106159184E-15));
#7977=CARTESIAN_POINT('Ctrl Pts',(60.2268240548548,4.253118843384,1.));
#7978=CARTESIAN_POINT('Ctrl Pts',(60.2506165249999,4.21872201873716,2.9516224512577E-15));
#7979=CARTESIAN_POINT('Ctrl Pts',(60.2506165249998,4.21872201873713,1.));
#7980=CARTESIAN_POINT('Ctrl Pts',(60.1797319760174,4.32208871605821,2.96040810539834E-15));
#7981=CARTESIAN_POINT('Ctrl Pts',(60.2030315847097,4.2875156680309,2.95751967192598E-15));
#7982=CARTESIAN_POINT('Ctrl Pts',(60.2268240548548,4.25311884338403,2.95457106159184E-15));
#7983=CARTESIAN_POINT('Ctrl Pts',(60.2506165249999,4.21872201873716,2.9516224512577E-15));
#7984=CARTESIAN_POINT('Ctrl Pts',(60.1797319760174,4.32208871605818,1.));
#7985=CARTESIAN_POINT('Ctrl Pts',(60.2030315847097,4.28751566803087,1.));
#7986=CARTESIAN_POINT('Ctrl Pts',(60.2268240548548,4.253118843384,1.));
#7987=CARTESIAN_POINT('Ctrl Pts',(60.2506165249998,4.21872201873713,1.));
#7988=CARTESIAN_POINT('Origin',(84.2227577766376,-12.4298780003451,1.00000000000249));
#7989=CARTESIAN_POINT('Ctrl Pts',(48.1410322857191,-21.1943424591033,4.40872855674879E-15));
#7990=CARTESIAN_POINT('Ctrl Pts',(48.1410322857191,-21.1943424591034,1.));
#7991=CARTESIAN_POINT('Ctrl Pts',(46.9613216974767,-19.2651788605757,4.55515796469736E-15));
#7992=CARTESIAN_POINT('Ctrl Pts',(46.9613216974766,-19.2651788605757,1.));
#7993=CARTESIAN_POINT('Ctrl Pts',(44.4262993609198,-15.1196936357411,4.86981295175774E-15));
#7994=CARTESIAN_POINT('Ctrl Pts',(44.4262993609197,-15.1196936357411,1.));
#7995=CARTESIAN_POINT('Ctrl Pts',(42.4047154261926,-10.7001455070655,5.12187069429932E-15));
#7996=CARTESIAN_POINT('Ctrl Pts',(42.4047154261926,-10.7001455070655,1.00000000000001));
#7997=CARTESIAN_POINT('Ctrl Pts',(41.3239058343289,-8.33730025136227,5.25662959357758E-15));
#7998=CARTESIAN_POINT('Ctrl Pts',(41.3239058343288,-8.3373002513623,1.00000000000001));
#7999=CARTESIAN_POINT('',(48.1410322857191,-21.1943424591033,4.40872855674879E-15));
#8000=CARTESIAN_POINT('',(41.3239058343289,-8.33730025136227,5.25662959357758E-15));
#8001=CARTESIAN_POINT('Ctrl Pts',(48.1410322857191,-21.1943424591033,4.40872855674879E-15));
#8002=CARTESIAN_POINT('Ctrl Pts',(46.9613216974767,-19.2651788605757,4.55515796469736E-15));
#8003=CARTESIAN_POINT('Ctrl Pts',(44.4262993609198,-15.1196936357411,4.86981295175774E-15));
#8004=CARTESIAN_POINT('Ctrl Pts',(42.4047154261926,-10.7001455070655,5.12187069429932E-15));
#8005=CARTESIAN_POINT('Ctrl Pts',(41.3239058343289,-8.33730025136227,5.25662959357758E-15));
#8006=CARTESIAN_POINT('',(48.1410322857191,-21.1943424591034,1.));
#8007=CARTESIAN_POINT('',(48.1410322857191,-21.1943424591033,4.40872855674879E-15));
#8008=CARTESIAN_POINT('',(41.3239058343288,-8.3373002513623,1.00000000000001));
#8009=CARTESIAN_POINT('Ctrl Pts',(48.1410322857191,-21.1943424591034,1.));
#8010=CARTESIAN_POINT('Ctrl Pts',(46.9613216974766,-19.2651788605757,1.));
#8011=CARTESIAN_POINT('Ctrl Pts',(44.4262993609197,-15.1196936357411,1.));
#8012=CARTESIAN_POINT('Ctrl Pts',(42.4047154261926,-10.7001455070655,1.00000000000001));
#8013=CARTESIAN_POINT('Ctrl Pts',(41.3239058343288,-8.3373002513623,1.00000000000001));
#8014=CARTESIAN_POINT('',(41.3239058343289,-8.33730025136227,5.25662959357758E-15));
#8015=CARTESIAN_POINT('Ctrl Pts',(53.906118164338,-27.6133376776125,3.69620687825604E-15));
#8016=CARTESIAN_POINT('Ctrl Pts',(53.9061181643379,-27.6133376776126,1.));
#8017=CARTESIAN_POINT('Ctrl Pts',(53.1268915267247,-27.1086492900244,3.79214447991289E-15));
#8018=CARTESIAN_POINT('Ctrl Pts',(53.1268915267246,-27.1086492900244,1.));
#8019=CARTESIAN_POINT('Ctrl Pts',(50.6650127509107,-25.514143186372,4.09524852425733E-15));
#8020=CARTESIAN_POINT('Ctrl Pts',(50.6650127509106,-25.514143186372,1.));
#8021=CARTESIAN_POINT('Ctrl Pts',(49.1657516603944,-22.9481529822099,4.28145773698694E-15));
#8022=CARTESIAN_POINT('Ctrl Pts',(49.1657516603943,-22.9481529822099,1.));
#8023=CARTESIAN_POINT('Ctrl Pts',(48.1410322857191,-21.1943424591033,4.40872855674879E-15));
#8024=CARTESIAN_POINT('Ctrl Pts',(48.1410322857191,-21.1943424591034,1.));
#8025=CARTESIAN_POINT('',(53.906118164338,-27.6133376776125,3.69620687825604E-15));
#8026=CARTESIAN_POINT('Ctrl Pts',(53.906118164338,-27.6133376776125,3.69620687825604E-15));
#8027=CARTESIAN_POINT('Ctrl Pts',(53.1268915267247,-27.1086492900244,3.79214447991289E-15));
#8028=CARTESIAN_POINT('Ctrl Pts',(50.6650127509107,-25.514143186372,4.09524852425733E-15));
#8029=CARTESIAN_POINT('Ctrl Pts',(49.1657516603944,-22.9481529822099,4.28145773698694E-15));
#8030=CARTESIAN_POINT('Ctrl Pts',(48.1410322857191,-21.1943424591033,4.40872855674879E-15));
#8031=CARTESIAN_POINT('',(53.9061181643379,-27.6133376776126,1.));
#8032=CARTESIAN_POINT('',(53.906118164338,-27.6133376776125,3.69620687825604E-15));
#8033=CARTESIAN_POINT('Ctrl Pts',(53.9061181643379,-27.6133376776126,1.));
#8034=CARTESIAN_POINT('Ctrl Pts',(53.1268915267246,-27.1086492900244,1.));
#8035=CARTESIAN_POINT('Ctrl Pts',(50.6650127509106,-25.514143186372,1.));
#8036=CARTESIAN_POINT('Ctrl Pts',(49.1657516603943,-22.9481529822099,1.));
#8037=CARTESIAN_POINT('Ctrl Pts',(48.1410322857191,-21.1943424591034,1.));
#8038=CARTESIAN_POINT('Ctrl Pts',(54.4641385318509,-26.9779474584051,3.62851749106657E-15));
#8039=CARTESIAN_POINT('Ctrl Pts',(54.4641385318509,-26.9779474584051,1.));
#8040=CARTESIAN_POINT('Ctrl Pts',(54.4454442914668,-27.1642723745326,3.63061734749495E-15));
#8041=CARTESIAN_POINT('Ctrl Pts',(54.4454442914667,-27.1642723745326,1.));
#8042=CARTESIAN_POINT('Ctrl Pts',(54.4101196152405,-27.5163523307028,3.63458524064971E-15));
#8043=CARTESIAN_POINT('Ctrl Pts',(54.4101196152405,-27.5163523307028,1.));
#8044=CARTESIAN_POINT('Ctrl Pts',(54.0674451918407,-27.58229340641,3.67648226117989E-15));
#8045=CARTESIAN_POINT('Ctrl Pts',(54.0674451918406,-27.5822934064101,1.));
#8046=CARTESIAN_POINT('Ctrl Pts',(53.906118164338,-27.6133376776125,3.69620687825604E-15));
#8047=CARTESIAN_POINT('Ctrl Pts',(53.9061181643379,-27.6133376776126,1.));
#8048=CARTESIAN_POINT('',(54.4641385318509,-26.9779474584051,3.62851749106657E-15));
#8049=CARTESIAN_POINT('Ctrl Pts',(54.4641385318509,-26.9779474584051,3.62851749106657E-15));
#8050=CARTESIAN_POINT('Ctrl Pts',(54.4454442914668,-27.1642723745326,3.63061734749495E-15));
#8051=CARTESIAN_POINT('Ctrl Pts',(54.4101196152405,-27.5163523307028,3.63458524064971E-15));
#8052=CARTESIAN_POINT('Ctrl Pts',(54.0674451918407,-27.58229340641,3.67648226117989E-15));
#8053=CARTESIAN_POINT('Ctrl Pts',(53.906118164338,-27.6133376776125,3.69620687825604E-15));
#8054=CARTESIAN_POINT('',(54.4641385318509,-26.9779474584051,1.));
#8055=CARTESIAN_POINT('',(54.4641385318509,-26.9779474584051,3.62851749106657E-15));
#8056=CARTESIAN_POINT('Ctrl Pts',(54.4641385318509,-26.9779474584051,1.));
#8057=CARTESIAN_POINT('Ctrl Pts',(54.4454442914667,-27.1642723745326,1.));
#8058=CARTESIAN_POINT('Ctrl Pts',(54.4101196152405,-27.5163523307028,1.));
#8059=CARTESIAN_POINT('Ctrl Pts',(54.0674451918406,-27.5822934064101,1.));
#8060=CARTESIAN_POINT('Ctrl Pts',(53.9061181643379,-27.6133376776126,1.));
#8061=CARTESIAN_POINT('Ctrl Pts',(52.0366645667276,-21.5176059948818,3.93133895624423E-15));
#8062=CARTESIAN_POINT('Ctrl Pts',(52.0366645667276,-21.5176059948818,1.));
#8063=CARTESIAN_POINT('Ctrl Pts',(52.7235850694415,-22.6276558685784,3.84608969529056E-15));
#8064=CARTESIAN_POINT('Ctrl Pts',(52.7235850694415,-22.6276558685785,1.));
#8065=CARTESIAN_POINT('Ctrl Pts',(53.7858004014411,-24.3441747240592,3.71426502028253E-15));
#8066=CARTESIAN_POINT('Ctrl Pts',(53.7858004014411,-24.3441747240592,1.));
#8067=CARTESIAN_POINT('Ctrl Pts',(54.2870428843165,-26.2903409876238,3.65090384018983E-15));
#8068=CARTESIAN_POINT('Ctrl Pts',(54.2870428843165,-26.2903409876238,1.));
#8069=CARTESIAN_POINT('Ctrl Pts',(54.4641385318509,-26.9779474584051,3.62851749106657E-15));
#8070=CARTESIAN_POINT('Ctrl Pts',(54.4641385318509,-26.9779474584051,1.));
#8071=CARTESIAN_POINT('',(52.0366645667276,-21.5176059948818,3.93133895624423E-15));
#8072=CARTESIAN_POINT('Ctrl Pts',(52.0366645667276,-21.5176059948818,3.93133895624423E-15));
#8073=CARTESIAN_POINT('Ctrl Pts',(52.7235850694415,-22.6276558685784,3.84608969529056E-15));
#8074=CARTESIAN_POINT('Ctrl Pts',(53.7858004014411,-24.3441747240592,3.71426502028253E-15));
#8075=CARTESIAN_POINT('Ctrl Pts',(54.2870428843165,-26.2903409876238,3.65090384018983E-15));
#8076=CARTESIAN_POINT('Ctrl Pts',(54.4641385318509,-26.9779474584051,3.62851749106657E-15));
#8077=CARTESIAN_POINT('',(52.0366645667276,-21.5176059948818,1.));
#8078=CARTESIAN_POINT('',(52.0366645667276,-21.5176059948818,3.93133895624423E-15));
#8079=CARTESIAN_POINT('Ctrl Pts',(52.0366645667276,-21.5176059948818,1.));
#8080=CARTESIAN_POINT('Ctrl Pts',(52.7235850694415,-22.6276558685785,1.));
#8081=CARTESIAN_POINT('Ctrl Pts',(53.7858004014411,-24.3441747240592,1.));
#8082=CARTESIAN_POINT('Ctrl Pts',(54.2870428843165,-26.2903409876238,1.));
#8083=CARTESIAN_POINT('Ctrl Pts',(54.4641385318509,-26.9779474584051,1.));
#8084=CARTESIAN_POINT('Ctrl Pts',(41.3239058343289,-8.33730025136227,5.25662959357758E-15));
#8085=CARTESIAN_POINT('Ctrl Pts',(41.3239058343288,-8.3373002513623,1.00000000000001));
#8086=CARTESIAN_POINT('Ctrl Pts',(43.2995261355993,-10.2402921954676,5.01275932731178E-15));
#8087=CARTESIAN_POINT('Ctrl Pts',(43.2995261355992,-10.2402921954676,1.00000000000001));
#8088=CARTESIAN_POINT('Ctrl Pts',(47.4059571002951,-14.1957612903215,4.50586212033401E-15));
#8089=CARTESIAN_POINT('Ctrl Pts',(47.4059571002951,-14.1957612903215,1.));
#8090=CARTESIAN_POINT('Ctrl Pts',(50.4546894827111,-19.0162655462319,4.12761162891222E-15));
#8091=CARTESIAN_POINT('Ctrl Pts',(50.4546894827111,-19.016265546232,1.));
#8092=CARTESIAN_POINT('Ctrl Pts',(52.0366645667276,-21.5176059948818,3.93133895624423E-15));
#8093=CARTESIAN_POINT('Ctrl Pts',(52.0366645667276,-21.5176059948818,1.));
#8094=CARTESIAN_POINT('Ctrl Pts',(41.3239058343289,-8.33730025136227,5.25662959357758E-15));
#8095=CARTESIAN_POINT('Ctrl Pts',(43.2995261355993,-10.2402921954676,5.01275932731178E-15));
#8096=CARTESIAN_POINT('Ctrl Pts',(47.4059571002951,-14.1957612903215,4.50586212033401E-15));
#8097=CARTESIAN_POINT('Ctrl Pts',(50.4546894827111,-19.0162655462319,4.12761162891222E-15));
#8098=CARTESIAN_POINT('Ctrl Pts',(52.0366645667276,-21.5176059948818,3.93133895624423E-15));
#8099=CARTESIAN_POINT('Ctrl Pts',(41.3239058343288,-8.3373002513623,1.00000000000001));
#8100=CARTESIAN_POINT('Ctrl Pts',(43.2995261355992,-10.2402921954676,1.00000000000001));
#8101=CARTESIAN_POINT('Ctrl Pts',(47.4059571002951,-14.1957612903215,1.));
#8102=CARTESIAN_POINT('Ctrl Pts',(50.4546894827111,-19.016265546232,1.));
#8103=CARTESIAN_POINT('Ctrl Pts',(52.0366645667276,-21.5176059948818,1.));
#8104=CARTESIAN_POINT('Ctrl Pts',(42.5303589111287,-6.6890779042952,5.11056265240635E-15));
#8105=CARTESIAN_POINT('Ctrl Pts',(42.5303589111286,-6.68907790429523,1.00000000000001));
#8106=CARTESIAN_POINT('Ctrl Pts',(42.0642734073551,-6.25300534266894,5.16808308085251E-15));
#8107=CARTESIAN_POINT('Ctrl Pts',(42.0642734073551,-6.25300534266897,1.00000000000001));
#8108=CARTESIAN_POINT('Ctrl Pts',(40.9915913905056,-5.24939722546542,5.30046464753102E-15));
#8109=CARTESIAN_POINT('Ctrl Pts',(40.9915913905056,-5.24939722546545,1.00000000000001));
#8110=CARTESIAN_POINT('Ctrl Pts',(39.9090809152274,-4.25639361966464,5.43403902943371E-15));
#8111=CARTESIAN_POINT('Ctrl Pts',(39.9090809152274,-4.25639361966467,1.00000000000001));
#8112=CARTESIAN_POINT('Ctrl Pts',(39.2969264562568,-3.6948548642003,5.50957469892916E-15));
#8113=CARTESIAN_POINT('Ctrl Pts',(39.2969264562568,-3.69485486420033,1.00000000000001));
#8114=CARTESIAN_POINT('',(42.5303589111287,-6.6890779042952,5.11056265240635E-15));
#8115=CARTESIAN_POINT('',(39.2969264562568,-3.6948548642003,5.50957469892916E-15));
#8116=CARTESIAN_POINT('Ctrl Pts',(42.5303589111287,-6.6890779042952,5.11056265240635E-15));
#8117=CARTESIAN_POINT('Ctrl Pts',(42.0642734073551,-6.25300534266894,5.16808308085251E-15));
#8118=CARTESIAN_POINT('Ctrl Pts',(40.9915913905056,-5.24939722546542,5.30046464753102E-15));
#8119=CARTESIAN_POINT('Ctrl Pts',(39.9090809152274,-4.25639361966464,5.43403902943371E-15));
#8120=CARTESIAN_POINT('Ctrl Pts',(39.2969264562568,-3.6948548642003,5.50957469892916E-15));
#8121=CARTESIAN_POINT('',(42.5303589111286,-6.68907790429523,1.00000000000001));
#8122=CARTESIAN_POINT('',(42.5303589111287,-6.6890779042952,5.11056265240635E-15));
#8123=CARTESIAN_POINT('',(39.2969264562568,-3.69485486420033,1.00000000000001));
#8124=CARTESIAN_POINT('Ctrl Pts',(42.5303589111286,-6.68907790429523,1.00000000000001));
#8125=CARTESIAN_POINT('Ctrl Pts',(42.0642734073551,-6.25300534266897,1.00000000000001));
#8126=CARTESIAN_POINT('Ctrl Pts',(40.9915913905056,-5.24939722546545,1.00000000000001));
#8127=CARTESIAN_POINT('Ctrl Pts',(39.9090809152274,-4.25639361966467,1.00000000000001));
#8128=CARTESIAN_POINT('Ctrl Pts',(39.2969264562568,-3.69485486420033,1.00000000000001));
#8129=CARTESIAN_POINT('',(39.2969264562568,-3.6948548642003,5.50957469892916E-15));
#8130=CARTESIAN_POINT('Ctrl Pts',(50.2564109237752,-15.189879373233,4.15578345139722E-15));
#8131=CARTESIAN_POINT('Ctrl Pts',(50.2564109237752,-15.189879373233,1.));
#8132=CARTESIAN_POINT('Ctrl Pts',(49.1023137791029,-13.7495782595597,4.2985791665639E-15));
#8133=CARTESIAN_POINT('Ctrl Pts',(49.1023137791029,-13.7495782595598,1.));
#8134=CARTESIAN_POINT('Ctrl Pts',(46.7035669676878,-10.7559674358517,4.59537460360407E-15));
#8135=CARTESIAN_POINT('Ctrl Pts',(46.7035669676878,-10.7559674358517,1.));
#8136=CARTESIAN_POINT('Ctrl Pts',(43.9560017276554,-8.07840040336369,4.93456516294952E-15));
#8137=CARTESIAN_POINT('Ctrl Pts',(43.9560017276554,-8.07840040336371,1.00000000000001));
#8138=CARTESIAN_POINT('Ctrl Pts',(42.5303589111287,-6.6890779042952,5.11056265240635E-15));
#8139=CARTESIAN_POINT('Ctrl Pts',(42.5303589111286,-6.68907790429523,1.00000000000001));
#8140=CARTESIAN_POINT('',(50.2564109237752,-15.189879373233,4.15578345139722E-15));
#8141=CARTESIAN_POINT('Ctrl Pts',(50.2564109237752,-15.189879373233,4.15578345139722E-15));
#8142=CARTESIAN_POINT('Ctrl Pts',(49.1023137791029,-13.7495782595597,4.2985791665639E-15));
#8143=CARTESIAN_POINT('Ctrl Pts',(46.7035669676878,-10.7559674358517,4.59537460360407E-15));
#8144=CARTESIAN_POINT('Ctrl Pts',(43.9560017276554,-8.07840040336369,4.93456516294952E-15));
#8145=CARTESIAN_POINT('Ctrl Pts',(42.5303589111287,-6.6890779042952,5.11056265240635E-15));
#8146=CARTESIAN_POINT('',(50.2564109237752,-15.189879373233,1.));
#8147=CARTESIAN_POINT('',(50.2564109237752,-15.189879373233,4.15578345139722E-15));
#8148=CARTESIAN_POINT('Ctrl Pts',(50.2564109237752,-15.189879373233,1.));
#8149=CARTESIAN_POINT('Ctrl Pts',(49.1023137791029,-13.7495782595598,1.));
#8150=CARTESIAN_POINT('Ctrl Pts',(46.7035669676878,-10.7559674358517,1.));
#8151=CARTESIAN_POINT('Ctrl Pts',(43.9560017276554,-8.07840040336371,1.00000000000001));
#8152=CARTESIAN_POINT('Ctrl Pts',(42.5303589111286,-6.68907790429523,1.00000000000001));
#8153=CARTESIAN_POINT('Ctrl Pts',(57.4163333292906,-28.8061576895717,3.26513149927055E-15));
#8154=CARTESIAN_POINT('Ctrl Pts',(57.4163333292906,-28.8061576895717,1.));
#8155=CARTESIAN_POINT('Ctrl Pts',(56.909841697358,-26.9519925147439,3.32904194899214E-15));
#8156=CARTESIAN_POINT('Ctrl Pts',(56.909841697358,-26.9519925147439,1.));
#8157=CARTESIAN_POINT('Ctrl Pts',(55.5366849816445,-21.9251387597431,3.50231048435692E-15));
#8158=CARTESIAN_POINT('Ctrl Pts',(55.5366849816445,-21.9251387597431,1.));
#8159=CARTESIAN_POINT('Ctrl Pts',(52.2995329077573,-17.7959858687647,3.90293199515352E-15));
#8160=CARTESIAN_POINT('Ctrl Pts',(52.2995329077573,-17.7959858687647,1.));
#8161=CARTESIAN_POINT('Ctrl Pts',(50.2564109237752,-15.189879373233,4.15578345139722E-15));
#8162=CARTESIAN_POINT('Ctrl Pts',(50.2564109237752,-15.189879373233,1.));
#8163=CARTESIAN_POINT('',(57.4163333292906,-28.8061576895717,3.26513149927055E-15));
#8164=CARTESIAN_POINT('Ctrl Pts',(57.4163333292906,-28.8061576895717,3.26513149927055E-15));
#8165=CARTESIAN_POINT('Ctrl Pts',(56.909841697358,-26.9519925147439,3.32904194899214E-15));
#8166=CARTESIAN_POINT('Ctrl Pts',(55.5366849816445,-21.9251387597431,3.50231048435692E-15));
#8167=CARTESIAN_POINT('Ctrl Pts',(52.2995329077573,-17.7959858687647,3.90293199515352E-15));
#8168=CARTESIAN_POINT('Ctrl Pts',(50.2564109237752,-15.189879373233,4.15578345139722E-15));
#8169=CARTESIAN_POINT('',(57.4163333292906,-28.8061576895717,1.));
#8170=CARTESIAN_POINT('',(57.4163333292906,-28.8061576895717,3.26513149927055E-15));
#8171=CARTESIAN_POINT('Ctrl Pts',(57.4163333292906,-28.8061576895717,1.));
#8172=CARTESIAN_POINT('Ctrl Pts',(56.909841697358,-26.9519925147439,1.));
#8173=CARTESIAN_POINT('Ctrl Pts',(55.5366849816445,-21.9251387597431,1.));
#8174=CARTESIAN_POINT('Ctrl Pts',(52.2995329077573,-17.7959858687647,1.));
#8175=CARTESIAN_POINT('Ctrl Pts',(50.2564109237752,-15.189879373233,1.));
#8176=CARTESIAN_POINT('Ctrl Pts',(56.8217347813663,-30.3430911819072,3.33638360872412E-15));
#8177=CARTESIAN_POINT('Ctrl Pts',(56.8217347813662,-30.3430911819072,1.));
#8178=CARTESIAN_POINT('Ctrl Pts',(56.9933416568234,-30.1136330732438,3.3156018571821E-15));
#8179=CARTESIAN_POINT('Ctrl Pts',(56.9933416568233,-30.1136330732438,1.));
#8180=CARTESIAN_POINT('Ctrl Pts',(57.3350632207325,-29.6567120813826,3.27421905932629E-15));
#8181=CARTESIAN_POINT('Ctrl Pts',(57.3350632207325,-29.6567120813826,1.));
#8182=CARTESIAN_POINT('Ctrl Pts',(57.3893222703161,-29.0888492627202,3.2681518547857E-15));
#8183=CARTESIAN_POINT('Ctrl Pts',(57.3893222703161,-29.0888492627202,1.));
#8184=CARTESIAN_POINT('Ctrl Pts',(57.4163333292906,-28.8061576895717,3.26513149927055E-15));
#8185=CARTESIAN_POINT('Ctrl Pts',(57.4163333292906,-28.8061576895717,1.));
#8186=CARTESIAN_POINT('',(56.8217347813663,-30.3430911819072,3.33638360872412E-15));
#8187=CARTESIAN_POINT('Ctrl Pts',(56.8217347813663,-30.3430911819072,3.33638360872412E-15));
#8188=CARTESIAN_POINT('Ctrl Pts',(56.9933416568234,-30.1136330732438,3.3156018571821E-15));
#8189=CARTESIAN_POINT('Ctrl Pts',(57.3350632207325,-29.6567120813826,3.27421905932629E-15));
#8190=CARTESIAN_POINT('Ctrl Pts',(57.3893222703161,-29.0888492627202,3.2681518547857E-15));
#8191=CARTESIAN_POINT('Ctrl Pts',(57.4163333292906,-28.8061576895717,3.26513149927055E-15));
#8192=CARTESIAN_POINT('',(56.8217347813662,-30.3430911819072,1.));
#8193=CARTESIAN_POINT('',(56.8217347813663,-30.3430911819072,3.33638360872412E-15));
#8194=CARTESIAN_POINT('Ctrl Pts',(56.8217347813662,-30.3430911819072,1.));
#8195=CARTESIAN_POINT('Ctrl Pts',(56.9933416568233,-30.1136330732438,1.));
#8196=CARTESIAN_POINT('Ctrl Pts',(57.3350632207325,-29.6567120813826,1.));
#8197=CARTESIAN_POINT('Ctrl Pts',(57.3893222703161,-29.0888492627202,1.));
#8198=CARTESIAN_POINT('Ctrl Pts',(57.4163333292906,-28.8061576895717,1.));
#8199=CARTESIAN_POINT('Ctrl Pts',(55.3907765176314,-31.0003264012209,3.51095116009393E-15));
#8200=CARTESIAN_POINT('Ctrl Pts',(55.3907765176313,-31.0003264012209,1.));
#8201=CARTESIAN_POINT('Ctrl Pts',(55.668423402967,-30.9749326397347,3.4769762145932E-15));
#8202=CARTESIAN_POINT('Ctrl Pts',(55.668423402967,-30.9749326397347,1.));
#8203=CARTESIAN_POINT('Ctrl Pts',(56.2228203889406,-30.9242271372636,3.40913606086178E-15));
#8204=CARTESIAN_POINT('Ctrl Pts',(56.2228203889405,-30.9242271372637,1.));
#8205=CARTESIAN_POINT('Ctrl Pts',(56.6223120545742,-30.5365941571566,3.36060826014272E-15));
#8206=CARTESIAN_POINT('Ctrl Pts',(56.6223120545742,-30.5365941571566,1.));
#8207=CARTESIAN_POINT('Ctrl Pts',(56.8217347813663,-30.3430911819072,3.33638360872412E-15));
#8208=CARTESIAN_POINT('Ctrl Pts',(56.8217347813662,-30.3430911819072,1.));
#8209=CARTESIAN_POINT('',(55.3907765176314,-31.0003264012209,3.51095116009393E-15));
#8210=CARTESIAN_POINT('Ctrl Pts',(55.3907765176314,-31.0003264012209,3.51095116009393E-15));
#8211=CARTESIAN_POINT('Ctrl Pts',(55.668423402967,-30.9749326397347,3.4769762145932E-15));
#8212=CARTESIAN_POINT('Ctrl Pts',(56.2228203889406,-30.9242271372636,3.40913606086178E-15));
#8213=CARTESIAN_POINT('Ctrl Pts',(56.6223120545742,-30.5365941571566,3.36060826014272E-15));
#8214=CARTESIAN_POINT('Ctrl Pts',(56.8217347813663,-30.3430911819072,3.33638360872412E-15));
#8215=CARTESIAN_POINT('',(55.3907765176313,-31.0003264012209,1.));
#8216=CARTESIAN_POINT('',(55.3907765176314,-31.0003264012209,3.51095116009393E-15));
#8217=CARTESIAN_POINT('Ctrl Pts',(55.3907765176313,-31.0003264012209,1.));
#8218=CARTESIAN_POINT('Ctrl Pts',(55.668423402967,-30.9749326397347,1.));
#8219=CARTESIAN_POINT('Ctrl Pts',(56.2228203889405,-30.9242271372637,1.));
#8220=CARTESIAN_POINT('Ctrl Pts',(56.6223120545742,-30.5365941571566,1.));
#8221=CARTESIAN_POINT('Ctrl Pts',(56.8217347813662,-30.3430911819072,1.));
#8222=CARTESIAN_POINT('Ctrl Pts',(48.5418758524889,-25.4741818333606,4.35528947465862E-15));
#8223=CARTESIAN_POINT('Ctrl Pts',(48.5418758524889,-25.4741818333606,1.));
#8224=CARTESIAN_POINT('Ctrl Pts',(49.6604498165179,-27.0418404894097,4.21671445168606E-15));
#8225=CARTESIAN_POINT('Ctrl Pts',(49.6604498165179,-27.0418404894097,1.));
#8226=CARTESIAN_POINT('Ctrl Pts',(51.4548536704128,-29.5566609880684,3.99441394830239E-15));
#8227=CARTESIAN_POINT('Ctrl Pts',(51.4548536704127,-29.5566609880684,1.));
#8228=CARTESIAN_POINT('Ctrl Pts',(54.3139495529464,-30.6053547757064,3.64322147812939E-15));
#8229=CARTESIAN_POINT('Ctrl Pts',(54.3139495529464,-30.6053547757064,1.));
#8230=CARTESIAN_POINT('Ctrl Pts',(55.3907765176314,-31.0003264012209,3.51095116009393E-15));
#8231=CARTESIAN_POINT('Ctrl Pts',(55.3907765176313,-31.0003264012209,1.));
#8232=CARTESIAN_POINT('',(48.5418758524889,-25.4741818333606,4.35528947465862E-15));
#8233=CARTESIAN_POINT('Ctrl Pts',(48.5418758524889,-25.4741818333606,4.35528947465862E-15));
#8234=CARTESIAN_POINT('Ctrl Pts',(49.6604498165179,-27.0418404894097,4.21671445168606E-15));
#8235=CARTESIAN_POINT('Ctrl Pts',(51.4548536704128,-29.5566609880684,3.99441394830239E-15));
#8236=CARTESIAN_POINT('Ctrl Pts',(54.3139495529464,-30.6053547757064,3.64322147812939E-15));
#8237=CARTESIAN_POINT('Ctrl Pts',(55.3907765176314,-31.0003264012209,3.51095116009393E-15));
#8238=CARTESIAN_POINT('',(48.5418758524889,-25.4741818333606,1.));
#8239=CARTESIAN_POINT('',(48.5418758524889,-25.4741818333606,4.35528947465862E-15));
#8240=CARTESIAN_POINT('Ctrl Pts',(48.5418758524889,-25.4741818333606,1.));
#8241=CARTESIAN_POINT('Ctrl Pts',(49.6604498165179,-27.0418404894097,1.));
#8242=CARTESIAN_POINT('Ctrl Pts',(51.4548536704127,-29.5566609880684,1.));
#8243=CARTESIAN_POINT('Ctrl Pts',(54.3139495529464,-30.6053547757064,1.));
#8244=CARTESIAN_POINT('Ctrl Pts',(55.3907765176313,-31.0003264012209,1.));
#8245=CARTESIAN_POINT('Ctrl Pts',(38.4750270881154,-8.08091100271671,5.60576528027431E-15));
#8246=CARTESIAN_POINT('Ctrl Pts',(38.4750270881154,-8.08091100271674,1.00000000000001));
#8247=CARTESIAN_POINT('Ctrl Pts',(40.0472408934502,-11.3377840104108,5.4099197784978E-15));
#8248=CARTESIAN_POINT('Ctrl Pts',(40.0472408934502,-11.3377840104109,1.00000000000001));
#8249=CARTESIAN_POINT('Ctrl Pts',(42.9684948537608,-17.3892212511169,5.04602878241802E-15));
#8250=CARTESIAN_POINT('Ctrl Pts',(42.9684948537608,-17.3892212511169,1.00000000000001));
#8251=CARTESIAN_POINT('Ctrl Pts',(46.7811739984062,-22.9200400851846,4.57350279618416E-15));
#8252=CARTESIAN_POINT('Ctrl Pts',(46.7811739984061,-22.9200400851846,1.));
#8253=CARTESIAN_POINT('Ctrl Pts',(48.5418758524889,-25.4741818333606,4.35528947465862E-15));
#8254=CARTESIAN_POINT('Ctrl Pts',(48.5418758524889,-25.4741818333606,1.));
#8255=CARTESIAN_POINT('',(38.4750270881154,-8.08091100271671,5.60576528027431E-15));
#8256=CARTESIAN_POINT('Ctrl Pts',(38.4750270881154,-8.08091100271671,5.60576528027431E-15));
#8257=CARTESIAN_POINT('Ctrl Pts',(40.0472408934502,-11.3377840104108,5.4099197784978E-15));
#8258=CARTESIAN_POINT('Ctrl Pts',(42.9684948537608,-17.3892212511169,5.04602878241802E-15));
#8259=CARTESIAN_POINT('Ctrl Pts',(46.7811739984062,-22.9200400851846,4.57350279618416E-15));
#8260=CARTESIAN_POINT('Ctrl Pts',(48.5418758524889,-25.4741818333606,4.35528947465862E-15));
#8261=CARTESIAN_POINT('',(38.4750270881154,-8.08091100271674,1.00000000000001));
#8262=CARTESIAN_POINT('',(38.4750270881154,-8.08091100271671,5.60576528027431E-15));
#8263=CARTESIAN_POINT('Ctrl Pts',(38.4750270881154,-8.08091100271674,1.00000000000001));
#8264=CARTESIAN_POINT('Ctrl Pts',(40.0472408934502,-11.3377840104109,1.00000000000001));
#8265=CARTESIAN_POINT('Ctrl Pts',(42.9684948537608,-17.3892212511169,1.00000000000001));
#8266=CARTESIAN_POINT('Ctrl Pts',(46.7811739984061,-22.9200400851846,1.));
#8267=CARTESIAN_POINT('Ctrl Pts',(48.5418758524889,-25.4741818333606,1.));
#8268=CARTESIAN_POINT('Ctrl Pts',(35.5951566202576,-1.04585020794832,5.96558854980623E-15));
#8269=CARTESIAN_POINT('Ctrl Pts',(35.5951566202576,-1.04585020794835,1.00000000000001));
#8270=CARTESIAN_POINT('Ctrl Pts',(35.9833157382002,-2.11861103235971,5.91696365939264E-15));
#8271=CARTESIAN_POINT('Ctrl Pts',(35.9833157382002,-2.11861103235974,1.00000000000001));
#8272=CARTESIAN_POINT('Ctrl Pts',(36.8461020451323,-4.50310570769084,5.80888197926286E-15));
#8273=CARTESIAN_POINT('Ctrl Pts',(36.8461020451323,-4.50310570769086,1.00000000000001));
#8274=CARTESIAN_POINT('Ctrl Pts',(37.8969469980136,-6.81120370941642,5.67784822857096E-15));
#8275=CARTESIAN_POINT('Ctrl Pts',(37.8969469980136,-6.81120370941645,1.00000000000001));
#8276=CARTESIAN_POINT('Ctrl Pts',(38.4750270881154,-8.08091100271671,5.60576528027431E-15));
#8277=CARTESIAN_POINT('Ctrl Pts',(38.4750270881154,-8.08091100271674,1.00000000000001));
#8278=CARTESIAN_POINT('',(35.5951566202576,-1.04585020794832,5.96558854980623E-15));
#8279=CARTESIAN_POINT('Ctrl Pts',(35.5951566202576,-1.04585020794832,5.96558854980623E-15));
#8280=CARTESIAN_POINT('Ctrl Pts',(35.9833157382002,-2.11861103235971,5.91696365939264E-15));
#8281=CARTESIAN_POINT('Ctrl Pts',(36.8461020451323,-4.50310570769084,5.80888197926286E-15));
#8282=CARTESIAN_POINT('Ctrl Pts',(37.8969469980136,-6.81120370941642,5.67784822857096E-15));
#8283=CARTESIAN_POINT('Ctrl Pts',(38.4750270881154,-8.08091100271671,5.60576528027431E-15));
#8284=CARTESIAN_POINT('',(35.5951566202576,-1.04585020794835,1.00000000000001));
#8285=CARTESIAN_POINT('',(35.5951566202576,-1.04585020794832,5.96558854980623E-15));
#8286=CARTESIAN_POINT('Ctrl Pts',(35.5951566202576,-1.04585020794835,1.00000000000001));
#8287=CARTESIAN_POINT('Ctrl Pts',(35.9833157382002,-2.11861103235974,1.00000000000001));
#8288=CARTESIAN_POINT('Ctrl Pts',(36.8461020451323,-4.50310570769086,1.00000000000001));
#8289=CARTESIAN_POINT('Ctrl Pts',(37.8969469980136,-6.81120370941645,1.00000000000001));
#8290=CARTESIAN_POINT('Ctrl Pts',(38.4750270881154,-8.08091100271674,1.00000000000001));
#8291=CARTESIAN_POINT('Ctrl Pts',(34.6435361538867,3.47129771156315,6.08671731106442E-15));
#8292=CARTESIAN_POINT('Ctrl Pts',(34.6435361538867,3.47129771156312,1.00000000000001));
#8293=CARTESIAN_POINT('Ctrl Pts',(34.6996818903929,2.81921969377188,6.07917866768036E-15));
#8294=CARTESIAN_POINT('Ctrl Pts',(34.6996818903928,2.81921969377185,1.00000000000001));
#8295=CARTESIAN_POINT('Ctrl Pts',(34.8324754864614,1.27695147737301,6.06134857715624E-15));
#8296=CARTESIAN_POINT('Ctrl Pts',(34.8324754864613,1.27695147737298,1.00000000000001));
#8297=CARTESIAN_POINT('Ctrl Pts',(35.3160434129034,-0.195790334025752,6.00063319321698E-15));
#8298=CARTESIAN_POINT('Ctrl Pts',(35.3160434129033,-0.19579033402578,1.00000000000001));
#8299=CARTESIAN_POINT('Ctrl Pts',(35.5951566202576,-1.04585020794832,5.96558854980623E-15));
#8300=CARTESIAN_POINT('Ctrl Pts',(35.5951566202576,-1.04585020794835,1.00000000000001));
#8301=CARTESIAN_POINT('',(34.6435361538867,3.47129771156315,6.08671731106442E-15));
#8302=CARTESIAN_POINT('Ctrl Pts',(34.6435361538867,3.47129771156315,6.08671731106442E-15));
#8303=CARTESIAN_POINT('Ctrl Pts',(34.6996818903929,2.81921969377188,6.07917866768036E-15));
#8304=CARTESIAN_POINT('Ctrl Pts',(34.8324754864614,1.27695147737301,6.06134857715624E-15));
#8305=CARTESIAN_POINT('Ctrl Pts',(35.3160434129034,-0.195790334025752,6.00063319321698E-15));
#8306=CARTESIAN_POINT('Ctrl Pts',(35.5951566202576,-1.04585020794832,5.96558854980623E-15));
#8307=CARTESIAN_POINT('',(34.6435361538867,3.47129771156312,1.00000000000001));
#8308=CARTESIAN_POINT('',(34.6435361538867,3.47129771156315,6.08671731106442E-15));
#8309=CARTESIAN_POINT('Ctrl Pts',(34.6435361538867,3.47129771156312,1.00000000000001));
#8310=CARTESIAN_POINT('Ctrl Pts',(34.6996818903928,2.81921969377185,1.00000000000001));
#8311=CARTESIAN_POINT('Ctrl Pts',(34.8324754864613,1.27695147737298,1.00000000000001));
#8312=CARTESIAN_POINT('Ctrl Pts',(35.3160434129033,-0.19579033402578,1.00000000000001));
#8313=CARTESIAN_POINT('Ctrl Pts',(35.5951566202576,-1.04585020794835,1.00000000000001));
#8314=CARTESIAN_POINT('Ctrl Pts',(35.1515891761151,5.09622590395673,6.0261530764246E-15));
#8315=CARTESIAN_POINT('Ctrl Pts',(35.151589176115,5.0962259039567,1.00000000000001));
#8316=CARTESIAN_POINT('Ctrl Pts',(35.0054111859214,4.85653902239114,6.04381039473796E-15));
#8317=CARTESIAN_POINT('Ctrl Pts',(35.0054111859214,4.85653902239111,1.00000000000001));
#8318=CARTESIAN_POINT('Ctrl Pts',(34.7013394021162,4.35795495008428,6.0805402216404E-15));
#8319=CARTESIAN_POINT('Ctrl Pts',(34.7013394021161,4.35795495008425,1.00000000000001));
#8320=CARTESIAN_POINT('Ctrl Pts',(34.6632925482853,3.77434556159154,6.08460606267209E-15));
#8321=CARTESIAN_POINT('Ctrl Pts',(34.6632925482853,3.77434556159151,1.00000000000001));
#8322=CARTESIAN_POINT('Ctrl Pts',(34.6435361538867,3.47129771156315,6.08671731106442E-15));
#8323=CARTESIAN_POINT('Ctrl Pts',(34.6435361538867,3.47129771156312,1.00000000000001));
#8324=CARTESIAN_POINT('',(35.1515891761151,5.09622590395673,6.0261530764246E-15));
#8325=CARTESIAN_POINT('Ctrl Pts',(35.1515891761151,5.09622590395673,6.0261530764246E-15));
#8326=CARTESIAN_POINT('Ctrl Pts',(35.0054111859214,4.85653902239114,6.04381039473796E-15));
#8327=CARTESIAN_POINT('Ctrl Pts',(34.7013394021162,4.35795495008428,6.0805402216404E-15));
#8328=CARTESIAN_POINT('Ctrl Pts',(34.6632925482853,3.77434556159154,6.08460606267209E-15));
#8329=CARTESIAN_POINT('Ctrl Pts',(34.6435361538867,3.47129771156315,6.08671731106442E-15));
#8330=CARTESIAN_POINT('',(35.151589176115,5.0962259039567,1.00000000000001));
#8331=CARTESIAN_POINT('',(35.1515891761151,5.09622590395673,6.0261530764246E-15));
#8332=CARTESIAN_POINT('Ctrl Pts',(35.151589176115,5.0962259039567,1.00000000000001));
#8333=CARTESIAN_POINT('Ctrl Pts',(35.0054111859214,4.85653902239111,1.00000000000001));
#8334=CARTESIAN_POINT('Ctrl Pts',(34.7013394021161,4.35795495008425,1.00000000000001));
#8335=CARTESIAN_POINT('Ctrl Pts',(34.6632925482853,3.77434556159151,1.00000000000001));
#8336=CARTESIAN_POINT('Ctrl Pts',(34.6435361538867,3.47129771156312,1.00000000000001));
#8337=CARTESIAN_POINT('Ctrl Pts',(36.9628924654334,6.01212919341529,5.80527130353571E-15));
#8338=CARTESIAN_POINT('Ctrl Pts',(36.9628924654334,6.01212919341527,1.00000000000001));
#8339=CARTESIAN_POINT('Ctrl Pts',(36.6093532287724,5.97398838208066,5.84852710044665E-15));
#8340=CARTESIAN_POINT('Ctrl Pts',(36.6093532287723,5.97398838208063,1.00000000000001));
#8341=CARTESIAN_POINT('Ctrl Pts',(35.8914464268176,5.89653856873656,5.93636354858639E-15));
#8342=CARTESIAN_POINT('Ctrl Pts',(35.8914464268176,5.89653856873653,1.00000000000001));
#8343=CARTESIAN_POINT('Ctrl Pts',(35.4006757231695,5.3656658777417,5.99592378093601E-15));
#8344=CARTESIAN_POINT('Ctrl Pts',(35.4006757231694,5.36566587774167,1.00000000000001));
#8345=CARTESIAN_POINT('Ctrl Pts',(35.1515891761151,5.09622590395673,6.0261530764246E-15));
#8346=CARTESIAN_POINT('Ctrl Pts',(35.151589176115,5.0962259039567,1.00000000000001));
#8347=CARTESIAN_POINT('',(36.9628924654334,6.01212919341529,5.80527130353571E-15));
#8348=CARTESIAN_POINT('Ctrl Pts',(36.9628924654334,6.01212919341529,5.80527130353571E-15));
#8349=CARTESIAN_POINT('Ctrl Pts',(36.6093532287724,5.97398838208066,5.84852710044665E-15));
#8350=CARTESIAN_POINT('Ctrl Pts',(35.8914464268176,5.89653856873656,5.93636354858639E-15));
#8351=CARTESIAN_POINT('Ctrl Pts',(35.4006757231695,5.3656658777417,5.99592378093601E-15));
#8352=CARTESIAN_POINT('Ctrl Pts',(35.1515891761151,5.09622590395673,6.0261530764246E-15));
#8353=CARTESIAN_POINT('',(36.9628924654334,6.01212919341527,1.00000000000001));
#8354=CARTESIAN_POINT('',(36.9628924654334,6.01212919341529,5.80527130353571E-15));
#8355=CARTESIAN_POINT('Ctrl Pts',(36.9628924654334,6.01212919341527,1.00000000000001));
#8356=CARTESIAN_POINT('Ctrl Pts',(36.6093532287723,5.97398838208063,1.00000000000001));
#8357=CARTESIAN_POINT('Ctrl Pts',(35.8914464268176,5.89653856873653,1.00000000000001));
#8358=CARTESIAN_POINT('Ctrl Pts',(35.4006757231694,5.36566587774167,1.00000000000001));
#8359=CARTESIAN_POINT('Ctrl Pts',(35.151589176115,5.0962259039567,1.00000000000001));
#8360=CARTESIAN_POINT('Ctrl Pts',(42.4859756998918,1.98068206024737,5.12481295750564E-15));
#8361=CARTESIAN_POINT('Ctrl Pts',(42.4859756998917,1.98068206024734,1.00000000000001));
#8362=CARTESIAN_POINT('Ctrl Pts',(41.6326015562494,3.13602112511462,5.23049225623357E-15));
#8363=CARTESIAN_POINT('Ctrl Pts',(41.6326015562494,3.13602112511459,1.00000000000001));
#8364=CARTESIAN_POINT('Ctrl Pts',(40.1942049855546,5.08339176116628,5.40861898062069E-15));
#8365=CARTESIAN_POINT('Ctrl Pts',(40.1942049855545,5.08339176116625,1.00000000000001));
#8366=CARTESIAN_POINT('Ctrl Pts',(37.8971479484505,5.74360733644265,5.69058892440114E-15));
#8367=CARTESIAN_POINT('Ctrl Pts',(37.8971479484505,5.74360733644262,1.00000000000001));
#8368=CARTESIAN_POINT('Ctrl Pts',(36.9628924654334,6.01212919341529,5.80527130353571E-15));
#8369=CARTESIAN_POINT('Ctrl Pts',(36.9628924654334,6.01212919341527,1.00000000000001));
#8370=CARTESIAN_POINT('',(42.4859756998918,1.98068206024737,5.12481295750564E-15));
#8371=CARTESIAN_POINT('Ctrl Pts',(42.4859756998918,1.98068206024737,5.12481295750564E-15));
#8372=CARTESIAN_POINT('Ctrl Pts',(41.6326015562494,3.13602112511462,5.23049225623357E-15));
#8373=CARTESIAN_POINT('Ctrl Pts',(40.1942049855546,5.08339176116628,5.40861898062069E-15));
#8374=CARTESIAN_POINT('Ctrl Pts',(37.8971479484505,5.74360733644265,5.69058892440114E-15));
#8375=CARTESIAN_POINT('Ctrl Pts',(36.9628924654334,6.01212919341529,5.80527130353571E-15));
#8376=CARTESIAN_POINT('',(42.4859756998917,1.98068206024734,1.00000000000001));
#8377=CARTESIAN_POINT('',(42.4859756998918,1.98068206024737,5.12481295750564E-15));
#8378=CARTESIAN_POINT('Ctrl Pts',(42.4859756998917,1.98068206024734,1.00000000000001));
#8379=CARTESIAN_POINT('Ctrl Pts',(41.6326015562494,3.13602112511459,1.00000000000001));
#8380=CARTESIAN_POINT('Ctrl Pts',(40.1942049855545,5.08339176116625,1.00000000000001));
#8381=CARTESIAN_POINT('Ctrl Pts',(37.8971479484505,5.74360733644262,1.00000000000001));
#8382=CARTESIAN_POINT('Ctrl Pts',(36.9628924654334,6.01212919341527,1.00000000000001));
#8383=CARTESIAN_POINT('Ctrl Pts',(45.3238516259702,-3.10487430768928,4.77211454854482E-15));
#8384=CARTESIAN_POINT('Ctrl Pts',(45.3238516259702,-3.10487430768931,1.));
#8385=CARTESIAN_POINT('Ctrl Pts',(45.1133149802659,-2.46021680140919,4.79855242860825E-15));
#8386=CARTESIAN_POINT('Ctrl Pts',(45.1133149802659,-2.46021680140921,1.));
#8387=CARTESIAN_POINT('Ctrl Pts',(44.5035559299921,-0.593151106188978,4.87512217058741E-15));
#8388=CARTESIAN_POINT('Ctrl Pts',(44.5035559299921,-0.593151106189007,1.));
#8389=CARTESIAN_POINT('Ctrl Pts',(43.2842690946873,0.962296776025244,5.02601812250263E-15));
#8390=CARTESIAN_POINT('Ctrl Pts',(43.2842690946872,0.962296776025216,1.00000000000001));
#8391=CARTESIAN_POINT('Ctrl Pts',(42.4859756998918,1.98068206024737,5.12481295750564E-15));
#8392=CARTESIAN_POINT('Ctrl Pts',(42.4859756998917,1.98068206024734,1.00000000000001));
#8393=CARTESIAN_POINT('',(45.3238516259702,-3.10487430768928,4.77211454854482E-15));
#8394=CARTESIAN_POINT('Ctrl Pts',(45.3238516259702,-3.10487430768928,4.77211454854482E-15));
#8395=CARTESIAN_POINT('Ctrl Pts',(45.1133149802659,-2.46021680140919,4.79855242860825E-15));
#8396=CARTESIAN_POINT('Ctrl Pts',(44.5035559299921,-0.593151106188978,4.87512217058741E-15));
#8397=CARTESIAN_POINT('Ctrl Pts',(43.2842690946873,0.962296776025244,5.02601812250263E-15));
#8398=CARTESIAN_POINT('Ctrl Pts',(42.4859756998918,1.98068206024737,5.12481295750564E-15));
#8399=CARTESIAN_POINT('',(45.3238516259702,-3.10487430768931,1.));
#8400=CARTESIAN_POINT('',(45.3238516259702,-3.10487430768928,4.77211454854482E-15));
#8401=CARTESIAN_POINT('Ctrl Pts',(45.3238516259702,-3.10487430768931,1.));
#8402=CARTESIAN_POINT('Ctrl Pts',(45.1133149802659,-2.46021680140921,1.));
#8403=CARTESIAN_POINT('Ctrl Pts',(44.5035559299921,-0.593151106189007,1.));
#8404=CARTESIAN_POINT('Ctrl Pts',(43.2842690946872,0.962296776025216,1.00000000000001));
#8405=CARTESIAN_POINT('Ctrl Pts',(42.4859756998917,1.98068206024734,1.00000000000001));
#8406=CARTESIAN_POINT('Ctrl Pts',(44.5614756131952,-3.82584392975319,4.86474240762587E-15));
#8407=CARTESIAN_POINT('Ctrl Pts',(44.5614756131952,-3.82584392975321,1.));
#8408=CARTESIAN_POINT('Ctrl Pts',(44.7822944179395,-3.79932009588167,4.83772780397644E-15));
#8409=CARTESIAN_POINT('Ctrl Pts',(44.7822944179395,-3.7993200958817,1.));
#8410=CARTESIAN_POINT('Ctrl Pts',(45.2171123656701,-3.74709157746668,4.7845329027034E-15));
#8411=CARTESIAN_POINT('Ctrl Pts',(45.2171123656701,-3.74709157746671,1.));
#8412=CARTESIAN_POINT('Ctrl Pts',(45.2886458483265,-3.31669663374965,4.77621049050636E-15));
#8413=CARTESIAN_POINT('Ctrl Pts',(45.2886458483265,-3.31669663374968,1.));
#8414=CARTESIAN_POINT('Ctrl Pts',(45.3238516259702,-3.10487430768928,4.77211454854482E-15));
#8415=CARTESIAN_POINT('Ctrl Pts',(45.3238516259702,-3.10487430768931,1.));
#8416=CARTESIAN_POINT('',(44.5614756131952,-3.82584392975319,4.86474240762587E-15));
#8417=CARTESIAN_POINT('Ctrl Pts',(44.5614756131952,-3.82584392975319,4.86474240762587E-15));
#8418=CARTESIAN_POINT('Ctrl Pts',(44.7822944179395,-3.79932009588167,4.83772780397644E-15));
#8419=CARTESIAN_POINT('Ctrl Pts',(45.2171123656701,-3.74709157746668,4.7845329027034E-15));
#8420=CARTESIAN_POINT('Ctrl Pts',(45.2886458483265,-3.31669663374965,4.77621049050636E-15));
#8421=CARTESIAN_POINT('Ctrl Pts',(45.3238516259702,-3.10487430768928,4.77211454854482E-15));
#8422=CARTESIAN_POINT('',(44.5614756131952,-3.82584392975321,1.));
#8423=CARTESIAN_POINT('',(44.5614756131952,-3.82584392975319,4.86474240762587E-15));
#8424=CARTESIAN_POINT('Ctrl Pts',(44.5614756131952,-3.82584392975321,1.));
#8425=CARTESIAN_POINT('Ctrl Pts',(44.7822944179395,-3.7993200958817,1.));
#8426=CARTESIAN_POINT('Ctrl Pts',(45.2171123656701,-3.74709157746671,1.));
#8427=CARTESIAN_POINT('Ctrl Pts',(45.2886458483265,-3.31669663374968,1.));
#8428=CARTESIAN_POINT('Ctrl Pts',(45.3238516259702,-3.10487430768931,1.));
#8429=CARTESIAN_POINT('Ctrl Pts',(43.2897314954286,-2.82615700741509,5.02149722361084E-15));
#8430=CARTESIAN_POINT('Ctrl Pts',(43.2897314954285,-2.82615700741511,1.00000000000001));
#8431=CARTESIAN_POINT('Ctrl Pts',(43.4685048102253,-3.11355416200696,4.99931234578805E-15));
#8432=CARTESIAN_POINT('Ctrl Pts',(43.4685048102253,-3.11355416200698,1.00000000000001));
#8433=CARTESIAN_POINT('Ctrl Pts',(43.7761936597484,-3.60819677661147,4.96112969228707E-15));
#8434=CARTESIAN_POINT('Ctrl Pts',(43.7761936597484,-3.60819677661149,1.00000000000001));
#8435=CARTESIAN_POINT('Ctrl Pts',(44.3296065651701,-3.76157957478761,4.89320253947791E-15));
#8436=CARTESIAN_POINT('Ctrl Pts',(44.32960656517,-3.76157957478764,1.));
#8437=CARTESIAN_POINT('Ctrl Pts',(44.5614756131952,-3.82584392975319,4.86474240762587E-15));
#8438=CARTESIAN_POINT('Ctrl Pts',(44.5614756131952,-3.82584392975321,1.));
#8439=CARTESIAN_POINT('',(43.2897314954286,-2.82615700741509,5.02149722361084E-15));
#8440=CARTESIAN_POINT('Ctrl Pts',(43.2897314954286,-2.82615700741509,5.02149722361084E-15));
#8441=CARTESIAN_POINT('Ctrl Pts',(43.4685048102253,-3.11355416200696,4.99931234578805E-15));
#8442=CARTESIAN_POINT('Ctrl Pts',(43.7761936597484,-3.60819677661147,4.96112969228707E-15));
#8443=CARTESIAN_POINT('Ctrl Pts',(44.3296065651701,-3.76157957478761,4.89320253947791E-15));
#8444=CARTESIAN_POINT('Ctrl Pts',(44.5614756131952,-3.82584392975319,4.86474240762587E-15));
#8445=CARTESIAN_POINT('',(43.2897314954285,-2.82615700741511,1.00000000000001));
#8446=CARTESIAN_POINT('',(43.2897314954286,-2.82615700741509,5.02149722361084E-15));
#8447=CARTESIAN_POINT('Ctrl Pts',(43.2897314954285,-2.82615700741511,1.00000000000001));
#8448=CARTESIAN_POINT('Ctrl Pts',(43.4685048102253,-3.11355416200698,1.00000000000001));
#8449=CARTESIAN_POINT('Ctrl Pts',(43.7761936597484,-3.60819677661149,1.00000000000001));
#8450=CARTESIAN_POINT('Ctrl Pts',(44.32960656517,-3.76157957478764,1.));
#8451=CARTESIAN_POINT('Ctrl Pts',(44.5614756131952,-3.82584392975321,1.));
#8452=CARTESIAN_POINT('Ctrl Pts',(40.991280649303,0.65486460976854,5.30650595340366E-15));
#8453=CARTESIAN_POINT('Ctrl Pts',(40.991280649303,0.654864609768511,1.00000000000001));
#8454=CARTESIAN_POINT('Ctrl Pts',(41.3177205813941,0.207260861506731,5.26607486124239E-15));
#8455=CARTESIAN_POINT('Ctrl Pts',(41.3177205813941,0.207260861506702,1.00000000000001));
#8456=CARTESIAN_POINT('Ctrl Pts',(42.1377046269528,-0.917074418052275,5.16451605284425E-15));
#8457=CARTESIAN_POINT('Ctrl Pts',(42.1377046269527,-0.917074418052303,1.00000000000001));
#8458=CARTESIAN_POINT('Ctrl Pts',(42.8568697592065,-2.10883970619951,5.07523501430693E-15));
#8459=CARTESIAN_POINT('Ctrl Pts',(42.8568697592065,-2.10883970619954,1.00000000000001));
#8460=CARTESIAN_POINT('Ctrl Pts',(43.2897314954286,-2.82615700741509,5.02149722361084E-15));
#8461=CARTESIAN_POINT('Ctrl Pts',(43.2897314954285,-2.82615700741511,1.00000000000001));
#8462=CARTESIAN_POINT('',(40.991280649303,0.65486460976854,5.30650595340366E-15));
#8463=CARTESIAN_POINT('Ctrl Pts',(40.991280649303,0.65486460976854,5.30650595340366E-15));
#8464=CARTESIAN_POINT('Ctrl Pts',(41.3177205813941,0.207260861506731,5.26607486124239E-15));
#8465=CARTESIAN_POINT('Ctrl Pts',(42.1377046269528,-0.917074418052275,5.16451605284425E-15));
#8466=CARTESIAN_POINT('Ctrl Pts',(42.8568697592065,-2.10883970619951,5.07523501430693E-15));
#8467=CARTESIAN_POINT('Ctrl Pts',(43.2897314954286,-2.82615700741509,5.02149722361084E-15));
#8468=CARTESIAN_POINT('',(40.991280649303,0.654864609768511,1.00000000000001));
#8469=CARTESIAN_POINT('',(40.991280649303,0.65486460976854,5.30650595340366E-15));
#8470=CARTESIAN_POINT('Ctrl Pts',(40.991280649303,0.654864609768511,1.00000000000001));
#8471=CARTESIAN_POINT('Ctrl Pts',(41.3177205813941,0.207260861506702,1.00000000000001));
#8472=CARTESIAN_POINT('Ctrl Pts',(42.1377046269527,-0.917074418052303,1.00000000000001));
#8473=CARTESIAN_POINT('Ctrl Pts',(42.8568697592065,-2.10883970619954,1.00000000000001));
#8474=CARTESIAN_POINT('Ctrl Pts',(43.2897314954285,-2.82615700741511,1.00000000000001));
#8475=CARTESIAN_POINT('Ctrl Pts',(38.3023429411634,2.65543655673372,5.63782861273699E-15));
#8476=CARTESIAN_POINT('Ctrl Pts',(38.3023429411634,2.65543655673369,1.00000000000001));
#8477=CARTESIAN_POINT('Ctrl Pts',(38.7186519352516,2.51353672648387,5.58670294332844E-15));
#8478=CARTESIAN_POINT('Ctrl Pts',(38.7186519352515,2.51353672648384,1.00000000000001));
#8479=CARTESIAN_POINT('Ctrl Pts',(39.8129249774368,2.14055136912168,5.4523185255236E-15));
#8480=CARTESIAN_POINT('Ctrl Pts',(39.8129249774367,2.14055136912165,1.00000000000001));
#8481=CARTESIAN_POINT('Ctrl Pts',(40.540504178267,1.22320967776099,5.36228612085412E-15));
#8482=CARTESIAN_POINT('Ctrl Pts',(40.540504178267,1.22320967776096,1.00000000000001));
#8483=CARTESIAN_POINT('Ctrl Pts',(40.991280649303,0.65486460976854,5.30650595340366E-15));
#8484=CARTESIAN_POINT('Ctrl Pts',(40.991280649303,0.654864609768511,1.00000000000001));
#8485=CARTESIAN_POINT('',(38.3023429411634,2.65543655673372,5.63782861273699E-15));
#8486=CARTESIAN_POINT('Ctrl Pts',(38.3023429411634,2.65543655673372,5.63782861273699E-15));
#8487=CARTESIAN_POINT('Ctrl Pts',(38.7186519352516,2.51353672648387,5.58670294332844E-15));
#8488=CARTESIAN_POINT('Ctrl Pts',(39.8129249774368,2.14055136912168,5.4523185255236E-15));
#8489=CARTESIAN_POINT('Ctrl Pts',(40.540504178267,1.22320967776099,5.36228612085412E-15));
#8490=CARTESIAN_POINT('Ctrl Pts',(40.991280649303,0.65486460976854,5.30650595340366E-15));
#8491=CARTESIAN_POINT('',(38.3023429411634,2.65543655673369,1.00000000000001));
#8492=CARTESIAN_POINT('',(38.3023429411634,2.65543655673372,5.63782861273699E-15));
#8493=CARTESIAN_POINT('Ctrl Pts',(38.3023429411634,2.65543655673369,1.00000000000001));
#8494=CARTESIAN_POINT('Ctrl Pts',(38.7186519352515,2.51353672648384,1.00000000000001));
#8495=CARTESIAN_POINT('Ctrl Pts',(39.8129249774367,2.14055136912165,1.00000000000001));
#8496=CARTESIAN_POINT('Ctrl Pts',(40.540504178267,1.22320967776096,1.00000000000001));
#8497=CARTESIAN_POINT('Ctrl Pts',(40.991280649303,0.654864609768511,1.00000000000001));
#8498=CARTESIAN_POINT('Ctrl Pts',(37.5981462287333,1.933986267251,5.7233313192684E-15));
#8499=CARTESIAN_POINT('Ctrl Pts',(37.5981462287333,1.93398626725097,1.00000000000001));
#8500=CARTESIAN_POINT('Ctrl Pts',(37.627050302091,2.14585818778602,5.72000713733205E-15));
#8501=CARTESIAN_POINT('Ctrl Pts',(37.6270503020909,2.14585818778599,1.00000000000001));
#8502=CARTESIAN_POINT('Ctrl Pts',(37.6839300240173,2.56279651253033,5.71346554916791E-15));
#8503=CARTESIAN_POINT('Ctrl Pts',(37.6839300240173,2.5627965125303,1.00000000000001));
#8504=CARTESIAN_POINT('Ctrl Pts',(38.098460707906,2.62489440831221,5.6627650703832E-15));
#8505=CARTESIAN_POINT('Ctrl Pts',(38.098460707906,2.62489440831218,1.00000000000001));
#8506=CARTESIAN_POINT('Ctrl Pts',(38.3023429411634,2.65543655673372,5.63782861273699E-15));
#8507=CARTESIAN_POINT('Ctrl Pts',(38.3023429411634,2.65543655673369,1.00000000000001));
#8508=CARTESIAN_POINT('',(37.5981462287333,1.933986267251,5.7233313192684E-15));
#8509=CARTESIAN_POINT('Ctrl Pts',(37.5981462287333,1.933986267251,5.7233313192684E-15));
#8510=CARTESIAN_POINT('Ctrl Pts',(37.627050302091,2.14585818778602,5.72000713733205E-15));
#8511=CARTESIAN_POINT('Ctrl Pts',(37.6839300240173,2.56279651253033,5.71346554916791E-15));
#8512=CARTESIAN_POINT('Ctrl Pts',(38.098460707906,2.62489440831221,5.6627650703832E-15));
#8513=CARTESIAN_POINT('Ctrl Pts',(38.3023429411634,2.65543655673372,5.63782861273699E-15));
#8514=CARTESIAN_POINT('',(37.5981462287333,1.93398626725097,1.00000000000001));
#8515=CARTESIAN_POINT('',(37.5981462287333,1.933986267251,5.7233313192684E-15));
#8516=CARTESIAN_POINT('Ctrl Pts',(37.5981462287333,1.93398626725097,1.00000000000001));
#8517=CARTESIAN_POINT('Ctrl Pts',(37.6270503020909,2.14585818778599,1.00000000000001));
#8518=CARTESIAN_POINT('Ctrl Pts',(37.6839300240173,2.5627965125303,1.00000000000001));
#8519=CARTESIAN_POINT('Ctrl Pts',(38.098460707906,2.62489440831218,1.00000000000001));
#8520=CARTESIAN_POINT('Ctrl Pts',(38.3023429411634,2.65543655673369,1.00000000000001));
#8521=CARTESIAN_POINT('Ctrl Pts',(38.0183144186566,-0.018660447861798,5.66989194519968E-15));
#8522=CARTESIAN_POINT('Ctrl Pts',(38.0183144186566,-0.0186604478618263,
1.00000000000001));
#8523=CARTESIAN_POINT('Ctrl Pts',(37.8967737178067,0.374237813169573,5.68517536078205E-15));
#8524=CARTESIAN_POINT('Ctrl Pts',(37.8967737178067,0.374237813169545,1.00000000000001));
#8525=CARTESIAN_POINT('Ctrl Pts',(37.6989970930693,1.01357995443271,5.71004523833916E-15));
#8526=CARTESIAN_POINT('Ctrl Pts',(37.6989970930693,1.01357995443268,1.00000000000001));
#8527=CARTESIAN_POINT('Ctrl Pts',(37.626205012377,1.67791031028575,5.71963485843269E-15));
#8528=CARTESIAN_POINT('Ctrl Pts',(37.6262050123769,1.67791031028572,1.00000000000001));
#8529=CARTESIAN_POINT('Ctrl Pts',(37.5981462287333,1.933986267251,5.7233313192684E-15));
#8530=CARTESIAN_POINT('Ctrl Pts',(37.5981462287333,1.93398626725097,1.00000000000001));
#8531=CARTESIAN_POINT('',(38.0183144186566,-0.018660447861798,5.66989194519968E-15));
#8532=CARTESIAN_POINT('Ctrl Pts',(38.0183144186566,-0.018660447861798,5.66989194519968E-15));
#8533=CARTESIAN_POINT('Ctrl Pts',(37.8967737178067,0.374237813169573,5.68517536078205E-15));
#8534=CARTESIAN_POINT('Ctrl Pts',(37.6989970930693,1.01357995443271,5.71004523833916E-15));
#8535=CARTESIAN_POINT('Ctrl Pts',(37.626205012377,1.67791031028575,5.71963485843269E-15));
#8536=CARTESIAN_POINT('Ctrl Pts',(37.5981462287333,1.933986267251,5.7233313192684E-15));
#8537=CARTESIAN_POINT('',(38.0183144186566,-0.0186604478618263,1.00000000000001));
#8538=CARTESIAN_POINT('',(38.0183144186566,-0.018660447861798,5.66989194519968E-15));
#8539=CARTESIAN_POINT('Ctrl Pts',(38.0183144186566,-0.0186604478618263,
1.00000000000001));
#8540=CARTESIAN_POINT('Ctrl Pts',(37.8967737178067,0.374237813169545,1.00000000000001));
#8541=CARTESIAN_POINT('Ctrl Pts',(37.6989970930693,1.01357995443268,1.00000000000001));
#8542=CARTESIAN_POINT('Ctrl Pts',(37.6262050123769,1.67791031028572,1.00000000000001));
#8543=CARTESIAN_POINT('Ctrl Pts',(37.5981462287333,1.93398626725097,1.00000000000001));
#8544=CARTESIAN_POINT('Ctrl Pts',(39.2969264562568,-3.6948548642003,5.50957469892916E-15));
#8545=CARTESIAN_POINT('Ctrl Pts',(39.2969264562568,-3.69485486420033,1.00000000000001));
#8546=CARTESIAN_POINT('Ctrl Pts',(39.0421281553077,-3.01118250914373,5.54147255057867E-15));
#8547=CARTESIAN_POINT('Ctrl Pts',(39.0421281553077,-3.01118250914376,1.00000000000001));
#8548=CARTESIAN_POINT('Ctrl Pts',(38.588913479265,-1.79512124122263,5.59820987750723E-15));
#8549=CARTESIAN_POINT('Ctrl Pts',(38.588913479265,-1.79512124122266,1.00000000000001));
#8550=CARTESIAN_POINT('Ctrl Pts',(38.1920572092132,-0.559578365293607,5.64806533640633E-15));
#8551=CARTESIAN_POINT('Ctrl Pts',(38.1920572092131,-0.559578365293635,1.00000000000001));
#8552=CARTESIAN_POINT('Ctrl Pts',(38.0183144186566,-0.018660447861798,5.66989194519968E-15));
#8553=CARTESIAN_POINT('Ctrl Pts',(38.0183144186566,-0.0186604478618263,
1.00000000000001));
#8554=CARTESIAN_POINT('Ctrl Pts',(39.2969264562568,-3.6948548642003,5.50957469892916E-15));
#8555=CARTESIAN_POINT('Ctrl Pts',(39.0421281553077,-3.01118250914373,5.54147255057867E-15));
#8556=CARTESIAN_POINT('Ctrl Pts',(38.588913479265,-1.79512124122263,5.59820987750723E-15));
#8557=CARTESIAN_POINT('Ctrl Pts',(38.1920572092132,-0.559578365293607,5.64806533640633E-15));
#8558=CARTESIAN_POINT('Ctrl Pts',(38.0183144186566,-0.018660447861798,5.66989194519968E-15));
#8559=CARTESIAN_POINT('Ctrl Pts',(39.2969264562568,-3.69485486420033,1.00000000000001));
#8560=CARTESIAN_POINT('Ctrl Pts',(39.0421281553077,-3.01118250914376,1.00000000000001));
#8561=CARTESIAN_POINT('Ctrl Pts',(38.588913479265,-1.79512124122266,1.00000000000001));
#8562=CARTESIAN_POINT('Ctrl Pts',(38.1920572092131,-0.559578365293635,1.00000000000001));
#8563=CARTESIAN_POINT('Ctrl Pts',(38.0183144186566,-0.0186604478618263,
1.00000000000001));
#8564=CARTESIAN_POINT('Origin',(84.2227577766376,-12.4298780003451,1.00000000000249));
#8565=CARTESIAN_POINT('Ctrl Pts',(37.4056194927466,-28.2618175617236,5.71620616671876E-15));
#8566=CARTESIAN_POINT('Ctrl Pts',(37.4056194927465,-28.2618175617236,1.00000000000001));
#8567=CARTESIAN_POINT('Ctrl Pts',(36.5446463061584,-28.1096823805766,5.82179602418913E-15));
#8568=CARTESIAN_POINT('Ctrl Pts',(36.5446463061583,-28.1096823805766,1.00000000000001));
#8569=CARTESIAN_POINT('Ctrl Pts',(34.8761194584016,-27.8148513240626,6.02642436196384E-15));
#8570=CARTESIAN_POINT('Ctrl Pts',(34.8761194584016,-27.8148513240626,1.00000000000001));
#8571=CARTESIAN_POINT('Ctrl Pts',(33.2545712950831,-27.3238781836372,6.22549909907118E-15));
#8572=CARTESIAN_POINT('Ctrl Pts',(33.2545712950831,-27.3238781836373,1.00000000000001));
#8573=CARTESIAN_POINT('Ctrl Pts',(32.4697549417775,-27.0862511070223,6.32184968103116E-15));
#8574=CARTESIAN_POINT('Ctrl Pts',(32.4697549417774,-27.0862511070224,1.00000000000001));
#8575=CARTESIAN_POINT('',(37.4056194927466,-28.2618175617236,5.71620616671876E-15));
#8576=CARTESIAN_POINT('',(32.4697549417775,-27.0862511070223,6.32184968103116E-15));
#8577=CARTESIAN_POINT('Ctrl Pts',(37.4056194927466,-28.2618175617236,5.71620616671876E-15));
#8578=CARTESIAN_POINT('Ctrl Pts',(36.5446463061584,-28.1096823805766,5.82179602418913E-15));
#8579=CARTESIAN_POINT('Ctrl Pts',(34.8761194584016,-27.8148513240626,6.02642436196384E-15));
#8580=CARTESIAN_POINT('Ctrl Pts',(33.2545712950831,-27.3238781836372,6.22549909907118E-15));
#8581=CARTESIAN_POINT('Ctrl Pts',(32.4697549417775,-27.0862511070223,6.32184968103116E-15));
#8582=CARTESIAN_POINT('',(37.4056194927465,-28.2618175617236,1.00000000000001));
#8583=CARTESIAN_POINT('',(37.4056194927466,-28.2618175617236,5.71620616671876E-15));
#8584=CARTESIAN_POINT('',(32.4697549417774,-27.0862511070224,1.00000000000001));
#8585=CARTESIAN_POINT('Ctrl Pts',(37.4056194927465,-28.2618175617236,1.00000000000001));
#8586=CARTESIAN_POINT('Ctrl Pts',(36.5446463061583,-28.1096823805766,1.00000000000001));
#8587=CARTESIAN_POINT('Ctrl Pts',(34.8761194584016,-27.8148513240626,1.00000000000001));
#8588=CARTESIAN_POINT('Ctrl Pts',(33.2545712950831,-27.3238781836373,1.00000000000001));
#8589=CARTESIAN_POINT('Ctrl Pts',(32.4697549417774,-27.0862511070224,1.00000000000001));
#8590=CARTESIAN_POINT('',(32.4697549417775,-27.0862511070223,6.32184968103116E-15));
#8591=CARTESIAN_POINT('Ctrl Pts',(42.6949119985152,-28.9166640719902,5.06781115315137E-15));
#8592=CARTESIAN_POINT('Ctrl Pts',(42.6949119985152,-28.9166640719902,1.00000000000001));
#8593=CARTESIAN_POINT('Ctrl Pts',(41.9911885275241,-28.8697135083898,5.1540371901382E-15));
#8594=CARTESIAN_POINT('Ctrl Pts',(41.9911885275241,-28.8697135083898,1.00000000000001));
#8595=CARTESIAN_POINT('Ctrl Pts',(40.216465720839,-28.7513087095688,5.37149094957456E-15));
#8596=CARTESIAN_POINT('Ctrl Pts',(40.2164657208389,-28.7513087095689,1.00000000000001));
#8597=CARTESIAN_POINT('Ctrl Pts',(38.4634931333924,-28.4460395862014,5.58647116446151E-15));
#8598=CARTESIAN_POINT('Ctrl Pts',(38.4634931333923,-28.4460395862014,1.00000000000001));
#8599=CARTESIAN_POINT('Ctrl Pts',(37.4056194927466,-28.2618175617236,5.71620616671876E-15));
#8600=CARTESIAN_POINT('Ctrl Pts',(37.4056194927465,-28.2618175617236,1.00000000000001));
#8601=CARTESIAN_POINT('',(42.6949119985152,-28.9166640719902,5.06781115315137E-15));
#8602=CARTESIAN_POINT('Ctrl Pts',(42.6949119985152,-28.9166640719902,5.06781115315137E-15));
#8603=CARTESIAN_POINT('Ctrl Pts',(41.9911885275241,-28.8697135083898,5.1540371901382E-15));
#8604=CARTESIAN_POINT('Ctrl Pts',(40.216465720839,-28.7513087095688,5.37149094957456E-15));
#8605=CARTESIAN_POINT('Ctrl Pts',(38.4634931333924,-28.4460395862014,5.58647116446151E-15));
#8606=CARTESIAN_POINT('Ctrl Pts',(37.4056194927466,-28.2618175617236,5.71620616671876E-15));
#8607=CARTESIAN_POINT('',(42.6949119985152,-28.9166640719902,1.00000000000001));
#8608=CARTESIAN_POINT('',(42.6949119985152,-28.9166640719902,5.06781115315137E-15));
#8609=CARTESIAN_POINT('Ctrl Pts',(42.6949119985152,-28.9166640719902,1.00000000000001));
#8610=CARTESIAN_POINT('Ctrl Pts',(41.9911885275241,-28.8697135083898,1.00000000000001));
#8611=CARTESIAN_POINT('Ctrl Pts',(40.2164657208389,-28.7513087095689,1.00000000000001));
#8612=CARTESIAN_POINT('Ctrl Pts',(38.4634931333923,-28.4460395862014,1.00000000000001));
#8613=CARTESIAN_POINT('Ctrl Pts',(37.4056194927465,-28.2618175617236,1.00000000000001));
#8614=CARTESIAN_POINT('Ctrl Pts',(44.4124239101221,-28.7854648271405,4.85761725507622E-15));
#8615=CARTESIAN_POINT('Ctrl Pts',(44.412423910122,-28.7854648271405,1.));
#8616=CARTESIAN_POINT('Ctrl Pts',(44.1046938198282,-28.8252529119813,4.89526156800595E-15));
#8617=CARTESIAN_POINT('Ctrl Pts',(44.1046938198282,-28.8252529119814,1.));
#8618=CARTESIAN_POINT('Ctrl Pts',(43.5343960857616,-28.8989897851156,4.96502551713363E-15));
#8619=CARTESIAN_POINT('Ctrl Pts',(43.5343960857615,-28.8989897851157,1.00000000000001));
#8620=CARTESIAN_POINT('Ctrl Pts',(42.9595662447331,-28.9110921080408,5.03540713807167E-15));
#8621=CARTESIAN_POINT('Ctrl Pts',(42.959566244733,-28.9110921080408,1.00000000000001));
#8622=CARTESIAN_POINT('Ctrl Pts',(42.6949119985152,-28.9166640719902,5.06781115315137E-15));
#8623=CARTESIAN_POINT('Ctrl Pts',(42.6949119985152,-28.9166640719902,1.00000000000001));
#8624=CARTESIAN_POINT('',(44.4124239101221,-28.7854648271405,4.85761725507622E-15));
#8625=CARTESIAN_POINT('Ctrl Pts',(44.4124239101221,-28.7854648271405,4.85761725507622E-15));
#8626=CARTESIAN_POINT('Ctrl Pts',(44.1046938198282,-28.8252529119813,4.89526156800595E-15));
#8627=CARTESIAN_POINT('Ctrl Pts',(43.5343960857616,-28.8989897851156,4.96502551713363E-15));
#8628=CARTESIAN_POINT('Ctrl Pts',(42.9595662447331,-28.9110921080408,5.03540713807167E-15));
#8629=CARTESIAN_POINT('Ctrl Pts',(42.6949119985152,-28.9166640719902,5.06781115315137E-15));
#8630=CARTESIAN_POINT('',(44.412423910122,-28.7854648271405,1.));
#8631=CARTESIAN_POINT('',(44.4124239101221,-28.7854648271405,4.85761725507622E-15));
#8632=CARTESIAN_POINT('Ctrl Pts',(44.412423910122,-28.7854648271405,1.));
#8633=CARTESIAN_POINT('Ctrl Pts',(44.1046938198282,-28.8252529119814,1.));
#8634=CARTESIAN_POINT('Ctrl Pts',(43.5343960857615,-28.8989897851157,1.00000000000001));
#8635=CARTESIAN_POINT('Ctrl Pts',(42.959566244733,-28.9110921080408,1.00000000000001));
#8636=CARTESIAN_POINT('Ctrl Pts',(42.6949119985152,-28.9166640719902,1.00000000000001));
#8637=CARTESIAN_POINT('Ctrl Pts',(45.4022034189668,-28.7064066495289,4.73648878579658E-15));
#8638=CARTESIAN_POINT('Ctrl Pts',(45.4022034189667,-28.706406649529,1.));
#8639=CARTESIAN_POINT('Ctrl Pts',(45.2614004429249,-28.7106255039707,4.75372729328093E-15));
#8640=CARTESIAN_POINT('Ctrl Pts',(45.2614004429248,-28.7106255039707,1.));
#8641=CARTESIAN_POINT('Ctrl Pts',(44.930239769881,-28.7205480121142,4.7942712924297E-15));
#8642=CARTESIAN_POINT('Ctrl Pts',(44.9302397698809,-28.7205480121142,1.));
#8643=CARTESIAN_POINT('Ctrl Pts',(44.6014301660784,-28.7617697549918,4.83449555456411E-15));
#8644=CARTESIAN_POINT('Ctrl Pts',(44.6014301660784,-28.7617697549918,1.));
#8645=CARTESIAN_POINT('Ctrl Pts',(44.4124239101221,-28.7854648271405,4.85761725507622E-15));
#8646=CARTESIAN_POINT('Ctrl Pts',(44.412423910122,-28.7854648271405,1.));
#8647=CARTESIAN_POINT('',(45.4022034189668,-28.7064066495289,4.73648878579658E-15));
#8648=CARTESIAN_POINT('Ctrl Pts',(45.4022034189668,-28.7064066495289,4.73648878579658E-15));
#8649=CARTESIAN_POINT('Ctrl Pts',(45.2614004429249,-28.7106255039707,4.75372729328093E-15));
#8650=CARTESIAN_POINT('Ctrl Pts',(44.930239769881,-28.7205480121142,4.7942712924297E-15));
#8651=CARTESIAN_POINT('Ctrl Pts',(44.6014301660784,-28.7617697549918,4.83449555456411E-15));
#8652=CARTESIAN_POINT('Ctrl Pts',(44.4124239101221,-28.7854648271405,4.85761725507622E-15));
#8653=CARTESIAN_POINT('',(45.4022034189667,-28.706406649529,1.));
#8654=CARTESIAN_POINT('',(45.4022034189668,-28.7064066495289,4.73648878579658E-15));
#8655=CARTESIAN_POINT('Ctrl Pts',(45.4022034189667,-28.706406649529,1.));
#8656=CARTESIAN_POINT('Ctrl Pts',(45.2614004429248,-28.7106255039707,1.));
#8657=CARTESIAN_POINT('Ctrl Pts',(44.9302397698809,-28.7205480121142,1.));
#8658=CARTESIAN_POINT('Ctrl Pts',(44.6014301660784,-28.7617697549918,1.));
#8659=CARTESIAN_POINT('Ctrl Pts',(44.412423910122,-28.7854648271405,1.));
#8660=CARTESIAN_POINT('Ctrl Pts',(46.1275205443221,-28.9451643691452,4.64742335700108E-15));
#8661=CARTESIAN_POINT('Ctrl Pts',(46.127520544322,-28.9451643691452,1.));
#8662=CARTESIAN_POINT('Ctrl Pts',(46.0172646883574,-28.8763686017001,4.66099528892123E-15));
#8663=CARTESIAN_POINT('Ctrl Pts',(46.0172646883574,-28.8763686017001,1.));
#8664=CARTESIAN_POINT('Ctrl Pts',(45.7950243288448,-28.737698451655,4.68835194043717E-15));
#8665=CARTESIAN_POINT('Ctrl Pts',(45.7950243288447,-28.737698451655,1.));
#8666=CARTESIAN_POINT('Ctrl Pts',(45.5338209598437,-28.7168911984465,4.72036018099867E-15));
#8667=CARTESIAN_POINT('Ctrl Pts',(45.5338209598437,-28.7168911984465,1.));
#8668=CARTESIAN_POINT('Ctrl Pts',(45.4022034189668,-28.7064066495289,4.73648878579658E-15));
#8669=CARTESIAN_POINT('Ctrl Pts',(45.4022034189667,-28.706406649529,1.));
#8670=CARTESIAN_POINT('',(46.1275205443221,-28.9451643691452,4.64742335700108E-15));
#8671=CARTESIAN_POINT('Ctrl Pts',(46.1275205443221,-28.9451643691452,4.64742335700108E-15));
#8672=CARTESIAN_POINT('Ctrl Pts',(46.0172646883574,-28.8763686017001,4.66099528892123E-15));
#8673=CARTESIAN_POINT('Ctrl Pts',(45.7950243288448,-28.737698451655,4.68835194043717E-15));
#8674=CARTESIAN_POINT('Ctrl Pts',(45.5338209598437,-28.7168911984465,4.72036018099867E-15));
#8675=CARTESIAN_POINT('Ctrl Pts',(45.4022034189668,-28.7064066495289,4.73648878579658E-15));
#8676=CARTESIAN_POINT('',(46.127520544322,-28.9451643691452,1.));
#8677=CARTESIAN_POINT('',(46.1275205443221,-28.9451643691452,4.64742335700108E-15));
#8678=CARTESIAN_POINT('Ctrl Pts',(46.127520544322,-28.9451643691452,1.));
#8679=CARTESIAN_POINT('Ctrl Pts',(46.0172646883574,-28.8763686017001,1.));
#8680=CARTESIAN_POINT('Ctrl Pts',(45.7950243288447,-28.737698451655,1.));
#8681=CARTESIAN_POINT('Ctrl Pts',(45.5338209598437,-28.7168911984465,1.));
#8682=CARTESIAN_POINT('Ctrl Pts',(45.4022034189667,-28.706406649529,1.));
#8683=CARTESIAN_POINT('Ctrl Pts',(46.9011119208377,-30.3770911002338,4.55123306763447E-15));
#8684=CARTESIAN_POINT('Ctrl Pts',(46.9011119208377,-30.3770911002339,1.));
#8685=CARTESIAN_POINT('Ctrl Pts',(46.8671415158963,-30.0967691703464,4.55567812080719E-15));
#8686=CARTESIAN_POINT('Ctrl Pts',(46.8671415158962,-30.0967691703465,1.));
#8687=CARTESIAN_POINT('Ctrl Pts',(46.7972116181836,-29.5197114662226,4.56482850079917E-15));
#8688=CARTESIAN_POINT('Ctrl Pts',(46.7972116181835,-29.5197114662226,1.));
#8689=CARTESIAN_POINT('Ctrl Pts',(46.3549441910108,-29.1402776103272,4.61937456834565E-15));
#8690=CARTESIAN_POINT('Ctrl Pts',(46.3549441910108,-29.1402776103272,1.));
#8691=CARTESIAN_POINT('Ctrl Pts',(46.1275205443221,-28.9451643691452,4.64742335700108E-15));
#8692=CARTESIAN_POINT('Ctrl Pts',(46.127520544322,-28.9451643691452,1.));
#8693=CARTESIAN_POINT('',(46.9011119208377,-30.3770911002338,4.55123306763447E-15));
#8694=CARTESIAN_POINT('Ctrl Pts',(46.9011119208377,-30.3770911002338,4.55123306763447E-15));
#8695=CARTESIAN_POINT('Ctrl Pts',(46.8671415158963,-30.0967691703464,4.55567812080719E-15));
#8696=CARTESIAN_POINT('Ctrl Pts',(46.7972116181836,-29.5197114662226,4.56482850079917E-15));
#8697=CARTESIAN_POINT('Ctrl Pts',(46.3549441910108,-29.1402776103272,4.61937456834565E-15));
#8698=CARTESIAN_POINT('Ctrl Pts',(46.1275205443221,-28.9451643691452,4.64742335700108E-15));
#8699=CARTESIAN_POINT('',(46.9011119208377,-30.3770911002339,1.));
#8700=CARTESIAN_POINT('',(46.9011119208377,-30.3770911002338,4.55123306763447E-15));
#8701=CARTESIAN_POINT('Ctrl Pts',(46.9011119208377,-30.3770911002339,1.));
#8702=CARTESIAN_POINT('Ctrl Pts',(46.8671415158962,-30.0967691703465,1.));
#8703=CARTESIAN_POINT('Ctrl Pts',(46.7972116181835,-29.5197114662226,1.));
#8704=CARTESIAN_POINT('Ctrl Pts',(46.3549441910108,-29.1402776103272,1.));
#8705=CARTESIAN_POINT('Ctrl Pts',(46.127520544322,-28.9451643691452,1.));
#8706=CARTESIAN_POINT('Ctrl Pts',(43.4833440587802,-32.0651366116408,4.96805814152067E-15));
#8707=CARTESIAN_POINT('Ctrl Pts',(43.4833440587802,-32.0651366116408,1.00000000000001));
#8708=CARTESIAN_POINT('Ctrl Pts',(44.4514125127075,-32.1108242995104,4.8494615806434E-15));
#8709=CARTESIAN_POINT('Ctrl Pts',(44.4514125127075,-32.1108242995105,1.));
#8710=CARTESIAN_POINT('Ctrl Pts',(45.9965684219282,-32.1837474493187,4.66016693302902E-15));
#8711=CARTESIAN_POINT('Ctrl Pts',(45.9965684219282,-32.1837474493188,1.));
#8712=CARTESIAN_POINT('Ctrl Pts',(46.6551454521865,-30.8683630874698,4.58085472565304E-15));
#8713=CARTESIAN_POINT('Ctrl Pts',(46.6551454521865,-30.8683630874698,1.));
#8714=CARTESIAN_POINT('Ctrl Pts',(46.9011119208377,-30.3770911002338,4.55123306763447E-15));
#8715=CARTESIAN_POINT('Ctrl Pts',(46.9011119208377,-30.3770911002339,1.));
#8716=CARTESIAN_POINT('',(43.4833440587802,-32.0651366116408,4.96805814152067E-15));
#8717=CARTESIAN_POINT('Ctrl Pts',(43.4833440587802,-32.0651366116408,4.96805814152067E-15));
#8718=CARTESIAN_POINT('Ctrl Pts',(44.4514125127075,-32.1108242995104,4.8494615806434E-15));
#8719=CARTESIAN_POINT('Ctrl Pts',(45.9965684219282,-32.1837474493187,4.66016693302902E-15));
#8720=CARTESIAN_POINT('Ctrl Pts',(46.6551454521865,-30.8683630874698,4.58085472565304E-15));
#8721=CARTESIAN_POINT('Ctrl Pts',(46.9011119208377,-30.3770911002338,4.55123306763447E-15));
#8722=CARTESIAN_POINT('',(43.4833440587802,-32.0651366116408,1.00000000000001));
#8723=CARTESIAN_POINT('',(43.4833440587802,-32.0651366116408,4.96805814152067E-15));
#8724=CARTESIAN_POINT('Ctrl Pts',(43.4833440587802,-32.0651366116408,1.00000000000001));
#8725=CARTESIAN_POINT('Ctrl Pts',(44.4514125127075,-32.1108242995105,1.));
#8726=CARTESIAN_POINT('Ctrl Pts',(45.9965684219282,-32.1837474493188,1.));
#8727=CARTESIAN_POINT('Ctrl Pts',(46.6551454521865,-30.8683630874698,1.));
#8728=CARTESIAN_POINT('Ctrl Pts',(46.9011119208377,-30.3770911002339,1.));
#8729=CARTESIAN_POINT('Ctrl Pts',(37.2054796828703,-31.3438988855585,5.7375816243677E-15));
#8730=CARTESIAN_POINT('Ctrl Pts',(37.2054796828703,-31.3438988855585,1.00000000000001));
#8731=CARTESIAN_POINT('Ctrl Pts',(38.4133254717055,-31.5473624633699,5.58946139985279E-15));
#8732=CARTESIAN_POINT('Ctrl Pts',(38.4133254717054,-31.5473624633699,1.00000000000001));
#8733=CARTESIAN_POINT('Ctrl Pts',(40.4939655507395,-31.8978496518266,5.3343088973645E-15));
#8734=CARTESIAN_POINT('Ctrl Pts',(40.4939655507395,-31.8978496518266,1.00000000000001));
#8735=CARTESIAN_POINT('Ctrl Pts',(42.5999276130853,-32.015700231787,5.07629199015856E-15));
#8736=CARTESIAN_POINT('Ctrl Pts',(42.5999276130852,-32.015700231787,1.00000000000001));
#8737=CARTESIAN_POINT('Ctrl Pts',(43.4833440587802,-32.0651366116408,4.96805814152067E-15));
#8738=CARTESIAN_POINT('Ctrl Pts',(43.4833440587802,-32.0651366116408,1.00000000000001));
#8739=CARTESIAN_POINT('',(37.2054796828703,-31.3438988855585,5.7375816243677E-15));
#8740=CARTESIAN_POINT('Ctrl Pts',(37.2054796828703,-31.3438988855585,5.7375816243677E-15));
#8741=CARTESIAN_POINT('Ctrl Pts',(38.4133254717055,-31.5473624633699,5.58946139985279E-15));
#8742=CARTESIAN_POINT('Ctrl Pts',(40.4939655507395,-31.8978496518266,5.3343088973645E-15));
#8743=CARTESIAN_POINT('Ctrl Pts',(42.5999276130853,-32.015700231787,5.07629199015856E-15));
#8744=CARTESIAN_POINT('Ctrl Pts',(43.4833440587802,-32.0651366116408,4.96805814152067E-15));
#8745=CARTESIAN_POINT('',(37.2054796828703,-31.3438988855585,1.00000000000001));
#8746=CARTESIAN_POINT('',(37.2054796828703,-31.3438988855585,5.7375816243677E-15));
#8747=CARTESIAN_POINT('Ctrl Pts',(37.2054796828703,-31.3438988855585,1.00000000000001));
#8748=CARTESIAN_POINT('Ctrl Pts',(38.4133254717054,-31.5473624633699,1.00000000000001));
#8749=CARTESIAN_POINT('Ctrl Pts',(40.4939655507395,-31.8978496518266,1.00000000000001));
#8750=CARTESIAN_POINT('Ctrl Pts',(42.5999276130852,-32.015700231787,1.00000000000001));
#8751=CARTESIAN_POINT('Ctrl Pts',(43.4833440587802,-32.0651366116408,1.00000000000001));
#8752=CARTESIAN_POINT('Ctrl Pts',(29.7431400902242,-29.6237011985254,6.65317219437522E-15));
#8753=CARTESIAN_POINT('Ctrl Pts',(29.7431400902241,-29.6237011985254,1.00000000000001));
#8754=CARTESIAN_POINT('Ctrl Pts',(30.9992272434422,-29.970293300129,6.49899878202746E-15));
#8755=CARTESIAN_POINT('Ctrl Pts',(30.9992272434422,-29.9702933001291,1.00000000000001));
#8756=CARTESIAN_POINT('Ctrl Pts',(33.4622515053897,-30.6499155326009,6.19668468368889E-15));
#8757=CARTESIAN_POINT('Ctrl Pts',(33.4622515053897,-30.6499155326009,1.00000000000001));
#8758=CARTESIAN_POINT('Ctrl Pts',(35.9744473810208,-31.115669164064,5.88856646127996E-15));
#8759=CARTESIAN_POINT('Ctrl Pts',(35.9744473810208,-31.1156691640641,1.00000000000001));
#8760=CARTESIAN_POINT('Ctrl Pts',(37.2054796828703,-31.3438988855585,5.7375816243677E-15));
#8761=CARTESIAN_POINT('Ctrl Pts',(37.2054796828703,-31.3438988855585,1.00000000000001));
#8762=CARTESIAN_POINT('',(29.7431400902242,-29.6237011985254,6.65317219437522E-15));
#8763=CARTESIAN_POINT('Ctrl Pts',(29.7431400902242,-29.6237011985254,6.65317219437522E-15));
#8764=CARTESIAN_POINT('Ctrl Pts',(30.9992272434422,-29.970293300129,6.49899878202746E-15));
#8765=CARTESIAN_POINT('Ctrl Pts',(33.4622515053897,-30.6499155326009,6.19668468368889E-15));
#8766=CARTESIAN_POINT('Ctrl Pts',(35.9744473810208,-31.115669164064,5.88856646127996E-15));
#8767=CARTESIAN_POINT('Ctrl Pts',(37.2054796828703,-31.3438988855585,5.7375816243677E-15));
#8768=CARTESIAN_POINT('',(29.7431400902241,-29.6237011985254,1.00000000000001));
#8769=CARTESIAN_POINT('',(29.7431400902242,-29.6237011985254,6.65317219437522E-15));
#8770=CARTESIAN_POINT('Ctrl Pts',(29.7431400902241,-29.6237011985254,1.00000000000001));
#8771=CARTESIAN_POINT('Ctrl Pts',(30.9992272434422,-29.9702933001291,1.00000000000001));
#8772=CARTESIAN_POINT('Ctrl Pts',(33.4622515053897,-30.6499155326009,1.00000000000001));
#8773=CARTESIAN_POINT('Ctrl Pts',(35.9744473810208,-31.1156691640641,1.00000000000001));
#8774=CARTESIAN_POINT('Ctrl Pts',(37.2054796828703,-31.3438988855585,1.00000000000001));
#8775=CARTESIAN_POINT('Ctrl Pts',(26.9977138313498,-27.4190127578531,6.99162000625821E-15));
#8776=CARTESIAN_POINT('Ctrl Pts',(26.9977138313497,-27.4190127578532,1.00000000000001));
#8777=CARTESIAN_POINT('Ctrl Pts',(27.1841155569198,-27.8834911607079,6.96832089956817E-15));
#8778=CARTESIAN_POINT('Ctrl Pts',(27.1841155569197,-27.8834911607079,1.00000000000001));
#8779=CARTESIAN_POINT('Ctrl Pts',(27.6651972108678,-29.0822570926501,6.90818855504355E-15));
#8780=CARTESIAN_POINT('Ctrl Pts',(27.6651972108678,-29.0822570926501,1.00000000000001));
#8781=CARTESIAN_POINT('Ctrl Pts',(28.9538150284876,-29.4180288450922,6.75004242436476E-15));
#8782=CARTESIAN_POINT('Ctrl Pts',(28.9538150284875,-29.4180288450922,1.00000000000001));
#8783=CARTESIAN_POINT('Ctrl Pts',(29.7431400902242,-29.6237011985254,6.65317219437522E-15));
#8784=CARTESIAN_POINT('Ctrl Pts',(29.7431400902241,-29.6237011985254,1.00000000000001));
#8785=CARTESIAN_POINT('',(26.9977138313498,-27.4190127578531,6.99162000625821E-15));
#8786=CARTESIAN_POINT('Ctrl Pts',(26.9977138313498,-27.4190127578531,6.99162000625821E-15));
#8787=CARTESIAN_POINT('Ctrl Pts',(27.1841155569198,-27.8834911607079,6.96832089956817E-15));
#8788=CARTESIAN_POINT('Ctrl Pts',(27.6651972108678,-29.0822570926501,6.90818855504355E-15));
#8789=CARTESIAN_POINT('Ctrl Pts',(28.9538150284876,-29.4180288450922,6.75004242436476E-15));
#8790=CARTESIAN_POINT('Ctrl Pts',(29.7431400902242,-29.6237011985254,6.65317219437522E-15));
#8791=CARTESIAN_POINT('',(26.9977138313497,-27.4190127578532,1.00000000000001));
#8792=CARTESIAN_POINT('',(26.9977138313498,-27.4190127578531,6.99162000625821E-15));
#8793=CARTESIAN_POINT('Ctrl Pts',(26.9977138313497,-27.4190127578532,1.00000000000001));
#8794=CARTESIAN_POINT('Ctrl Pts',(27.1841155569197,-27.8834911607079,1.00000000000001));
#8795=CARTESIAN_POINT('Ctrl Pts',(27.6651972108678,-29.0822570926501,1.00000000000001));
#8796=CARTESIAN_POINT('Ctrl Pts',(28.9538150284875,-29.4180288450922,1.00000000000001));
#8797=CARTESIAN_POINT('Ctrl Pts',(29.7431400902241,-29.6237011985254,1.00000000000001));
#8798=CARTESIAN_POINT('Ctrl Pts',(27.9959480031704,-26.3218088361484,6.87049139098929E-15));
#8799=CARTESIAN_POINT('Ctrl Pts',(27.9959480031704,-26.3218088361485,1.00000000000001));
#8800=CARTESIAN_POINT('Ctrl Pts',(27.7068278701584,-26.3993918716134,6.90581829139001E-15));
#8801=CARTESIAN_POINT('Ctrl Pts',(27.7068278701583,-26.3993918716134,1.00000000000001));
#8802=CARTESIAN_POINT('Ctrl Pts',(27.1370845112811,-26.5522778666398,6.97543387534587E-15));
#8803=CARTESIAN_POINT('Ctrl Pts',(27.1370845112811,-26.5522778666398,1.00000000000001));
#8804=CARTESIAN_POINT('Ctrl Pts',(27.0437065249658,-27.1329879474875,6.98627854017476E-15));
#8805=CARTESIAN_POINT('Ctrl Pts',(27.0437065249658,-27.1329879474875,1.00000000000001));
#8806=CARTESIAN_POINT('Ctrl Pts',(26.9977138313498,-27.4190127578531,6.99162000625821E-15));
#8807=CARTESIAN_POINT('Ctrl Pts',(26.9977138313497,-27.4190127578532,1.00000000000001));
#8808=CARTESIAN_POINT('',(27.9959480031704,-26.3218088361484,6.87049139098929E-15));
#8809=CARTESIAN_POINT('Ctrl Pts',(27.9959480031704,-26.3218088361484,6.87049139098929E-15));
#8810=CARTESIAN_POINT('Ctrl Pts',(27.7068278701584,-26.3993918716134,6.90581829139001E-15));
#8811=CARTESIAN_POINT('Ctrl Pts',(27.1370845112811,-26.5522778666398,6.97543387534587E-15));
#8812=CARTESIAN_POINT('Ctrl Pts',(27.0437065249658,-27.1329879474875,6.98627854017476E-15));
#8813=CARTESIAN_POINT('Ctrl Pts',(26.9977138313498,-27.4190127578531,6.99162000625821E-15));
#8814=CARTESIAN_POINT('',(27.9959480031704,-26.3218088361485,1.00000000000001));
#8815=CARTESIAN_POINT('',(27.9959480031704,-26.3218088361484,6.87049139098929E-15));
#8816=CARTESIAN_POINT('Ctrl Pts',(27.9959480031704,-26.3218088361485,1.00000000000001));
#8817=CARTESIAN_POINT('Ctrl Pts',(27.7068278701583,-26.3993918716134,1.00000000000001));
#8818=CARTESIAN_POINT('Ctrl Pts',(27.1370845112811,-26.5522778666398,1.00000000000001));
#8819=CARTESIAN_POINT('Ctrl Pts',(27.0437065249658,-27.1329879474875,1.00000000000001));
#8820=CARTESIAN_POINT('Ctrl Pts',(26.9977138313497,-27.4190127578532,1.00000000000001));
#8821=CARTESIAN_POINT('Ctrl Pts',(21.2503929377435,-15.3563357191946,7.7077044800097E-15));
#8822=CARTESIAN_POINT('Ctrl Pts',(21.2503929377435,-15.3563357191946,1.00000000000001));
#8823=CARTESIAN_POINT('Ctrl Pts',(22.3177422643232,-17.1365353634545,7.57518634521162E-15));
#8824=CARTESIAN_POINT('Ctrl Pts',(22.3177422643232,-17.1365353634545,1.00000000000001));
#8825=CARTESIAN_POINT('Ctrl Pts',(24.5246089529572,-20.8173015345678,7.30118995992047E-15));
#8826=CARTESIAN_POINT('Ctrl Pts',(24.5246089529572,-20.8173015345679,1.00000000000001));
#8827=CARTESIAN_POINT('Ctrl Pts',(26.8138807158005,-24.4474030462883,7.01715372551962E-15));
#8828=CARTESIAN_POINT('Ctrl Pts',(26.8138807158005,-24.4474030462884,1.00000000000001));
#8829=CARTESIAN_POINT('Ctrl Pts',(27.9959480031704,-26.3218088361484,6.87049139098929E-15));
#8830=CARTESIAN_POINT('Ctrl Pts',(27.9959480031704,-26.3218088361485,1.00000000000001));
#8831=CARTESIAN_POINT('',(21.2503929377435,-15.3563357191946,7.7077044800097E-15));
#8832=CARTESIAN_POINT('Ctrl Pts',(21.2503929377435,-15.3563357191946,7.7077044800097E-15));
#8833=CARTESIAN_POINT('Ctrl Pts',(22.3177422643232,-17.1365353634545,7.57518634521162E-15));
#8834=CARTESIAN_POINT('Ctrl Pts',(24.5246089529572,-20.8173015345678,7.30118995992047E-15));
#8835=CARTESIAN_POINT('Ctrl Pts',(26.8138807158005,-24.4474030462883,7.01715372551962E-15));
#8836=CARTESIAN_POINT('Ctrl Pts',(27.9959480031704,-26.3218088361484,6.87049139098929E-15));
#8837=CARTESIAN_POINT('',(21.2503929377435,-15.3563357191946,1.00000000000001));
#8838=CARTESIAN_POINT('',(21.2503929377435,-15.3563357191946,7.7077044800097E-15));
#8839=CARTESIAN_POINT('Ctrl Pts',(21.2503929377435,-15.3563357191946,1.00000000000001));
#8840=CARTESIAN_POINT('Ctrl Pts',(22.3177422643232,-17.1365353634545,1.00000000000001));
#8841=CARTESIAN_POINT('Ctrl Pts',(24.5246089529572,-20.8173015345679,1.00000000000001));
#8842=CARTESIAN_POINT('Ctrl Pts',(26.8138807158005,-24.4474030462884,1.00000000000001));
#8843=CARTESIAN_POINT('Ctrl Pts',(27.9959480031704,-26.3218088361485,1.00000000000001));
#8844=CARTESIAN_POINT('Ctrl Pts',(13.8150277643717,0.124113939831272,8.63398270584706E-15));
#8845=CARTESIAN_POINT('Ctrl Pts',(13.8150277643716,0.124113939831245,1.00000000000001));
#8846=CARTESIAN_POINT('Ctrl Pts',(14.8129544763227,-2.39238041924684,8.50921745690877E-15));
#8847=CARTESIAN_POINT('Ctrl Pts',(14.8129544763226,-2.39238041924686,1.00000000000001));
#8848=CARTESIAN_POINT('Ctrl Pts',(16.9279937307413,-7.72592274177609,8.24478581485372E-15));
#8849=CARTESIAN_POINT('Ctrl Pts',(16.9279937307412,-7.72592274177612,1.00000000000001));
#8850=CARTESIAN_POINT('Ctrl Pts',(19.7564636079559,-12.719074050515,7.89333322927126E-15));
#8851=CARTESIAN_POINT('Ctrl Pts',(19.7564636079558,-12.7190740505151,1.00000000000001));
#8852=CARTESIAN_POINT('Ctrl Pts',(21.2503929377435,-15.3563357191946,7.7077044800097E-15));
#8853=CARTESIAN_POINT('Ctrl Pts',(21.2503929377435,-15.3563357191946,1.00000000000001));
#8854=CARTESIAN_POINT('',(13.8150277643717,0.124113939831272,8.63398270584706E-15));
#8855=CARTESIAN_POINT('Ctrl Pts',(13.8150277643717,0.124113939831272,8.63398270584706E-15));
#8856=CARTESIAN_POINT('Ctrl Pts',(14.8129544763227,-2.39238041924684,8.50921745690877E-15));
#8857=CARTESIAN_POINT('Ctrl Pts',(16.9279937307413,-7.72592274177609,8.24478581485372E-15));
#8858=CARTESIAN_POINT('Ctrl Pts',(19.7564636079559,-12.719074050515,7.89333322927126E-15));
#8859=CARTESIAN_POINT('Ctrl Pts',(21.2503929377435,-15.3563357191946,7.7077044800097E-15));
#8860=CARTESIAN_POINT('',(13.8150277643716,0.124113939831245,1.00000000000001));
#8861=CARTESIAN_POINT('',(13.8150277643717,0.124113939831272,8.63398270584706E-15));
#8862=CARTESIAN_POINT('Ctrl Pts',(13.8150277643716,0.124113939831245,1.00000000000001));
#8863=CARTESIAN_POINT('Ctrl Pts',(14.8129544763226,-2.39238041924686,1.00000000000001));
#8864=CARTESIAN_POINT('Ctrl Pts',(16.9279937307412,-7.72592274177612,1.00000000000001));
#8865=CARTESIAN_POINT('Ctrl Pts',(19.7564636079558,-12.7190740505151,1.00000000000001));
#8866=CARTESIAN_POINT('Ctrl Pts',(21.2503929377435,-15.3563357191946,1.00000000000001));
#8867=CARTESIAN_POINT('Ctrl Pts',(12.2575921348996,5.2572175777463,8.82992615283364E-15));
#8868=CARTESIAN_POINT('Ctrl Pts',(12.2575921348996,5.25721757774627,1.00000000000001));
#8869=CARTESIAN_POINT('Ctrl Pts',(12.3779112771171,4.70101083384109,8.8146262833782E-15));
#8870=CARTESIAN_POINT('Ctrl Pts',(12.3779112771171,4.70101083384106,1.00000000000001));
#8871=CARTESIAN_POINT('Ctrl Pts',(12.7566739694742,2.95008109858852,8.76646254450131E-15));
#8872=CARTESIAN_POINT('Ctrl Pts',(12.7566739694742,2.95008109858849,1.00000000000001));
#8873=CARTESIAN_POINT('Ctrl Pts',(13.3857715929549,1.27029383635186,8.68771501030405E-15));
#8874=CARTESIAN_POINT('Ctrl Pts',(13.3857715929548,1.27029383635183,1.00000000000001));
#8875=CARTESIAN_POINT('Ctrl Pts',(13.8150277643717,0.124113939831272,8.63398270584706E-15));
#8876=CARTESIAN_POINT('Ctrl Pts',(13.8150277643716,0.124113939831245,1.00000000000001));
#8877=CARTESIAN_POINT('',(12.2575921348996,5.2572175777463,8.82992615283364E-15));
#8878=CARTESIAN_POINT('Ctrl Pts',(12.2575921348996,5.2572175777463,8.82992615283364E-15));
#8879=CARTESIAN_POINT('Ctrl Pts',(12.3779112771171,4.70101083384109,8.8146262833782E-15));
#8880=CARTESIAN_POINT('Ctrl Pts',(12.7566739694742,2.95008109858852,8.76646254450131E-15));
#8881=CARTESIAN_POINT('Ctrl Pts',(13.3857715929549,1.27029383635186,8.68771501030405E-15));
#8882=CARTESIAN_POINT('Ctrl Pts',(13.8150277643717,0.124113939831272,8.63398270584706E-15));
#8883=CARTESIAN_POINT('',(12.2575921348996,5.25721757774627,1.00000000000001));
#8884=CARTESIAN_POINT('',(12.2575921348996,5.2572175777463,8.82992615283364E-15));
#8885=CARTESIAN_POINT('Ctrl Pts',(12.2575921348996,5.25721757774627,1.00000000000001));
#8886=CARTESIAN_POINT('Ctrl Pts',(12.3779112771171,4.70101083384106,1.00000000000001));
#8887=CARTESIAN_POINT('Ctrl Pts',(12.7566739694742,2.95008109858849,1.00000000000001));
#8888=CARTESIAN_POINT('Ctrl Pts',(13.3857715929548,1.27029383635183,1.00000000000001));
#8889=CARTESIAN_POINT('Ctrl Pts',(13.8150277643716,0.124113939831245,1.00000000000001));
#8890=CARTESIAN_POINT('Ctrl Pts',(12.7050505991709,6.59173003480785,8.77648707074346E-15));
#8891=CARTESIAN_POINT('Ctrl Pts',(12.7050505991709,6.59173003480783,1.00000000000001));
#8892=CARTESIAN_POINT('Ctrl Pts',(12.5760629100557,6.37552660640964,8.7920631340722E-15));
#8893=CARTESIAN_POINT('Ctrl Pts',(12.5760629100556,6.37552660640962,1.00000000000001));
#8894=CARTESIAN_POINT('Ctrl Pts',(12.3296749967993,5.96254214310694,8.82181600247879E-15));
#8895=CARTESIAN_POINT('Ctrl Pts',(12.3296749967992,5.96254214310691,1.00000000000001));
#8896=CARTESIAN_POINT('Ctrl Pts',(12.2808544221317,5.48483704510432,8.82730887818502E-15));
#8897=CARTESIAN_POINT('Ctrl Pts',(12.2808544221316,5.4848370451043,1.00000000000001));
#8898=CARTESIAN_POINT('Ctrl Pts',(12.2575921348996,5.2572175777463,8.82992615283364E-15));
#8899=CARTESIAN_POINT('Ctrl Pts',(12.2575921348996,5.25721757774627,1.00000000000001));
#8900=CARTESIAN_POINT('',(12.7050505991709,6.59173003480785,8.77648707074346E-15));
#8901=CARTESIAN_POINT('Ctrl Pts',(12.7050505991709,6.59173003480785,8.77648707074346E-15));
#8902=CARTESIAN_POINT('Ctrl Pts',(12.5760629100557,6.37552660640964,8.7920631340722E-15));
#8903=CARTESIAN_POINT('Ctrl Pts',(12.3296749967993,5.96254214310694,8.82181600247879E-15));
#8904=CARTESIAN_POINT('Ctrl Pts',(12.2808544221317,5.48483704510432,8.82730887818502E-15));
#8905=CARTESIAN_POINT('Ctrl Pts',(12.2575921348996,5.2572175777463,8.82992615283364E-15));
#8906=CARTESIAN_POINT('',(12.7050505991709,6.59173003480783,1.00000000000001));
#8907=CARTESIAN_POINT('',(12.7050505991709,6.59173003480785,8.77648707074346E-15));
#8908=CARTESIAN_POINT('Ctrl Pts',(12.7050505991709,6.59173003480783,1.00000000000001));
#8909=CARTESIAN_POINT('Ctrl Pts',(12.5760629100556,6.37552660640962,1.00000000000001));
#8910=CARTESIAN_POINT('Ctrl Pts',(12.3296749967992,5.96254214310691,1.00000000000001));
#8911=CARTESIAN_POINT('Ctrl Pts',(12.2808544221316,5.4848370451043,1.00000000000001));
#8912=CARTESIAN_POINT('Ctrl Pts',(12.2575921348996,5.25721757774627,1.00000000000001));
#8913=CARTESIAN_POINT('Ctrl Pts',(14.0797629804972,7.48216541794726,8.60904452593402E-15));
#8914=CARTESIAN_POINT('Ctrl Pts',(14.0797629804972,7.48216541794723,1.00000000000001));
#8915=CARTESIAN_POINT('Ctrl Pts',(13.8126868571024,7.43624765620139,8.64170410297119E-15));
#8916=CARTESIAN_POINT('Ctrl Pts',(13.8126868571023,7.43624765620137,1.00000000000001));
#8917=CARTESIAN_POINT('Ctrl Pts',(13.2327781280883,7.33654532970834,8.71261861816268E-15));
#8918=CARTESIAN_POINT('Ctrl Pts',(13.2327781280883,7.33654532970831,1.00000000000001));
#8919=CARTESIAN_POINT('Ctrl Pts',(12.8899758082138,6.85272669797288,8.75410641728585E-15));
#8920=CARTESIAN_POINT('Ctrl Pts',(12.8899758082137,6.85272669797286,1.00000000000001));
#8921=CARTESIAN_POINT('Ctrl Pts',(12.7050505991709,6.59173003480785,8.77648707074346E-15));
#8922=CARTESIAN_POINT('Ctrl Pts',(12.7050505991709,6.59173003480783,1.00000000000001));
#8923=CARTESIAN_POINT('',(14.0797629804972,7.48216541794726,8.60904452593402E-15));
#8924=CARTESIAN_POINT('Ctrl Pts',(14.0797629804972,7.48216541794726,8.60904452593402E-15));
#8925=CARTESIAN_POINT('Ctrl Pts',(13.8126868571024,7.43624765620139,8.64170410297119E-15));
#8926=CARTESIAN_POINT('Ctrl Pts',(13.2327781280883,7.33654532970834,8.71261861816268E-15));
#8927=CARTESIAN_POINT('Ctrl Pts',(12.8899758082138,6.85272669797288,8.75410641728585E-15));
#8928=CARTESIAN_POINT('Ctrl Pts',(12.7050505991709,6.59173003480785,8.77648707074346E-15));
#8929=CARTESIAN_POINT('',(14.0797629804972,7.48216541794723,1.00000000000001));
#8930=CARTESIAN_POINT('',(14.0797629804972,7.48216541794726,8.60904452593402E-15));
#8931=CARTESIAN_POINT('Ctrl Pts',(14.0797629804972,7.48216541794723,1.00000000000001));
#8932=CARTESIAN_POINT('Ctrl Pts',(13.8126868571023,7.43624765620137,1.00000000000001));
#8933=CARTESIAN_POINT('Ctrl Pts',(13.2327781280883,7.33654532970831,1.00000000000001));
#8934=CARTESIAN_POINT('Ctrl Pts',(12.8899758082137,6.85272669797286,1.00000000000001));
#8935=CARTESIAN_POINT('Ctrl Pts',(12.7050505991709,6.59173003480783,1.00000000000001));
#8936=CARTESIAN_POINT('Ctrl Pts',(15.4341882315753,5.92905193525337,8.4416018351353E-15));
#8937=CARTESIAN_POINT('Ctrl Pts',(15.4341882315752,5.92905193525334,1.00000000000001));
#8938=CARTESIAN_POINT('Ctrl Pts',(15.3101153397164,6.37477390859483,8.4572490533426E-15));
#8939=CARTESIAN_POINT('Ctrl Pts',(15.3101153397164,6.3747739085948,1.00000000000001));
#8940=CARTESIAN_POINT('Ctrl Pts',(15.0996548097268,7.13083658539797,8.48379088522414E-15));
#8941=CARTESIAN_POINT('Ctrl Pts',(15.0996548097267,7.13083658539794,1.00000000000001));
#8942=CARTESIAN_POINT('Ctrl Pts',(14.3765680671984,7.37992302162941,8.57259368220227E-15));
#8943=CARTESIAN_POINT('Ctrl Pts',(14.3765680671983,7.37992302162938,1.00000000000001));
#8944=CARTESIAN_POINT('Ctrl Pts',(14.0797629804972,7.48216541794726,8.60904452593402E-15));
#8945=CARTESIAN_POINT('Ctrl Pts',(14.0797629804972,7.48216541794723,1.00000000000001));
#8946=CARTESIAN_POINT('',(15.4341882315753,5.92905193525337,8.4416018351353E-15));
#8947=CARTESIAN_POINT('Ctrl Pts',(15.4341882315753,5.92905193525337,8.4416018351353E-15));
#8948=CARTESIAN_POINT('Ctrl Pts',(15.3101153397164,6.37477390859483,8.4572490533426E-15));
#8949=CARTESIAN_POINT('Ctrl Pts',(15.0996548097268,7.13083658539797,8.48379088522414E-15));
#8950=CARTESIAN_POINT('Ctrl Pts',(14.3765680671984,7.37992302162941,8.57259368220227E-15));
#8951=CARTESIAN_POINT('Ctrl Pts',(14.0797629804972,7.48216541794726,8.60904452593402E-15));
#8952=CARTESIAN_POINT('',(15.4341882315752,5.92905193525334,1.00000000000001));
#8953=CARTESIAN_POINT('',(15.4341882315753,5.92905193525337,8.4416018351353E-15));
#8954=CARTESIAN_POINT('Ctrl Pts',(15.4341882315752,5.92905193525334,1.00000000000001));
#8955=CARTESIAN_POINT('Ctrl Pts',(15.3101153397164,6.3747739085948,1.00000000000001));
#8956=CARTESIAN_POINT('Ctrl Pts',(15.0996548097267,7.13083658539794,1.00000000000001));
#8957=CARTESIAN_POINT('Ctrl Pts',(14.3765680671983,7.37992302162938,1.00000000000001));
#8958=CARTESIAN_POINT('Ctrl Pts',(14.0797629804972,7.48216541794723,1.00000000000001));
#8959=CARTESIAN_POINT('Ctrl Pts',(22.7653769462477,-11.5869646495213,7.52601141111705E-15));
#8960=CARTESIAN_POINT('Ctrl Pts',(22.7653769462477,-11.5869646495213,1.00000000000001));
#8961=CARTESIAN_POINT('Ctrl Pts',(21.3863834541944,-8.9341827184441,7.69758084541064E-15));
#8962=CARTESIAN_POINT('Ctrl Pts',(21.3863834541944,-8.93418271844412,1.00000000000001));
#8963=CARTESIAN_POINT('Ctrl Pts',(18.4577189010203,-3.30028491282149,8.06195480621567E-15));
#8964=CARTESIAN_POINT('Ctrl Pts',(18.4577189010202,-3.30028491282152,1.00000000000001));
#8965=CARTESIAN_POINT('Ctrl Pts',(16.4804425511252,2.73535734453436,8.31022981105579E-15));
#8966=CARTESIAN_POINT('Ctrl Pts',(16.4804425511251,2.73535734453433,1.00000000000001));
#8967=CARTESIAN_POINT('Ctrl Pts',(15.4341882315753,5.92905193525337,8.4416018351353E-15));
#8968=CARTESIAN_POINT('Ctrl Pts',(15.4341882315752,5.92905193525334,1.00000000000001));
#8969=CARTESIAN_POINT('',(22.7653769462477,-11.5869646495213,7.52601141111705E-15));
#8970=CARTESIAN_POINT('Ctrl Pts',(22.7653769462477,-11.5869646495213,7.52601141111705E-15));
#8971=CARTESIAN_POINT('Ctrl Pts',(21.3863834541944,-8.9341827184441,7.69758084541064E-15));
#8972=CARTESIAN_POINT('Ctrl Pts',(18.4577189010203,-3.30028491282149,8.06195480621567E-15));
#8973=CARTESIAN_POINT('Ctrl Pts',(16.4804425511252,2.73535734453436,8.31022981105579E-15));
#8974=CARTESIAN_POINT('Ctrl Pts',(15.4341882315753,5.92905193525337,8.4416018351353E-15));
#8975=CARTESIAN_POINT('',(22.7653769462477,-11.5869646495213,1.00000000000001));
#8976=CARTESIAN_POINT('',(22.7653769462477,-11.5869646495213,7.52601141111705E-15));
#8977=CARTESIAN_POINT('Ctrl Pts',(22.7653769462477,-11.5869646495213,1.00000000000001));
#8978=CARTESIAN_POINT('Ctrl Pts',(21.3863834541944,-8.93418271844412,1.00000000000001));
#8979=CARTESIAN_POINT('Ctrl Pts',(18.4577189010202,-3.30028491282152,1.00000000000001));
#8980=CARTESIAN_POINT('Ctrl Pts',(16.4804425511251,2.73535734453433,1.00000000000001));
#8981=CARTESIAN_POINT('Ctrl Pts',(15.4341882315752,5.92905193525334,1.00000000000001));
#8982=CARTESIAN_POINT('Ctrl Pts',(32.3202574856443,-13.5572718560241,6.35391301349384E-15));
#8983=CARTESIAN_POINT('Ctrl Pts',(32.3202574856442,-13.5572718560242,1.00000000000001));
#8984=CARTESIAN_POINT('Ctrl Pts',(31.03826969673,-13.4189368803427,6.51104648082348E-15));
#8985=CARTESIAN_POINT('Ctrl Pts',(31.03826969673,-13.4189368803428,1.00000000000001));
#8986=CARTESIAN_POINT('Ctrl Pts',(27.7940680242912,-13.0688660268267,6.90868884677662E-15));
#8987=CARTESIAN_POINT('Ctrl Pts',(27.7940680242912,-13.0688660268267,1.00000000000001));
#8988=CARTESIAN_POINT('Ctrl Pts',(24.660609346203,-12.1454693300077,7.2933525130054E-15));
#8989=CARTESIAN_POINT('Ctrl Pts',(24.6606093462029,-12.1454693300077,1.00000000000001));
#8990=CARTESIAN_POINT('Ctrl Pts',(22.7653769462477,-11.5869646495213,7.52601141111705E-15));
#8991=CARTESIAN_POINT('Ctrl Pts',(22.7653769462477,-11.5869646495213,1.00000000000001));
#8992=CARTESIAN_POINT('',(32.3202574856443,-13.5572718560241,6.35391301349384E-15));
#8993=CARTESIAN_POINT('Ctrl Pts',(32.3202574856443,-13.5572718560241,6.35391301349384E-15));
#8994=CARTESIAN_POINT('Ctrl Pts',(31.03826969673,-13.4189368803427,6.51104648082348E-15));
#8995=CARTESIAN_POINT('Ctrl Pts',(27.7940680242912,-13.0688660268267,6.90868884677662E-15));
#8996=CARTESIAN_POINT('Ctrl Pts',(24.660609346203,-12.1454693300077,7.2933525130054E-15));
#8997=CARTESIAN_POINT('Ctrl Pts',(22.7653769462477,-11.5869646495213,7.52601141111705E-15));
#8998=CARTESIAN_POINT('',(32.3202574856442,-13.5572718560242,1.00000000000001));
#8999=CARTESIAN_POINT('',(32.3202574856443,-13.5572718560241,6.35391301349384E-15));
#9000=CARTESIAN_POINT('Ctrl Pts',(32.3202574856442,-13.5572718560242,1.00000000000001));
#9001=CARTESIAN_POINT('Ctrl Pts',(31.03826969673,-13.4189368803428,1.00000000000001));
#9002=CARTESIAN_POINT('Ctrl Pts',(27.7940680242912,-13.0688660268267,1.00000000000001));
#9003=CARTESIAN_POINT('Ctrl Pts',(24.6606093462029,-12.1454693300077,1.00000000000001));
#9004=CARTESIAN_POINT('Ctrl Pts',(22.7653769462477,-11.5869646495213,1.00000000000001));
#9005=CARTESIAN_POINT('Ctrl Pts',(33.6004551139246,-13.5388082561644,6.19715819750887E-15));
#9006=CARTESIAN_POINT('Ctrl Pts',(33.6004551139246,-13.5388082561645,1.00000000000001));
#9007=CARTESIAN_POINT('Ctrl Pts',(33.3482964848549,-13.5451025843536,6.22803125910201E-15));
#9008=CARTESIAN_POINT('Ctrl Pts',(33.3482964848548,-13.5451025843536,1.00000000000001));
#9009=CARTESIAN_POINT('Ctrl Pts',(32.9216226667543,-13.5557531222738,6.28027110159718E-15));
#9010=CARTESIAN_POINT('Ctrl Pts',(32.9216226667543,-13.5557531222738,1.00000000000001));
#9011=CARTESIAN_POINT('Ctrl Pts',(32.4948238150566,-13.5568309928274,6.33253598892621E-15));
#9012=CARTESIAN_POINT('Ctrl Pts',(32.4948238150566,-13.5568309928274,1.00000000000001));
#9013=CARTESIAN_POINT('Ctrl Pts',(32.3202574856443,-13.5572718560241,6.35391301349384E-15));
#9014=CARTESIAN_POINT('Ctrl Pts',(32.3202574856442,-13.5572718560242,1.00000000000001));
#9015=CARTESIAN_POINT('',(33.6004551139246,-13.5388082561644,6.19715819750887E-15));
#9016=CARTESIAN_POINT('Ctrl Pts',(33.6004551139246,-13.5388082561644,6.19715819750887E-15));
#9017=CARTESIAN_POINT('Ctrl Pts',(33.3482964848549,-13.5451025843536,6.22803125910201E-15));
#9018=CARTESIAN_POINT('Ctrl Pts',(32.9216226667543,-13.5557531222738,6.28027110159718E-15));
#9019=CARTESIAN_POINT('Ctrl Pts',(32.4948238150566,-13.5568309928274,6.33253598892621E-15));
#9020=CARTESIAN_POINT('Ctrl Pts',(32.3202574856443,-13.5572718560241,6.35391301349384E-15));
#9021=CARTESIAN_POINT('',(33.6004551139246,-13.5388082561645,1.00000000000001));
#9022=CARTESIAN_POINT('',(33.6004551139246,-13.5388082561644,6.19715819750887E-15));
#9023=CARTESIAN_POINT('Ctrl Pts',(33.6004551139246,-13.5388082561645,1.00000000000001));
#9024=CARTESIAN_POINT('Ctrl Pts',(33.3482964848548,-13.5451025843536,1.00000000000001));
#9025=CARTESIAN_POINT('Ctrl Pts',(32.9216226667543,-13.5557531222738,1.00000000000001));
#9026=CARTESIAN_POINT('Ctrl Pts',(32.4948238150566,-13.5568309928274,1.00000000000001));
#9027=CARTESIAN_POINT('Ctrl Pts',(32.3202574856442,-13.5572718560242,1.00000000000001));
#9028=CARTESIAN_POINT('Origin',(34.0658941265332,-13.5426727079334,6.1401563931546E-15));
#9029=CARTESIAN_POINT('',(34.0658941265332,-13.5426727079334,6.1401563931546E-15));
#9030=CARTESIAN_POINT('',(61.0750017680279,-13.766924201631,0.));
#9031=CARTESIAN_POINT('',(34.0658941265331,-13.5426727079334,1.00000000000001));
#9032=CARTESIAN_POINT('',(34.0658941265332,-13.5426727079334,6.1401563931546E-15));
#9033=CARTESIAN_POINT('',(34.0658941265331,-13.5426727079334,1.00000000000001));
#9034=CARTESIAN_POINT('Ctrl Pts',(36.0872108987557,-15.3631540355621,5.89077401006712E-15));
#9035=CARTESIAN_POINT('Ctrl Pts',(36.0872108987557,-15.3631540355621,1.00000000000001));
#9036=CARTESIAN_POINT('Ctrl Pts',(35.9914357121691,-14.8366161650353,5.90303804915076E-15));
#9037=CARTESIAN_POINT('Ctrl Pts',(35.991435712169,-14.8366161650353,1.00000000000001));
#9038=CARTESIAN_POINT('Ctrl Pts',(35.7901384763709,-13.7299556441064,5.928814215768E-15));
#9039=CARTESIAN_POINT('Ctrl Pts',(35.7901384763709,-13.7299556441065,1.00000000000001));
#9040=CARTESIAN_POINT('Ctrl Pts',(34.6589005183264,-13.6070835196811,6.06747106751757E-15));
#9041=CARTESIAN_POINT('Ctrl Pts',(34.6589005183264,-13.6070835196811,1.00000000000001));
#9042=CARTESIAN_POINT('Ctrl Pts',(34.0658941265332,-13.5426727079334,6.1401563931546E-15));
#9043=CARTESIAN_POINT('Ctrl Pts',(34.0658941265331,-13.5426727079334,1.00000000000001));
#9044=CARTESIAN_POINT('',(36.0872108987557,-15.3631540355621,5.89077401006712E-15));
#9045=CARTESIAN_POINT('Ctrl Pts',(36.0872108987557,-15.3631540355621,5.89077401006712E-15));
#9046=CARTESIAN_POINT('Ctrl Pts',(35.9914357121691,-14.8366161650353,5.90303804915076E-15));
#9047=CARTESIAN_POINT('Ctrl Pts',(35.7901384763709,-13.7299556441064,5.928814215768E-15));
#9048=CARTESIAN_POINT('Ctrl Pts',(34.6589005183264,-13.6070835196811,6.06747106751757E-15));
#9049=CARTESIAN_POINT('Ctrl Pts',(34.0658941265332,-13.5426727079334,6.1401563931546E-15));
#9050=CARTESIAN_POINT('',(36.0872108987557,-15.3631540355621,1.00000000000001));
#9051=CARTESIAN_POINT('',(36.0872108987557,-15.3631540355621,5.89077401006712E-15));
#9052=CARTESIAN_POINT('Ctrl Pts',(36.0872108987557,-15.3631540355621,1.00000000000001));
#9053=CARTESIAN_POINT('Ctrl Pts',(35.991435712169,-14.8366161650353,1.00000000000001));
#9054=CARTESIAN_POINT('Ctrl Pts',(35.7901384763709,-13.7299556441065,1.00000000000001));
#9055=CARTESIAN_POINT('Ctrl Pts',(34.6589005183264,-13.6070835196811,1.00000000000001));
#9056=CARTESIAN_POINT('Ctrl Pts',(34.0658941265331,-13.5426727079334,1.00000000000001));
#9057=CARTESIAN_POINT('Ctrl Pts',(35.3801182217052,-16.4336847963478,5.97627642461998E-15));
#9058=CARTESIAN_POINT('Ctrl Pts',(35.3801182217052,-16.4336847963478,1.00000000000001));
#9059=CARTESIAN_POINT('Ctrl Pts',(35.5845354760539,-16.3263703441412,5.95135250750935E-15));
#9060=CARTESIAN_POINT('Ctrl Pts',(35.5845354760538,-16.3263703441413,1.00000000000001));
#9061=CARTESIAN_POINT('Ctrl Pts',(36.0129901041173,-16.1014413191795,5.89911245727707E-15));
#9062=CARTESIAN_POINT('Ctrl Pts',(36.0129901041172,-16.1014413191795,1.00000000000001));
#9063=CARTESIAN_POINT('Ctrl Pts',(36.0617267060599,-15.616649777453,5.89363707016393E-15));
#9064=CARTESIAN_POINT('Ctrl Pts',(36.0617267060598,-15.616649777453,1.00000000000001));
#9065=CARTESIAN_POINT('Ctrl Pts',(36.0872108987557,-15.3631540355621,5.89077401006712E-15));
#9066=CARTESIAN_POINT('Ctrl Pts',(36.0872108987557,-15.3631540355621,1.00000000000001));
#9067=CARTESIAN_POINT('',(35.3801182217052,-16.4336847963478,5.97627642461998E-15));
#9068=CARTESIAN_POINT('Ctrl Pts',(35.3801182217052,-16.4336847963478,5.97627642461998E-15));
#9069=CARTESIAN_POINT('Ctrl Pts',(35.5845354760539,-16.3263703441412,5.95135250750935E-15));
#9070=CARTESIAN_POINT('Ctrl Pts',(36.0129901041173,-16.1014413191795,5.89911245727707E-15));
#9071=CARTESIAN_POINT('Ctrl Pts',(36.0617267060599,-15.616649777453,5.89363707016393E-15));
#9072=CARTESIAN_POINT('Ctrl Pts',(36.0872108987557,-15.3631540355621,5.89077401006712E-15));
#9073=CARTESIAN_POINT('',(35.3801182217052,-16.4336847963478,1.00000000000001));
#9074=CARTESIAN_POINT('',(35.3801182217052,-16.4336847963478,5.97627642461998E-15));
#9075=CARTESIAN_POINT('Ctrl Pts',(35.3801182217052,-16.4336847963478,1.00000000000001));
#9076=CARTESIAN_POINT('Ctrl Pts',(35.5845354760538,-16.3263703441413,1.00000000000001));
#9077=CARTESIAN_POINT('Ctrl Pts',(36.0129901041172,-16.1014413191795,1.00000000000001));
#9078=CARTESIAN_POINT('Ctrl Pts',(36.0617267060598,-15.616649777453,1.00000000000001));
#9079=CARTESIAN_POINT('Ctrl Pts',(36.0872108987557,-15.3631540355621,1.00000000000001));
#9080=CARTESIAN_POINT('Ctrl Pts',(33.6037000582635,-16.6516710827574,6.19359576722332E-15));
#9081=CARTESIAN_POINT('Ctrl Pts',(33.6037000582635,-16.6516710827574,1.00000000000001));
#9082=CARTESIAN_POINT('Ctrl Pts',(33.9479256851549,-16.6518033316536,6.1514416044953E-15));
#9083=CARTESIAN_POINT('Ctrl Pts',(33.9479256851548,-16.6518033316536,1.00000000000001));
#9084=CARTESIAN_POINT('Ctrl Pts',(34.5499286604179,-16.6520346166678,6.07771980867444E-15));
#9085=CARTESIAN_POINT('Ctrl Pts',(34.5499286604179,-16.6520346166678,1.00000000000001));
#9086=CARTESIAN_POINT('Ctrl Pts',(35.1312127072712,-16.4991499345375,6.00669094543719E-15));
#9087=CARTESIAN_POINT('Ctrl Pts',(35.1312127072712,-16.4991499345375,1.00000000000001));
#9088=CARTESIAN_POINT('Ctrl Pts',(35.3801182217052,-16.4336847963478,5.97627642461998E-15));
#9089=CARTESIAN_POINT('Ctrl Pts',(35.3801182217052,-16.4336847963478,1.00000000000001));
#9090=CARTESIAN_POINT('',(33.6037000582635,-16.6516710827574,6.19359576722332E-15));
#9091=CARTESIAN_POINT('Ctrl Pts',(33.6037000582635,-16.6516710827574,6.19359576722332E-15));
#9092=CARTESIAN_POINT('Ctrl Pts',(33.9479256851549,-16.6518033316536,6.1514416044953E-15));
#9093=CARTESIAN_POINT('Ctrl Pts',(34.5499286604179,-16.6520346166678,6.07771980867444E-15));
#9094=CARTESIAN_POINT('Ctrl Pts',(35.1312127072712,-16.4991499345375,6.00669094543719E-15));
#9095=CARTESIAN_POINT('Ctrl Pts',(35.3801182217052,-16.4336847963478,5.97627642461998E-15));
#9096=CARTESIAN_POINT('',(33.6037000582635,-16.6516710827574,1.00000000000001));
#9097=CARTESIAN_POINT('',(33.6037000582635,-16.6516710827574,6.19359576722332E-15));
#9098=CARTESIAN_POINT('Ctrl Pts',(33.6037000582635,-16.6516710827574,1.00000000000001));
#9099=CARTESIAN_POINT('Ctrl Pts',(33.9479256851548,-16.6518033316536,1.00000000000001));
#9100=CARTESIAN_POINT('Ctrl Pts',(34.5499286604179,-16.6520346166678,1.00000000000001));
#9101=CARTESIAN_POINT('Ctrl Pts',(35.1312127072712,-16.4991499345375,1.00000000000001));
#9102=CARTESIAN_POINT('Ctrl Pts',(35.3801182217052,-16.4336847963478,1.00000000000001));
#9103=CARTESIAN_POINT('Ctrl Pts',(24.9162046571977,-15.328586582529,7.25881570868763E-15));
#9104=CARTESIAN_POINT('Ctrl Pts',(24.9162046571977,-15.3285865825291,1.00000000000001));
#9105=CARTESIAN_POINT('Ctrl Pts',(26.6792363122613,-15.7010895367642,7.04253529469384E-15));
#9106=CARTESIAN_POINT('Ctrl Pts',(26.6792363122613,-15.7010895367642,1.00000000000001));
#9107=CARTESIAN_POINT('Ctrl Pts',(29.5514054527339,-16.3079371148075,6.69019112153195E-15));
#9108=CARTESIAN_POINT('Ctrl Pts',(29.5514054527339,-16.3079371148076,1.00000000000001));
#9109=CARTESIAN_POINT('Ctrl Pts',(32.4747862942004,-16.5559115081536,6.33194042999386E-15));
#9110=CARTESIAN_POINT('Ctrl Pts',(32.4747862942003,-16.5559115081536,1.00000000000001));
#9111=CARTESIAN_POINT('Ctrl Pts',(33.6037000582635,-16.6516710827574,6.19359576722332E-15));
#9112=CARTESIAN_POINT('Ctrl Pts',(33.6037000582635,-16.6516710827574,1.00000000000001));
#9113=CARTESIAN_POINT('',(24.9162046571977,-15.328586582529,7.25881570868763E-15));
#9114=CARTESIAN_POINT('Ctrl Pts',(24.9162046571977,-15.328586582529,7.25881570868763E-15));
#9115=CARTESIAN_POINT('Ctrl Pts',(26.6792363122613,-15.7010895367642,7.04253529469384E-15));
#9116=CARTESIAN_POINT('Ctrl Pts',(29.5514054527339,-16.3079371148075,6.69019112153195E-15));
#9117=CARTESIAN_POINT('Ctrl Pts',(32.4747862942004,-16.5559115081536,6.33194042999386E-15));
#9118=CARTESIAN_POINT('Ctrl Pts',(33.6037000582635,-16.6516710827574,6.19359576722332E-15));
#9119=CARTESIAN_POINT('',(24.9162046571977,-15.3285865825291,1.00000000000001));
#9120=CARTESIAN_POINT('',(24.9162046571977,-15.328586582529,7.25881570868763E-15));
#9121=CARTESIAN_POINT('Ctrl Pts',(24.9162046571977,-15.3285865825291,1.00000000000001));
#9122=CARTESIAN_POINT('Ctrl Pts',(26.6792363122613,-15.7010895367642,1.00000000000001));
#9123=CARTESIAN_POINT('Ctrl Pts',(29.5514054527339,-16.3079371148076,1.00000000000001));
#9124=CARTESIAN_POINT('Ctrl Pts',(32.4747862942003,-16.5559115081536,1.00000000000001));
#9125=CARTESIAN_POINT('Ctrl Pts',(33.6037000582635,-16.6516710827574,1.00000000000001));
#9126=CARTESIAN_POINT('Ctrl Pts',(28.5017221841047,-21.4676592560616,6.81348958663502E-15));
#9127=CARTESIAN_POINT('Ctrl Pts',(28.5017221841046,-21.4676592560616,1.00000000000001));
#9128=CARTESIAN_POINT('Ctrl Pts',(27.7715404547253,-20.3019218838382,6.90409325841423E-15));
#9129=CARTESIAN_POINT('Ctrl Pts',(27.7715404547252,-20.3019218838382,1.00000000000001));
#9130=CARTESIAN_POINT('Ctrl Pts',(26.5128251657417,-18.2923790613901,7.06027934513469E-15));
#9131=CARTESIAN_POINT('Ctrl Pts',(26.5128251657416,-18.2923790613902,1.00000000000001));
#9132=CARTESIAN_POINT('Ctrl Pts',(25.3883647155939,-16.2050531081717,7.20010360990943E-15));
#9133=CARTESIAN_POINT('Ctrl Pts',(25.3883647155939,-16.2050531081717,1.00000000000001));
#9134=CARTESIAN_POINT('Ctrl Pts',(24.9162046571977,-15.328586582529,7.25881570868763E-15));
#9135=CARTESIAN_POINT('Ctrl Pts',(24.9162046571977,-15.3285865825291,1.00000000000001));
#9136=CARTESIAN_POINT('',(28.5017221841047,-21.4676592560616,6.81348958663502E-15));
#9137=CARTESIAN_POINT('Ctrl Pts',(28.5017221841047,-21.4676592560616,6.81348958663502E-15));
#9138=CARTESIAN_POINT('Ctrl Pts',(27.7715404547253,-20.3019218838382,6.90409325841423E-15));
#9139=CARTESIAN_POINT('Ctrl Pts',(26.5128251657417,-18.2923790613901,7.06027934513469E-15));
#9140=CARTESIAN_POINT('Ctrl Pts',(25.3883647155939,-16.2050531081717,7.20010360990943E-15));
#9141=CARTESIAN_POINT('Ctrl Pts',(24.9162046571977,-15.328586582529,7.25881570868763E-15));
#9142=CARTESIAN_POINT('',(28.5017221841046,-21.4676592560616,1.00000000000001));
#9143=CARTESIAN_POINT('',(28.5017221841047,-21.4676592560616,6.81348958663502E-15));
#9144=CARTESIAN_POINT('Ctrl Pts',(28.5017221841046,-21.4676592560616,1.00000000000001));
#9145=CARTESIAN_POINT('Ctrl Pts',(27.7715404547252,-20.3019218838382,1.00000000000001));
#9146=CARTESIAN_POINT('Ctrl Pts',(26.5128251657416,-18.2923790613902,1.00000000000001));
#9147=CARTESIAN_POINT('Ctrl Pts',(25.3883647155939,-16.2050531081717,1.00000000000001));
#9148=CARTESIAN_POINT('Ctrl Pts',(24.9162046571977,-15.3285865825291,1.00000000000001));
#9149=CARTESIAN_POINT('Ctrl Pts',(32.4697549417775,-27.0862511070223,6.32184968103116E-15));
#9150=CARTESIAN_POINT('Ctrl Pts',(32.4697549417774,-27.0862511070224,1.00000000000001));
#9151=CARTESIAN_POINT('Ctrl Pts',(31.8776506950062,-26.3430828700319,6.39511466700939E-15));
#9152=CARTESIAN_POINT('Ctrl Pts',(31.8776506950061,-26.3430828700319,1.00000000000001));
#9153=CARTESIAN_POINT('Ctrl Pts',(30.4470333476428,-24.5474710708504,6.57213444091971E-15));
#9154=CARTESIAN_POINT('Ctrl Pts',(30.4470333476428,-24.5474710708504,1.00000000000001));
#9155=CARTESIAN_POINT('Ctrl Pts',(29.2205741552747,-22.6057439159301,6.72430147858246E-15));
#9156=CARTESIAN_POINT('Ctrl Pts',(29.2205741552747,-22.6057439159301,1.00000000000001));
#9157=CARTESIAN_POINT('Ctrl Pts',(28.5017221841047,-21.4676592560616,6.81348958663502E-15));
#9158=CARTESIAN_POINT('Ctrl Pts',(28.5017221841046,-21.4676592560616,1.00000000000001));
#9159=CARTESIAN_POINT('Ctrl Pts',(32.4697549417775,-27.0862511070223,6.32184968103116E-15));
#9160=CARTESIAN_POINT('Ctrl Pts',(31.8776506950062,-26.3430828700319,6.39511466700939E-15));
#9161=CARTESIAN_POINT('Ctrl Pts',(30.4470333476428,-24.5474710708504,6.57213444091971E-15));
#9162=CARTESIAN_POINT('Ctrl Pts',(29.2205741552747,-22.6057439159301,6.72430147858246E-15));
#9163=CARTESIAN_POINT('Ctrl Pts',(28.5017221841047,-21.4676592560616,6.81348958663502E-15));
#9164=CARTESIAN_POINT('Ctrl Pts',(32.4697549417774,-27.0862511070224,1.00000000000001));
#9165=CARTESIAN_POINT('Ctrl Pts',(31.8776506950061,-26.3430828700319,1.00000000000001));
#9166=CARTESIAN_POINT('Ctrl Pts',(30.4470333476428,-24.5474710708504,1.00000000000001));
#9167=CARTESIAN_POINT('Ctrl Pts',(29.2205741552747,-22.6057439159301,1.00000000000001));
#9168=CARTESIAN_POINT('Ctrl Pts',(28.5017221841046,-21.4676592560616,1.00000000000001));
#9169=CARTESIAN_POINT('Origin',(84.2227577766376,-12.4298780003451,1.00000000000249));
#9170=CARTESIAN_POINT('Ctrl Pts',(112.308334367566,-8.31573996809336,-3.43613418328549E-15));
#9171=CARTESIAN_POINT('Ctrl Pts',(112.308334367566,-8.31573996809339,0.999999999999997));
#9172=CARTESIAN_POINT('Ctrl Pts',(111.500124045596,-7.52678222743213,-3.33635819094202E-15));
#9173=CARTESIAN_POINT('Ctrl Pts',(111.500124045596,-7.52678222743216,0.999999999999997));
#9174=CARTESIAN_POINT('Ctrl Pts',(109.767122870598,-5.83506330919815,-3.1224139894547E-15));
#9175=CARTESIAN_POINT('Ctrl Pts',(109.767122870598,-5.83506330919818,0.999999999999997));
#9176=CARTESIAN_POINT('Ctrl Pts',(108.743200197804,-3.63646740844,-2.99478849154617E-15));
#9177=CARTESIAN_POINT('Ctrl Pts',(108.743200197804,-3.63646740844002,0.999999999999997));
#9178=CARTESIAN_POINT('Ctrl Pts',(108.196798766767,-2.46321870678983,-2.92668300218953E-15));
#9179=CARTESIAN_POINT('Ctrl Pts',(108.196798766767,-2.46321870678986,0.999999999999997));
#9180=CARTESIAN_POINT('',(112.308334367566,-8.31573996809336,-3.43613418328549E-15));
#9181=CARTESIAN_POINT('',(108.196798766767,-2.46321870678983,-2.92668300218953E-15));
#9182=CARTESIAN_POINT('Ctrl Pts',(112.308334367566,-8.31573996809336,-3.43613418328549E-15));
#9183=CARTESIAN_POINT('Ctrl Pts',(111.500124045596,-7.52678222743213,-3.33635819094202E-15));
#9184=CARTESIAN_POINT('Ctrl Pts',(109.767122870598,-5.83506330919815,-3.1224139894547E-15));
#9185=CARTESIAN_POINT('Ctrl Pts',(108.743200197804,-3.63646740844,-2.99478849154617E-15));
#9186=CARTESIAN_POINT('Ctrl Pts',(108.196798766767,-2.46321870678983,-2.92668300218953E-15));
#9187=CARTESIAN_POINT('',(112.308334367566,-8.31573996809339,0.999999999999997));
#9188=CARTESIAN_POINT('',(112.308334367566,-8.31573996809336,-3.43613418328549E-15));
#9189=CARTESIAN_POINT('',(108.196798766767,-2.46321870678986,0.999999999999997));
#9190=CARTESIAN_POINT('Ctrl Pts',(112.308334367566,-8.31573996809339,0.999999999999997));
#9191=CARTESIAN_POINT('Ctrl Pts',(111.500124045596,-7.52678222743216,0.999999999999997));
#9192=CARTESIAN_POINT('Ctrl Pts',(109.767122870598,-5.83506330919818,0.999999999999997));
#9193=CARTESIAN_POINT('Ctrl Pts',(108.743200197804,-3.63646740844002,0.999999999999997));
#9194=CARTESIAN_POINT('Ctrl Pts',(108.196798766767,-2.46321870678986,0.999999999999997));
#9195=CARTESIAN_POINT('',(108.196798766767,-2.46321870678983,-2.92668300218953E-15));
#9196=CARTESIAN_POINT('Ctrl Pts',(114.451569611091,-9.46811975177051,-3.69976745542936E-15));
#9197=CARTESIAN_POINT('Ctrl Pts',(114.451569611091,-9.46811975177054,0.999999999999996));
#9198=CARTESIAN_POINT('Ctrl Pts',(114.138570098084,-9.38788351194743,-3.66135580992983E-15));
#9199=CARTESIAN_POINT('Ctrl Pts',(114.138570098084,-9.38788351194746,0.999999999999996));
#9200=CARTESIAN_POINT('Ctrl Pts',(113.335843400146,-9.18210756287499,-3.56284430408748E-15));
#9201=CARTESIAN_POINT('Ctrl Pts',(113.335843400146,-9.18210756287502,0.999999999999996));
#9202=CARTESIAN_POINT('Ctrl Pts',(112.697670585041,-8.64401764896987,-3.48414625674138E-15));
#9203=CARTESIAN_POINT('Ctrl Pts',(112.697670585041,-8.6440176489699,0.999999999999997));
#9204=CARTESIAN_POINT('Ctrl Pts',(112.308334367566,-8.31573996809336,-3.43613418328549E-15));
#9205=CARTESIAN_POINT('Ctrl Pts',(112.308334367566,-8.31573996809339,0.999999999999997));
#9206=CARTESIAN_POINT('',(114.451569611091,-9.46811975177051,-3.69976745542936E-15));
#9207=CARTESIAN_POINT('Ctrl Pts',(114.451569611091,-9.46811975177051,-3.69976745542936E-15));
#9208=CARTESIAN_POINT('Ctrl Pts',(114.138570098084,-9.38788351194743,-3.66135580992983E-15));
#9209=CARTESIAN_POINT('Ctrl Pts',(113.335843400146,-9.18210756287499,-3.56284430408748E-15));
#9210=CARTESIAN_POINT('Ctrl Pts',(112.697670585041,-8.64401764896987,-3.48414625674138E-15));
#9211=CARTESIAN_POINT('Ctrl Pts',(112.308334367566,-8.31573996809336,-3.43613418328549E-15));
#9212=CARTESIAN_POINT('',(114.451569611091,-9.46811975177054,0.999999999999996));
#9213=CARTESIAN_POINT('',(114.451569611091,-9.46811975177051,-3.69976745542936E-15));
#9214=CARTESIAN_POINT('Ctrl Pts',(114.451569611091,-9.46811975177054,0.999999999999996));
#9215=CARTESIAN_POINT('Ctrl Pts',(114.138570098084,-9.38788351194746,0.999999999999996));
#9216=CARTESIAN_POINT('Ctrl Pts',(113.335843400146,-9.18210756287502,0.999999999999996));
#9217=CARTESIAN_POINT('Ctrl Pts',(112.697670585041,-8.6440176489699,0.999999999999997));
#9218=CARTESIAN_POINT('Ctrl Pts',(112.308334367566,-8.31573996809339,0.999999999999997));
#9219=CARTESIAN_POINT('Ctrl Pts',(115.009111675494,-8.89091123680634,-3.76745742657592E-15));
#9220=CARTESIAN_POINT('Ctrl Pts',(115.009111675494,-8.89091123680637,0.999999999999996));
#9221=CARTESIAN_POINT('Ctrl Pts',(114.986619754152,-9.06040632027082,-3.76487539239376E-15));
#9222=CARTESIAN_POINT('Ctrl Pts',(114.986619754152,-9.06040632027085,0.999999999999996));
#9223=CARTESIAN_POINT('Ctrl Pts',(114.942540069477,-9.39258291469398,-3.75981511982545E-15));
#9224=CARTESIAN_POINT('Ctrl Pts',(114.942540069476,-9.39258291469401,0.999999999999996));
#9225=CARTESIAN_POINT('Ctrl Pts',(114.612973082384,-9.44328748843077,-3.71950775000523E-15));
#9226=CARTESIAN_POINT('Ctrl Pts',(114.612973082384,-9.4432874884308,0.999999999999996));
#9227=CARTESIAN_POINT('Ctrl Pts',(114.451569611091,-9.46811975177051,-3.69976745542936E-15));
#9228=CARTESIAN_POINT('Ctrl Pts',(114.451569611091,-9.46811975177054,0.999999999999996));
#9229=CARTESIAN_POINT('',(115.009111675494,-8.89091123680634,-3.76745742657592E-15));
#9230=CARTESIAN_POINT('Ctrl Pts',(115.009111675494,-8.89091123680634,-3.76745742657592E-15));
#9231=CARTESIAN_POINT('Ctrl Pts',(114.986619754152,-9.06040632027082,-3.76487539239376E-15));
#9232=CARTESIAN_POINT('Ctrl Pts',(114.942540069477,-9.39258291469398,-3.75981511982545E-15));
#9233=CARTESIAN_POINT('Ctrl Pts',(114.612973082384,-9.44328748843077,-3.71950775000523E-15));
#9234=CARTESIAN_POINT('Ctrl Pts',(114.451569611091,-9.46811975177051,-3.69976745542936E-15));
#9235=CARTESIAN_POINT('',(115.009111675494,-8.89091123680637,0.999999999999996));
#9236=CARTESIAN_POINT('',(115.009111675494,-8.89091123680634,-3.76745742657592E-15));
#9237=CARTESIAN_POINT('Ctrl Pts',(115.009111675494,-8.89091123680637,0.999999999999996));
#9238=CARTESIAN_POINT('Ctrl Pts',(114.986619754152,-9.06040632027085,0.999999999999996));
#9239=CARTESIAN_POINT('Ctrl Pts',(114.942540069476,-9.39258291469401,0.999999999999996));
#9240=CARTESIAN_POINT('Ctrl Pts',(114.612973082384,-9.4432874884308,0.999999999999996));
#9241=CARTESIAN_POINT('Ctrl Pts',(114.451569611091,-9.46811975177054,0.999999999999996));
#9242=CARTESIAN_POINT('Ctrl Pts',(114.583149211816,-7.63642067629753,-3.71401834448575E-15));
#9243=CARTESIAN_POINT('Ctrl Pts',(114.583149211816,-7.63642067629756,0.999999999999996));
#9244=CARTESIAN_POINT('Ctrl Pts',(114.708195158696,-7.85216913069791,-3.72955089421539E-15));
#9245=CARTESIAN_POINT('Ctrl Pts',(114.708195158696,-7.85216913069794,0.999999999999996));
#9246=CARTESIAN_POINT('Ctrl Pts',(114.934710413903,-8.24298800510545,-3.75768742765609E-15));
#9247=CARTESIAN_POINT('Ctrl Pts',(114.934710413903,-8.24298800510548,0.999999999999996));
#9248=CARTESIAN_POINT('Ctrl Pts',(114.986093992982,-8.69046179656097,-3.76443486044639E-15));
#9249=CARTESIAN_POINT('Ctrl Pts',(114.986093992982,-8.690461796561,0.999999999999996));
#9250=CARTESIAN_POINT('Ctrl Pts',(115.009111675494,-8.89091123680634,-3.76745742657592E-15));
#9251=CARTESIAN_POINT('Ctrl Pts',(115.009111675494,-8.89091123680637,0.999999999999996));
#9252=CARTESIAN_POINT('',(114.583149211816,-7.63642067629753,-3.71401834448575E-15));
#9253=CARTESIAN_POINT('Ctrl Pts',(114.583149211816,-7.63642067629753,-3.71401834448575E-15));
#9254=CARTESIAN_POINT('Ctrl Pts',(114.708195158696,-7.85216913069791,-3.72955089421539E-15));
#9255=CARTESIAN_POINT('Ctrl Pts',(114.934710413903,-8.24298800510545,-3.75768742765609E-15));
#9256=CARTESIAN_POINT('Ctrl Pts',(114.986093992982,-8.69046179656097,-3.76443486044639E-15));
#9257=CARTESIAN_POINT('Ctrl Pts',(115.009111675494,-8.89091123680634,-3.76745742657592E-15));
#9258=CARTESIAN_POINT('',(114.583149211816,-7.63642067629756,0.999999999999996));
#9259=CARTESIAN_POINT('',(114.583149211816,-7.63642067629753,-3.71401834448575E-15));
#9260=CARTESIAN_POINT('Ctrl Pts',(114.583149211816,-7.63642067629756,0.999999999999996));
#9261=CARTESIAN_POINT('Ctrl Pts',(114.708195158696,-7.85216913069794,0.999999999999996));
#9262=CARTESIAN_POINT('Ctrl Pts',(114.934710413903,-8.24298800510548,0.999999999999996));
#9263=CARTESIAN_POINT('Ctrl Pts',(114.986093992982,-8.690461796561,0.999999999999996));
#9264=CARTESIAN_POINT('Ctrl Pts',(115.009111675494,-8.89091123680637,0.999999999999996));
#9265=CARTESIAN_POINT('Ctrl Pts',(111.383642892497,-4.06064402184547,-3.31856960418414E-15));
#9266=CARTESIAN_POINT('Ctrl Pts',(111.383642892497,-4.0606440218455,0.999999999999997));
#9267=CARTESIAN_POINT('Ctrl Pts',(112.017008127906,-4.59696411797616,-3.39667711362355E-15));
#9268=CARTESIAN_POINT('Ctrl Pts',(112.017008127906,-4.59696411797619,0.999999999999997));
#9269=CARTESIAN_POINT('Ctrl Pts',(113.249801465429,-5.64086707369022,-3.54870695653921E-15));
#9270=CARTESIAN_POINT('Ctrl Pts',(113.249801465429,-5.64086707369024,0.999999999999996));
#9271=CARTESIAN_POINT('Ctrl Pts',(114.146932228549,-6.98355695426012,-3.65993520290091E-15));
#9272=CARTESIAN_POINT('Ctrl Pts',(114.146932228549,-6.98355695426015,0.999999999999996));
#9273=CARTESIAN_POINT('Ctrl Pts',(114.583149211816,-7.63642067629753,-3.71401834448575E-15));
#9274=CARTESIAN_POINT('Ctrl Pts',(114.583149211816,-7.63642067629756,0.999999999999996));
#9275=CARTESIAN_POINT('',(111.383642892497,-4.06064402184547,-3.31856960418414E-15));
#9276=CARTESIAN_POINT('Ctrl Pts',(111.383642892497,-4.06064402184547,-3.31856960418414E-15));
#9277=CARTESIAN_POINT('Ctrl Pts',(112.017008127906,-4.59696411797616,-3.39667711362355E-15));
#9278=CARTESIAN_POINT('Ctrl Pts',(113.249801465429,-5.64086707369022,-3.54870695653921E-15));
#9279=CARTESIAN_POINT('Ctrl Pts',(114.146932228549,-6.98355695426012,-3.65993520290091E-15));
#9280=CARTESIAN_POINT('Ctrl Pts',(114.583149211816,-7.63642067629753,-3.71401834448575E-15));
#9281=CARTESIAN_POINT('',(111.383642892497,-4.0606440218455,0.999999999999997));
#9282=CARTESIAN_POINT('',(111.383642892497,-4.06064402184547,-3.31856960418414E-15));
#9283=CARTESIAN_POINT('Ctrl Pts',(111.383642892497,-4.0606440218455,0.999999999999997));
#9284=CARTESIAN_POINT('Ctrl Pts',(112.017008127906,-4.59696411797619,0.999999999999997));
#9285=CARTESIAN_POINT('Ctrl Pts',(113.249801465429,-5.64086707369024,0.999999999999996));
#9286=CARTESIAN_POINT('Ctrl Pts',(114.146932228549,-6.98355695426015,0.999999999999996));
#9287=CARTESIAN_POINT('Ctrl Pts',(114.583149211816,-7.63642067629756,0.999999999999996));
#9288=CARTESIAN_POINT('Ctrl Pts',(108.196798766767,-2.46321870678983,-2.92668300218953E-15));
#9289=CARTESIAN_POINT('Ctrl Pts',(108.196798766767,-2.46321870678986,0.999999999999997));
#9290=CARTESIAN_POINT('Ctrl Pts',(108.813285651666,-2.69103987298311,-3.00240990987281E-15));
#9291=CARTESIAN_POINT('Ctrl Pts',(108.813285651666,-2.69103987298313,0.999999999999997));
#9292=CARTESIAN_POINT('Ctrl Pts',(109.935680029321,-3.1058178712009,-3.14028057266035E-15));
#9293=CARTESIAN_POINT('Ctrl Pts',(109.935680029321,-3.10581787120093,0.999999999999997));
#9294=CARTESIAN_POINT('Ctrl Pts',(110.933766076027,-3.76398299561437,-3.26317584792611E-15));
#9295=CARTESIAN_POINT('Ctrl Pts',(110.933766076027,-3.7639829956144,0.999999999999997));
#9296=CARTESIAN_POINT('Ctrl Pts',(111.383642892497,-4.06064402184547,-3.31856960418414E-15));
#9297=CARTESIAN_POINT('Ctrl Pts',(111.383642892497,-4.0606440218455,0.999999999999997));
#9298=CARTESIAN_POINT('Ctrl Pts',(108.196798766767,-2.46321870678983,-2.92668300218953E-15));
#9299=CARTESIAN_POINT('Ctrl Pts',(108.813285651666,-2.69103987298311,-3.00240990987281E-15));
#9300=CARTESIAN_POINT('Ctrl Pts',(109.935680029321,-3.1058178712009,-3.14028057266035E-15));
#9301=CARTESIAN_POINT('Ctrl Pts',(110.933766076027,-3.76398299561437,-3.26317584792611E-15));
#9302=CARTESIAN_POINT('Ctrl Pts',(111.383642892497,-4.06064402184547,-3.31856960418414E-15));
#9303=CARTESIAN_POINT('Ctrl Pts',(108.196798766767,-2.46321870678986,0.999999999999997));
#9304=CARTESIAN_POINT('Ctrl Pts',(108.813285651666,-2.69103987298313,0.999999999999997));
#9305=CARTESIAN_POINT('Ctrl Pts',(109.935680029321,-3.10581787120093,0.999999999999997));
#9306=CARTESIAN_POINT('Ctrl Pts',(110.933766076027,-3.7639829956144,0.999999999999997));
#9307=CARTESIAN_POINT('Ctrl Pts',(111.383642892497,-4.0606440218455,0.999999999999997));
#9308=CARTESIAN_POINT('Ctrl Pts',(116.365598396669,-6.69118974747118,-3.93133681115345E-15));
#9309=CARTESIAN_POINT('Ctrl Pts',(116.365598396669,-6.69118974747121,0.999999999999996));
#9310=CARTESIAN_POINT('Ctrl Pts',(115.245453862922,-5.24187500767753,-3.79268978355614E-15));
#9311=CARTESIAN_POINT('Ctrl Pts',(115.245453862922,-5.24187500767755,0.999999999999996));
#9312=CARTESIAN_POINT('Ctrl Pts',(112.932950334863,-2.24980983388448,-3.506457310144E-15));
#9313=CARTESIAN_POINT('Ctrl Pts',(112.932950334863,-2.24980983388451,0.999999999999997));
#9314=CARTESIAN_POINT('Ctrl Pts',(109.398210288688,-0.890021932693941,-3.07220883568388E-15));
#9315=CARTESIAN_POINT('Ctrl Pts',(109.398210288688,-0.890021932693969,0.999999999999997));
#9316=CARTESIAN_POINT('Ctrl Pts',(107.575649139928,-0.188896371298028,-2.84830428029357E-15));
#9317=CARTESIAN_POINT('Ctrl Pts',(107.575649139928,-0.188896371298057,0.999999999999997));
#9318=CARTESIAN_POINT('',(116.365598396669,-6.69118974747118,-3.93133681115345E-15));
#9319=CARTESIAN_POINT('',(107.575649139928,-0.188896371298028,-2.84830428029357E-15));
#9320=CARTESIAN_POINT('Ctrl Pts',(116.365598396669,-6.69118974747118,-3.93133681115345E-15));
#9321=CARTESIAN_POINT('Ctrl Pts',(115.245453862922,-5.24187500767753,-3.79268978355614E-15));
#9322=CARTESIAN_POINT('Ctrl Pts',(112.932950334863,-2.24980983388448,-3.506457310144E-15));
#9323=CARTESIAN_POINT('Ctrl Pts',(109.398210288688,-0.890021932693941,-3.07220883568388E-15));
#9324=CARTESIAN_POINT('Ctrl Pts',(107.575649139928,-0.188896371298028,-2.84830428029357E-15));
#9325=CARTESIAN_POINT('',(116.365598396669,-6.69118974747121,0.999999999999996));
#9326=CARTESIAN_POINT('',(116.365598396669,-6.69118974747118,-3.93133681115345E-15));
#9327=CARTESIAN_POINT('',(107.575649139928,-0.188896371298057,0.999999999999997));
#9328=CARTESIAN_POINT('Ctrl Pts',(116.365598396669,-6.69118974747121,0.999999999999996));
#9329=CARTESIAN_POINT('Ctrl Pts',(115.245453862922,-5.24187500767755,0.999999999999996));
#9330=CARTESIAN_POINT('Ctrl Pts',(112.932950334863,-2.24980983388451,0.999999999999997));
#9331=CARTESIAN_POINT('Ctrl Pts',(109.398210288688,-0.890021932693969,0.999999999999997));
#9332=CARTESIAN_POINT('Ctrl Pts',(107.575649139928,-0.188896371298057,0.999999999999997));
#9333=CARTESIAN_POINT('',(107.575649139928,-0.188896371298028,-2.84830428029357E-15));
#9334=CARTESIAN_POINT('Ctrl Pts',(117.759607640737,-10.484711251648,-4.10590494648036E-15));
#9335=CARTESIAN_POINT('Ctrl Pts',(117.759607640737,-10.484711251648,0.999999999999996));
#9336=CARTESIAN_POINT('Ctrl Pts',(117.677859100315,-9.90046069396891,-4.09529993662917E-15));
#9337=CARTESIAN_POINT('Ctrl Pts',(117.677859100315,-9.90046069396894,0.999999999999996));
#9338=CARTESIAN_POINT('Ctrl Pts',(117.487651452882,-8.54106120482248,-4.07062482971723E-15));
#9339=CARTESIAN_POINT('Ctrl Pts',(117.487651452882,-8.54106120482251,0.999999999999996));
#9340=CARTESIAN_POINT('Ctrl Pts',(116.773065483934,-7.36295988380076,-3.98191845067646E-15));
#9341=CARTESIAN_POINT('Ctrl Pts',(116.773065483934,-7.36295988380078,0.999999999999996));
#9342=CARTESIAN_POINT('Ctrl Pts',(116.365598396669,-6.69118974747118,-3.93133681115345E-15));
#9343=CARTESIAN_POINT('Ctrl Pts',(116.365598396669,-6.69118974747121,0.999999999999996));
#9344=CARTESIAN_POINT('',(117.759607640737,-10.484711251648,-4.10590494648036E-15));
#9345=CARTESIAN_POINT('Ctrl Pts',(117.759607640737,-10.484711251648,-4.10590494648036E-15));
#9346=CARTESIAN_POINT('Ctrl Pts',(117.677859100315,-9.90046069396891,-4.09529993662917E-15));
#9347=CARTESIAN_POINT('Ctrl Pts',(117.487651452882,-8.54106120482248,-4.07062482971723E-15));
#9348=CARTESIAN_POINT('Ctrl Pts',(116.773065483934,-7.36295988380076,-3.98191845067646E-15));
#9349=CARTESIAN_POINT('Ctrl Pts',(116.365598396669,-6.69118974747118,-3.93133681115345E-15));
#9350=CARTESIAN_POINT('',(117.759607640737,-10.484711251648,0.999999999999996));
#9351=CARTESIAN_POINT('',(117.759607640737,-10.484711251648,-4.10590494648036E-15));
#9352=CARTESIAN_POINT('Ctrl Pts',(117.759607640737,-10.484711251648,0.999999999999996));
#9353=CARTESIAN_POINT('Ctrl Pts',(117.677859100315,-9.90046069396894,0.999999999999996));
#9354=CARTESIAN_POINT('Ctrl Pts',(117.487651452882,-8.54106120482251,0.999999999999996));
#9355=CARTESIAN_POINT('Ctrl Pts',(116.773065483934,-7.36295988380078,0.999999999999996));
#9356=CARTESIAN_POINT('Ctrl Pts',(116.365598396669,-6.69118974747121,0.999999999999996));
#9357=CARTESIAN_POINT('Ctrl Pts',(116.989990563949,-12.0783772738648,-4.0132776713564E-15));
#9358=CARTESIAN_POINT('Ctrl Pts',(116.989990563949,-12.0783772738648,0.999999999999996));
#9359=CARTESIAN_POINT('Ctrl Pts',(117.212412057585,-11.8600068806403,-4.04029347797501E-15));
#9360=CARTESIAN_POINT('Ctrl Pts',(117.212412057585,-11.8600068806403,0.999999999999996));
#9361=CARTESIAN_POINT('Ctrl Pts',(117.659484170271,-11.4210775692197,-4.09459584571582E-15));
#9362=CARTESIAN_POINT('Ctrl Pts',(117.659484170271,-11.4210775692197,0.999999999999996));
#9363=CARTESIAN_POINT('Ctrl Pts',(117.726122396664,-10.7978691409994,-4.1021227363993E-15));
#9364=CARTESIAN_POINT('Ctrl Pts',(117.726122396664,-10.7978691409995,0.999999999999996));
#9365=CARTESIAN_POINT('Ctrl Pts',(117.759607640737,-10.484711251648,-4.10590494648036E-15));
#9366=CARTESIAN_POINT('Ctrl Pts',(117.759607640737,-10.484711251648,0.999999999999996));
#9367=CARTESIAN_POINT('',(116.989990563949,-12.0783772738648,-4.0132776713564E-15));
#9368=CARTESIAN_POINT('Ctrl Pts',(116.989990563949,-12.0783772738648,-4.0132776713564E-15));
#9369=CARTESIAN_POINT('Ctrl Pts',(117.212412057585,-11.8600068806403,-4.04029347797501E-15));
#9370=CARTESIAN_POINT('Ctrl Pts',(117.659484170271,-11.4210775692197,-4.09459584571582E-15));
#9371=CARTESIAN_POINT('Ctrl Pts',(117.726122396664,-10.7978691409994,-4.1021227363993E-15));
#9372=CARTESIAN_POINT('Ctrl Pts',(117.759607640737,-10.484711251648,-4.10590494648036E-15));
#9373=CARTESIAN_POINT('',(116.989990563949,-12.0783772738648,0.999999999999996));
#9374=CARTESIAN_POINT('',(116.989990563949,-12.0783772738648,-4.0132776713564E-15));
#9375=CARTESIAN_POINT('Ctrl Pts',(116.989990563949,-12.0783772738648,0.999999999999996));
#9376=CARTESIAN_POINT('Ctrl Pts',(117.212412057585,-11.8600068806403,0.999999999999996));
#9377=CARTESIAN_POINT('Ctrl Pts',(117.659484170271,-11.4210775692197,0.999999999999996));
#9378=CARTESIAN_POINT('Ctrl Pts',(117.726122396664,-10.7978691409995,0.999999999999996));
#9379=CARTESIAN_POINT('Ctrl Pts',(117.759607640737,-10.484711251648,0.999999999999996));
#9380=CARTESIAN_POINT('Ctrl Pts',(115.61890946289,-12.5324621619006,-3.84583614847189E-15));
#9381=CARTESIAN_POINT('Ctrl Pts',(115.61890946289,-12.5324621619006,0.999999999999996));
#9382=CARTESIAN_POINT('Ctrl Pts',(115.86554167435,-12.5147952253252,-3.87602087914713E-15));
#9383=CARTESIAN_POINT('Ctrl Pts',(115.86554167435,-12.5147952253252,0.999999999999996));
#9384=CARTESIAN_POINT('Ctrl Pts',(116.360857145898,-12.4793144299788,-3.93664136346848E-15));
#9385=CARTESIAN_POINT('Ctrl Pts',(116.360857145898,-12.4793144299789,0.999999999999996));
#9386=CARTESIAN_POINT('Ctrl Pts',(116.779701294924,-12.2123914258158,-3.98766181197885E-15));
#9387=CARTESIAN_POINT('Ctrl Pts',(116.779701294924,-12.2123914258158,0.999999999999996));
#9388=CARTESIAN_POINT('Ctrl Pts',(116.989990563949,-12.0783772738648,-4.0132776713564E-15));
#9389=CARTESIAN_POINT('Ctrl Pts',(116.989990563949,-12.0783772738648,0.999999999999996));
#9390=CARTESIAN_POINT('',(115.61890946289,-12.5324621619006,-3.84583614847189E-15));
#9391=CARTESIAN_POINT('Ctrl Pts',(115.61890946289,-12.5324621619006,-3.84583614847189E-15));
#9392=CARTESIAN_POINT('Ctrl Pts',(115.86554167435,-12.5147952253252,-3.87602087914713E-15));
#9393=CARTESIAN_POINT('Ctrl Pts',(116.360857145898,-12.4793144299788,-3.93664136346848E-15));
#9394=CARTESIAN_POINT('Ctrl Pts',(116.779701294924,-12.2123914258158,-3.98766181197885E-15));
#9395=CARTESIAN_POINT('Ctrl Pts',(116.989990563949,-12.0783772738648,-4.0132776713564E-15));
#9396=CARTESIAN_POINT('',(115.61890946289,-12.5324621619006,0.999999999999996));
#9397=CARTESIAN_POINT('',(115.61890946289,-12.5324621619006,-3.84583614847189E-15));
#9398=CARTESIAN_POINT('Ctrl Pts',(115.61890946289,-12.5324621619006,0.999999999999996));
#9399=CARTESIAN_POINT('Ctrl Pts',(115.86554167435,-12.5147952253252,0.999999999999996));
#9400=CARTESIAN_POINT('Ctrl Pts',(116.360857145898,-12.4793144299789,0.999999999999996));
#9401=CARTESIAN_POINT('Ctrl Pts',(116.779701294924,-12.2123914258158,0.999999999999996));
#9402=CARTESIAN_POINT('Ctrl Pts',(116.989990563949,-12.0783772738648,0.999999999999996));
#9403=CARTESIAN_POINT('Ctrl Pts',(109.105549383238,-8.63824998402215,-3.04424758129088E-15));
#9404=CARTESIAN_POINT('Ctrl Pts',(109.105549383238,-8.63824998402218,0.999999999999997));
#9405=CARTESIAN_POINT('Ctrl Pts',(110.187048247293,-9.75519869756431,-3.17782410398349E-15));
#9406=CARTESIAN_POINT('Ctrl Pts',(110.187048247293,-9.75519869756434,0.999999999999997));
#9407=CARTESIAN_POINT('Ctrl Pts',(112.025919437004,-11.6543452227994,-3.40494410139159E-15));
#9408=CARTESIAN_POINT('Ctrl Pts',(112.025919437004,-11.6543452227994,0.999999999999997));
#9409=CARTESIAN_POINT('Ctrl Pts',(114.570767716611,-12.2762991847268,-3.71721977135482E-15));
#9410=CARTESIAN_POINT('Ctrl Pts',(114.570767716611,-12.2762991847269,0.999999999999996));
#9411=CARTESIAN_POINT('Ctrl Pts',(115.61890946289,-12.5324621619006,-3.84583614847189E-15));
#9412=CARTESIAN_POINT('Ctrl Pts',(115.61890946289,-12.5324621619006,0.999999999999996));
#9413=CARTESIAN_POINT('',(109.105549383238,-8.63824998402215,-3.04424758129088E-15));
#9414=CARTESIAN_POINT('Ctrl Pts',(109.105549383238,-8.63824998402215,-3.04424758129088E-15));
#9415=CARTESIAN_POINT('Ctrl Pts',(110.187048247293,-9.75519869756431,-3.17782410398349E-15));
#9416=CARTESIAN_POINT('Ctrl Pts',(112.025919437004,-11.6543452227994,-3.40494410139159E-15));
#9417=CARTESIAN_POINT('Ctrl Pts',(114.570767716611,-12.2762991847268,-3.71721977135482E-15));
#9418=CARTESIAN_POINT('Ctrl Pts',(115.61890946289,-12.5324621619006,-3.84583614847189E-15));
#9419=CARTESIAN_POINT('',(109.105549383238,-8.63824998402218,0.999999999999997));
#9420=CARTESIAN_POINT('',(109.105549383238,-8.63824998402215,-3.04424758129088E-15));
#9421=CARTESIAN_POINT('Ctrl Pts',(109.105549383238,-8.63824998402218,0.999999999999997));
#9422=CARTESIAN_POINT('Ctrl Pts',(110.187048247293,-9.75519869756434,0.999999999999997));
#9423=CARTESIAN_POINT('Ctrl Pts',(112.025919437004,-11.6543452227994,0.999999999999997));
#9424=CARTESIAN_POINT('Ctrl Pts',(114.570767716611,-12.2762991847269,0.999999999999996));
#9425=CARTESIAN_POINT('Ctrl Pts',(115.61890946289,-12.5324621619006,0.999999999999996));
#9426=CARTESIAN_POINT('Ctrl Pts',(104.560200626951,1.0289132933572,-2.47779284396935E-15));
#9427=CARTESIAN_POINT('Ctrl Pts',(104.560200626951,1.02891329335717,0.999999999999998));
#9428=CARTESIAN_POINT('Ctrl Pts',(104.794887854244,-0.657868045551578,-2.50824781136191E-15));
#9429=CARTESIAN_POINT('Ctrl Pts',(104.794887854244,-0.657868045551606,0.999999999999998));
#9430=CARTESIAN_POINT('Ctrl Pts',(105.306120367613,-4.33227961596796,-2.57458959614609E-15));
#9431=CARTESIAN_POINT('Ctrl Pts',(105.306120367613,-4.33227961596798,0.999999999999997));
#9432=CARTESIAN_POINT('Ctrl Pts',(107.771779651733,-7.12666155374738,-2.87937659615871E-15));
#9433=CARTESIAN_POINT('Ctrl Pts',(107.771779651733,-7.1266615537474,0.999999999999997));
#9434=CARTESIAN_POINT('Ctrl Pts',(109.105549383238,-8.63824998402215,-3.04424758129088E-15));
#9435=CARTESIAN_POINT('Ctrl Pts',(109.105549383238,-8.63824998402218,0.999999999999997));
#9436=CARTESIAN_POINT('',(104.560200626951,1.0289132933572,-2.47779284396935E-15));
#9437=CARTESIAN_POINT('Ctrl Pts',(104.560200626951,1.0289132933572,-2.47779284396935E-15));
#9438=CARTESIAN_POINT('Ctrl Pts',(104.794887854244,-0.657868045551577,-2.50824781136191E-15));
#9439=CARTESIAN_POINT('Ctrl Pts',(105.306120367613,-4.33227961596796,-2.57458959614609E-15));
#9440=CARTESIAN_POINT('Ctrl Pts',(107.771779651733,-7.12666155374738,-2.87937659615871E-15));
#9441=CARTESIAN_POINT('Ctrl Pts',(109.105549383238,-8.63824998402215,-3.04424758129088E-15));
#9442=CARTESIAN_POINT('',(104.560200626951,1.02891329335717,0.999999999999998));
#9443=CARTESIAN_POINT('',(104.560200626951,1.0289132933572,-2.47779284396935E-15));
#9444=CARTESIAN_POINT('Ctrl Pts',(104.560200626951,1.02891329335717,0.999999999999998));
#9445=CARTESIAN_POINT('Ctrl Pts',(104.794887854244,-0.657868045551606,0.999999999999998));
#9446=CARTESIAN_POINT('Ctrl Pts',(105.306120367613,-4.33227961596798,0.999999999999997));
#9447=CARTESIAN_POINT('Ctrl Pts',(107.771779651733,-7.1266615537474,0.999999999999997));
#9448=CARTESIAN_POINT('Ctrl Pts',(109.105549383238,-8.63824998402218,0.999999999999997));
#9449=CARTESIAN_POINT('Ctrl Pts',(105.427480626147,3.87271516109629,-2.5811088698427E-15));
#9450=CARTESIAN_POINT('Ctrl Pts',(105.427480626147,3.87271516109626,0.999999999999997));
#9451=CARTESIAN_POINT('Ctrl Pts',(105.17850800545,3.47344975190636,-2.55102552790964E-15));
#9452=CARTESIAN_POINT('Ctrl Pts',(105.17850800545,3.47344975190633,0.999999999999998));
#9453=CARTESIAN_POINT('Ctrl Pts',(104.637646994752,2.60609697975327,-2.48567333505573E-15));
#9454=CARTESIAN_POINT('Ctrl Pts',(104.637646994752,2.60609697975324,0.999999999999998));
#9455=CARTESIAN_POINT('Ctrl Pts',(104.587346483303,1.58173459418579,-2.48055504812548E-15));
#9456=CARTESIAN_POINT('Ctrl Pts',(104.587346483303,1.58173459418576,0.999999999999998));
#9457=CARTESIAN_POINT('Ctrl Pts',(104.560200626951,1.0289132933572,-2.47779284396935E-15));
#9458=CARTESIAN_POINT('Ctrl Pts',(104.560200626951,1.02891329335717,0.999999999999998));
#9459=CARTESIAN_POINT('',(105.427480626147,3.87271516109629,-2.5811088698427E-15));
#9460=CARTESIAN_POINT('Ctrl Pts',(105.427480626147,3.87271516109629,-2.5811088698427E-15));
#9461=CARTESIAN_POINT('Ctrl Pts',(105.17850800545,3.47344975190636,-2.55102552790964E-15));
#9462=CARTESIAN_POINT('Ctrl Pts',(104.637646994752,2.60609697975327,-2.48567333505573E-15));
#9463=CARTESIAN_POINT('Ctrl Pts',(104.587346483303,1.58173459418579,-2.48055504812548E-15));
#9464=CARTESIAN_POINT('Ctrl Pts',(104.560200626951,1.0289132933572,-2.47779284396935E-15));
#9465=CARTESIAN_POINT('',(105.427480626147,3.87271516109626,0.999999999999997));
#9466=CARTESIAN_POINT('',(105.427480626147,3.87271516109629,-2.5811088698427E-15));
#9467=CARTESIAN_POINT('Ctrl Pts',(105.427480626147,3.87271516109626,0.999999999999997));
#9468=CARTESIAN_POINT('Ctrl Pts',(105.17850800545,3.47344975190633,0.999999999999998));
#9469=CARTESIAN_POINT('Ctrl Pts',(104.637646994752,2.60609697975324,0.999999999999998));
#9470=CARTESIAN_POINT('Ctrl Pts',(104.587346483303,1.58173459418576,0.999999999999998));
#9471=CARTESIAN_POINT('Ctrl Pts',(104.560200626951,1.02891329335717,0.999999999999998));
#9472=CARTESIAN_POINT('Ctrl Pts',(108.872653398513,5.35689042327772,-3.0014972499501E-15));
#9473=CARTESIAN_POINT('Ctrl Pts',(108.872653398512,5.35689042327769,0.999999999999997));
#9474=CARTESIAN_POINT('Ctrl Pts',(108.190581636461,5.30758918600568,-2.91802055673094E-15));
#9475=CARTESIAN_POINT('Ctrl Pts',(108.190581636461,5.30758918600565,0.999999999999997));
#9476=CARTESIAN_POINT('Ctrl Pts',(106.866878506827,5.21190980781893,-2.75601654745579E-15));
#9477=CARTESIAN_POINT('Ctrl Pts',(106.866878506827,5.2119098078189,0.999999999999997));
#9478=CARTESIAN_POINT('Ctrl Pts',(105.897407161291,4.30992790724856,-2.63821174599255E-15));
#9479=CARTESIAN_POINT('Ctrl Pts',(105.897407161291,4.30992790724853,0.999999999999997));
#9480=CARTESIAN_POINT('Ctrl Pts',(105.427480626147,3.87271516109629,-2.5811088698427E-15));
#9481=CARTESIAN_POINT('Ctrl Pts',(105.427480626147,3.87271516109626,0.999999999999997));
#9482=CARTESIAN_POINT('',(108.872653398513,5.35689042327772,-3.0014972499501E-15));
#9483=CARTESIAN_POINT('Ctrl Pts',(108.872653398513,5.35689042327772,-3.0014972499501E-15));
#9484=CARTESIAN_POINT('Ctrl Pts',(108.190581636461,5.30758918600568,-2.91802055673094E-15));
#9485=CARTESIAN_POINT('Ctrl Pts',(106.866878506827,5.21190980781893,-2.75601654745579E-15));
#9486=CARTESIAN_POINT('Ctrl Pts',(105.897407161291,4.30992790724856,-2.63821174599255E-15));
#9487=CARTESIAN_POINT('Ctrl Pts',(105.427480626147,3.87271516109629,-2.5811088698427E-15));
#9488=CARTESIAN_POINT('',(108.872653398512,5.35689042327769,0.999999999999997));
#9489=CARTESIAN_POINT('',(108.872653398513,5.35689042327772,-3.0014972499501E-15));
#9490=CARTESIAN_POINT('Ctrl Pts',(108.872653398512,5.35689042327769,0.999999999999997));
#9491=CARTESIAN_POINT('Ctrl Pts',(108.190581636461,5.30758918600565,0.999999999999997));
#9492=CARTESIAN_POINT('Ctrl Pts',(106.866878506827,5.2119098078189,0.999999999999997));
#9493=CARTESIAN_POINT('Ctrl Pts',(105.897407161291,4.30992790724853,0.999999999999997));
#9494=CARTESIAN_POINT('Ctrl Pts',(105.427480626147,3.87271516109626,0.999999999999997));
#9495=CARTESIAN_POINT('Ctrl Pts',(113.457751575955,3.98059360373366,-3.56438984896462E-15));
#9496=CARTESIAN_POINT('Ctrl Pts',(113.457751575955,3.98059360373363,0.999999999999996));
#9497=CARTESIAN_POINT('Ctrl Pts',(112.68136679868,4.37671665622662,-3.46891064836462E-15));
#9498=CARTESIAN_POINT('Ctrl Pts',(112.681366798679,4.37671665622659,0.999999999999997));
#9499=CARTESIAN_POINT('Ctrl Pts',(111.234167874635,5.11509905647023,-3.29093524181182E-15));
#9500=CARTESIAN_POINT('Ctrl Pts',(111.234167874635,5.11509905647021,0.999999999999997));
#9501=CARTESIAN_POINT('Ctrl Pts',(109.620588970872,5.28031059869767,-3.09316764718648E-15));
#9502=CARTESIAN_POINT('Ctrl Pts',(109.620588970872,5.28031059869765,0.999999999999997));
#9503=CARTESIAN_POINT('Ctrl Pts',(108.872653398513,5.35689042327772,-3.0014972499501E-15));
#9504=CARTESIAN_POINT('Ctrl Pts',(108.872653398512,5.35689042327769,0.999999999999997));
#9505=CARTESIAN_POINT('',(113.457751575955,3.98059360373366,-3.56438984896462E-15));
#9506=CARTESIAN_POINT('Ctrl Pts',(113.457751575955,3.98059360373366,-3.56438984896462E-15));
#9507=CARTESIAN_POINT('Ctrl Pts',(112.68136679868,4.37671665622662,-3.46891064836462E-15));
#9508=CARTESIAN_POINT('Ctrl Pts',(111.234167874635,5.11509905647023,-3.29093524181182E-15));
#9509=CARTESIAN_POINT('Ctrl Pts',(109.620588970872,5.28031059869767,-3.09316764718648E-15));
#9510=CARTESIAN_POINT('Ctrl Pts',(108.872653398513,5.35689042327772,-3.0014972499501E-15));
#9511=CARTESIAN_POINT('',(113.457751575955,3.98059360373363,0.999999999999996));
#9512=CARTESIAN_POINT('',(113.457751575955,3.98059360373366,-3.56438984896462E-15));
#9513=CARTESIAN_POINT('Ctrl Pts',(113.457751575955,3.98059360373363,0.999999999999996));
#9514=CARTESIAN_POINT('Ctrl Pts',(112.681366798679,4.37671665622659,0.999999999999997));
#9515=CARTESIAN_POINT('Ctrl Pts',(111.234167874635,5.11509905647021,0.999999999999997));
#9516=CARTESIAN_POINT('Ctrl Pts',(109.620588970872,5.28031059869765,0.999999999999997));
#9517=CARTESIAN_POINT('Ctrl Pts',(108.872653398512,5.35689042327769,0.999999999999997));
#9518=CARTESIAN_POINT('Ctrl Pts',(118.083390332812,0.480249787089644,-4.13440672459314E-15));
#9519=CARTESIAN_POINT('Ctrl Pts',(118.083390332812,0.480249787089616,0.999999999999996));
#9520=CARTESIAN_POINT('Ctrl Pts',(117.358240978813,1.15673148459764,-4.04491677832101E-15));
#9521=CARTESIAN_POINT('Ctrl Pts',(117.358240978813,1.15673148459761,0.999999999999996));
#9522=CARTESIAN_POINT('Ctrl Pts',(115.936640617385,2.48292259319125,-3.86947851961893E-15));
#9523=CARTESIAN_POINT('Ctrl Pts',(115.936640617385,2.48292259319122,0.999999999999996));
#9524=CARTESIAN_POINT('Ctrl Pts',(114.272852095042,3.48813411978279,-3.66470814867937E-15));
#9525=CARTESIAN_POINT('Ctrl Pts',(114.272852095042,3.48813411978276,0.999999999999996));
#9526=CARTESIAN_POINT('Ctrl Pts',(113.457751575955,3.98059360373366,-3.56438984896462E-15));
#9527=CARTESIAN_POINT('Ctrl Pts',(113.457751575955,3.98059360373363,0.999999999999996));
#9528=CARTESIAN_POINT('',(118.083390332812,0.480249787089644,-4.13440672459314E-15));
#9529=CARTESIAN_POINT('Ctrl Pts',(118.083390332812,0.480249787089644,-4.13440672459314E-15));
#9530=CARTESIAN_POINT('Ctrl Pts',(117.358240978813,1.15673148459764,-4.04491677832101E-15));
#9531=CARTESIAN_POINT('Ctrl Pts',(115.936640617385,2.48292259319125,-3.86947851961893E-15));
#9532=CARTESIAN_POINT('Ctrl Pts',(114.272852095042,3.48813411978279,-3.66470814867937E-15));
#9533=CARTESIAN_POINT('Ctrl Pts',(113.457751575955,3.98059360373366,-3.56438984896462E-15));
#9534=CARTESIAN_POINT('',(118.083390332812,0.480249787089616,0.999999999999996));
#9535=CARTESIAN_POINT('',(118.083390332812,0.480249787089644,-4.13440672459314E-15));
#9536=CARTESIAN_POINT('Ctrl Pts',(118.083390332812,0.480249787089616,0.999999999999996));
#9537=CARTESIAN_POINT('Ctrl Pts',(117.358240978813,1.15673148459761,0.999999999999996));
#9538=CARTESIAN_POINT('Ctrl Pts',(115.936640617385,2.48292259319122,0.999999999999996));
#9539=CARTESIAN_POINT('Ctrl Pts',(114.272852095042,3.48813411978276,0.999999999999996));
#9540=CARTESIAN_POINT('Ctrl Pts',(113.457751575955,3.98059360373363,0.999999999999996));
#9541=CARTESIAN_POINT('Ctrl Pts',(120.844133194442,-3.38280273810652,-4.47641638280458E-15));
#9542=CARTESIAN_POINT('Ctrl Pts',(120.844133194442,-3.38280273810655,0.999999999999996));
#9543=CARTESIAN_POINT('Ctrl Pts',(120.640797575736,-2.85552793975913,-4.45097969455233E-15));
#9544=CARTESIAN_POINT('Ctrl Pts',(120.640797575736,-2.85552793975915,0.999999999999996));
#9545=CARTESIAN_POINT('Ctrl Pts',(120.05965243235,-1.34854559088089,-4.37828014522774E-15));
#9546=CARTESIAN_POINT('Ctrl Pts',(120.05965243235,-1.34854559088091,0.999999999999996));
#9547=CARTESIAN_POINT('Ctrl Pts',(118.861999238251,-0.24026009256982,-4.23048811842769E-15));
#9548=CARTESIAN_POINT('Ctrl Pts',(118.861999238251,-0.240260092569848,0.999999999999996));
#9549=CARTESIAN_POINT('Ctrl Pts',(118.083390332812,0.480249787089644,-4.13440672459314E-15));
#9550=CARTESIAN_POINT('Ctrl Pts',(118.083390332812,0.480249787089616,0.999999999999996));
#9551=CARTESIAN_POINT('',(120.844133194442,-3.38280273810652,-4.47641638280458E-15));
#9552=CARTESIAN_POINT('Ctrl Pts',(120.844133194442,-3.38280273810652,-4.47641638280458E-15));
#9553=CARTESIAN_POINT('Ctrl Pts',(120.640797575736,-2.85552793975913,-4.45097969455233E-15));
#9554=CARTESIAN_POINT('Ctrl Pts',(120.05965243235,-1.34854559088089,-4.37828014522774E-15));
#9555=CARTESIAN_POINT('Ctrl Pts',(118.861999238251,-0.24026009256982,-4.23048811842769E-15));
#9556=CARTESIAN_POINT('Ctrl Pts',(118.083390332812,0.480249787089644,-4.13440672459314E-15));
#9557=CARTESIAN_POINT('',(120.844133194442,-3.38280273810655,0.999999999999995));
#9558=CARTESIAN_POINT('',(120.844133194442,-3.38280273810652,-4.47641638280458E-15));
#9559=CARTESIAN_POINT('Ctrl Pts',(120.844133194442,-3.38280273810655,0.999999999999996));
#9560=CARTESIAN_POINT('Ctrl Pts',(120.640797575736,-2.85552793975915,0.999999999999996));
#9561=CARTESIAN_POINT('Ctrl Pts',(120.05965243235,-1.34854559088091,0.999999999999996));
#9562=CARTESIAN_POINT('Ctrl Pts',(118.861999238251,-0.240260092569848,0.999999999999996));
#9563=CARTESIAN_POINT('Ctrl Pts',(118.083390332812,0.480249787089616,0.999999999999996));
#9564=CARTESIAN_POINT('Ctrl Pts',(120.665974820785,-3.81770178361567,-4.45504121713419E-15));
#9565=CARTESIAN_POINT('Ctrl Pts',(120.665974820785,-3.8177017836157,0.999999999999996));
#9566=CARTESIAN_POINT('Ctrl Pts',(120.717334091498,-3.74569787023307,-4.46125748587161E-15));
#9567=CARTESIAN_POINT('Ctrl Pts',(120.717334091498,-3.7456978702331,0.999999999999996));
#9568=CARTESIAN_POINT('Ctrl Pts',(120.811123874808,-3.61420785217325,-4.47260933121097E-15));
#9569=CARTESIAN_POINT('Ctrl Pts',(120.811123874808,-3.61420785217328,0.999999999999996));
#9570=CARTESIAN_POINT('Ctrl Pts',(120.833851302576,-3.45488184747859,-4.47523054519114E-15));
#9571=CARTESIAN_POINT('Ctrl Pts',(120.833851302576,-3.45488184747862,0.999999999999996));
#9572=CARTESIAN_POINT('Ctrl Pts',(120.844133194442,-3.38280273810652,-4.47641638280458E-15));
#9573=CARTESIAN_POINT('Ctrl Pts',(120.844133194442,-3.38280273810655,0.999999999999996));
#9574=CARTESIAN_POINT('',(120.665974820785,-3.81770178361567,-4.45504121713419E-15));
#9575=CARTESIAN_POINT('Ctrl Pts',(120.665974820785,-3.81770178361567,-4.45504121713419E-15));
#9576=CARTESIAN_POINT('Ctrl Pts',(120.717334091498,-3.74569787023307,-4.46125748587161E-15));
#9577=CARTESIAN_POINT('Ctrl Pts',(120.811123874808,-3.61420785217325,-4.47260933121097E-15));
#9578=CARTESIAN_POINT('Ctrl Pts',(120.833851302576,-3.45488184747859,-4.47523054519114E-15));
#9579=CARTESIAN_POINT('Ctrl Pts',(120.844133194442,-3.38280273810652,-4.47641638280458E-15));
#9580=CARTESIAN_POINT('',(120.665974820785,-3.8177017836157,0.999999999999995));
#9581=CARTESIAN_POINT('',(120.665974820785,-3.81770178361567,-4.45504121713419E-15));
#9582=CARTESIAN_POINT('Ctrl Pts',(120.665974820785,-3.8177017836157,0.999999999999996));
#9583=CARTESIAN_POINT('Ctrl Pts',(120.717334091498,-3.7456978702331,0.999999999999996));
#9584=CARTESIAN_POINT('Ctrl Pts',(120.811123874808,-3.61420785217328,0.999999999999996));
#9585=CARTESIAN_POINT('Ctrl Pts',(120.833851302576,-3.45488184747862,0.999999999999996));
#9586=CARTESIAN_POINT('Ctrl Pts',(120.844133194442,-3.38280273810655,0.999999999999996));
#9587=CARTESIAN_POINT('Ctrl Pts',(120.081520434011,-4.13286084798322,-4.38378910768062E-15));
#9588=CARTESIAN_POINT('Ctrl Pts',(120.081520434011,-4.13286084798325,0.999999999999996));
#9589=CARTESIAN_POINT('Ctrl Pts',(120.188649436115,-4.11688918640362,-4.39689193500689E-15));
#9590=CARTESIAN_POINT('Ctrl Pts',(120.188649436115,-4.11688918640365,0.999999999999996));
#9591=CARTESIAN_POINT('Ctrl Pts',(120.419965124798,-4.08240276512551,-4.42518389579354E-15));
#9592=CARTESIAN_POINT('Ctrl Pts',(120.419965124798,-4.08240276512554,0.999999999999996));
#9593=CARTESIAN_POINT('Ctrl Pts',(120.580036916746,-3.91016906404808,-4.44461123954355E-15));
#9594=CARTESIAN_POINT('Ctrl Pts',(120.580036916746,-3.91016906404811,0.999999999999996));
#9595=CARTESIAN_POINT('Ctrl Pts',(120.665974820785,-3.81770178361567,-4.45504121713419E-15));
#9596=CARTESIAN_POINT('Ctrl Pts',(120.665974820785,-3.8177017836157,0.999999999999996));
#9597=CARTESIAN_POINT('',(120.081520434011,-4.13286084798322,-4.38378910768062E-15));
#9598=CARTESIAN_POINT('Ctrl Pts',(120.081520434011,-4.13286084798322,-4.38378910768062E-15));
#9599=CARTESIAN_POINT('Ctrl Pts',(120.188649436115,-4.11688918640362,-4.39689193500689E-15));
#9600=CARTESIAN_POINT('Ctrl Pts',(120.419965124798,-4.08240276512551,-4.42518389579354E-15));
#9601=CARTESIAN_POINT('Ctrl Pts',(120.580036916746,-3.91016906404808,-4.44461123954355E-15));
#9602=CARTESIAN_POINT('Ctrl Pts',(120.665974820785,-3.81770178361567,-4.45504121713419E-15));
#9603=CARTESIAN_POINT('',(120.081520434011,-4.13286084798325,0.999999999999996));
#9604=CARTESIAN_POINT('',(120.081520434011,-4.13286084798322,-4.38378910768062E-15));
#9605=CARTESIAN_POINT('Ctrl Pts',(120.081520434011,-4.13286084798325,0.999999999999996));
#9606=CARTESIAN_POINT('Ctrl Pts',(120.188649436115,-4.11688918640365,0.999999999999996));
#9607=CARTESIAN_POINT('Ctrl Pts',(120.419965124798,-4.08240276512554,0.999999999999996));
#9608=CARTESIAN_POINT('Ctrl Pts',(120.580036916746,-3.91016906404811,0.999999999999996));
#9609=CARTESIAN_POINT('Ctrl Pts',(120.665974820785,-3.8177017836157,0.999999999999996));
#9610=CARTESIAN_POINT('Ctrl Pts',(118.664083003055,-3.16105709947381,-4.20922097235371E-15));
#9611=CARTESIAN_POINT('Ctrl Pts',(118.664083003055,-3.16105709947384,0.999999999999996));
#9612=CARTESIAN_POINT('Ctrl Pts',(118.899391968669,-3.43849287672304,-4.23831910353517E-15));
#9613=CARTESIAN_POINT('Ctrl Pts',(118.899391968669,-3.43849287672307,0.999999999999996));
#9614=CARTESIAN_POINT('Ctrl Pts',(119.287924478439,-3.89658344948487,-4.28636474390418E-15));
#9615=CARTESIAN_POINT('Ctrl Pts',(119.287924478439,-3.8965834494849,0.999999999999996));
#9616=CARTESIAN_POINT('Ctrl Pts',(119.857069624354,-4.0660350873123,-4.35623481235395E-15));
#9617=CARTESIAN_POINT('Ctrl Pts',(119.857069624354,-4.06603508731232,0.999999999999996));
#9618=CARTESIAN_POINT('Ctrl Pts',(120.081520434011,-4.13286084798322,-4.38378910768062E-15));
#9619=CARTESIAN_POINT('Ctrl Pts',(120.081520434011,-4.13286084798325,0.999999999999996));
#9620=CARTESIAN_POINT('',(118.664083003055,-3.16105709947381,-4.20922097235371E-15));
#9621=CARTESIAN_POINT('Ctrl Pts',(118.664083003055,-3.16105709947381,-4.20922097235371E-15));
#9622=CARTESIAN_POINT('Ctrl Pts',(118.899391968669,-3.43849287672304,-4.23831910353517E-15));
#9623=CARTESIAN_POINT('Ctrl Pts',(119.287924478439,-3.89658344948487,-4.28636474390418E-15));
#9624=CARTESIAN_POINT('Ctrl Pts',(119.857069624354,-4.0660350873123,-4.35623481235395E-15));
#9625=CARTESIAN_POINT('Ctrl Pts',(120.081520434011,-4.13286084798322,-4.38378910768062E-15));
#9626=CARTESIAN_POINT('',(118.664083003055,-3.16105709947384,0.999999999999996));
#9627=CARTESIAN_POINT('',(118.664083003055,-3.16105709947381,-4.20922097235371E-15));
#9628=CARTESIAN_POINT('Ctrl Pts',(118.664083003055,-3.16105709947384,0.999999999999996));
#9629=CARTESIAN_POINT('Ctrl Pts',(118.899391968669,-3.43849287672307,0.999999999999996));
#9630=CARTESIAN_POINT('Ctrl Pts',(119.287924478439,-3.8965834494849,0.999999999999996));
#9631=CARTESIAN_POINT('Ctrl Pts',(119.857069624354,-4.06603508731232,0.999999999999996));
#9632=CARTESIAN_POINT('Ctrl Pts',(120.081520434011,-4.13286084798325,0.999999999999996));
#9633=CARTESIAN_POINT('Ctrl Pts',(110.303477590443,2.49400306414533,-3.17962752358401E-15));
#9634=CARTESIAN_POINT('Ctrl Pts',(110.303477590443,2.49400306414531,0.999999999999997));
#9635=CARTESIAN_POINT('Ctrl Pts',(111.666173955057,2.11440723319029,-3.34688990595878E-15));
#9636=CARTESIAN_POINT('Ctrl Pts',(111.666173955057,2.11440723319026,0.999999999999997));
#9637=CARTESIAN_POINT('Ctrl Pts',(115.039124924798,1.17483025964106,-3.76089835970002E-15));
#9638=CARTESIAN_POINT('Ctrl Pts',(115.039124924798,1.17483025964104,0.999999999999996));
#9639=CARTESIAN_POINT('Ctrl Pts',(117.310412115168,-1.54190334252489,-4.04180351371576E-15));
#9640=CARTESIAN_POINT('Ctrl Pts',(117.310412115168,-1.54190334252491,0.999999999999996));
#9641=CARTESIAN_POINT('Ctrl Pts',(118.664083003055,-3.16105709947381,-4.20922097235371E-15));
#9642=CARTESIAN_POINT('Ctrl Pts',(118.664083003055,-3.16105709947384,0.999999999999996));
#9643=CARTESIAN_POINT('',(110.303477590443,2.49400306414533,-3.17962752358401E-15));
#9644=CARTESIAN_POINT('Ctrl Pts',(110.303477590443,2.49400306414533,-3.17962752358401E-15));
#9645=CARTESIAN_POINT('Ctrl Pts',(111.666173955057,2.11440723319029,-3.34688990595878E-15));
#9646=CARTESIAN_POINT('Ctrl Pts',(115.039124924798,1.17483025964106,-3.76089835970002E-15));
#9647=CARTESIAN_POINT('Ctrl Pts',(117.310412115168,-1.54190334252489,-4.04180351371576E-15));
#9648=CARTESIAN_POINT('Ctrl Pts',(118.664083003055,-3.16105709947381,-4.20922097235371E-15));
#9649=CARTESIAN_POINT('',(110.303477590443,2.49400306414531,0.999999999999997));
#9650=CARTESIAN_POINT('',(110.303477590443,2.49400306414533,-3.17962752358401E-15));
#9651=CARTESIAN_POINT('Ctrl Pts',(110.303477590443,2.49400306414531,0.999999999999997));
#9652=CARTESIAN_POINT('Ctrl Pts',(111.666173955057,2.11440723319026,0.999999999999997));
#9653=CARTESIAN_POINT('Ctrl Pts',(115.039124924798,1.17483025964104,0.999999999999996));
#9654=CARTESIAN_POINT('Ctrl Pts',(117.310412115168,-1.54190334252491,0.999999999999996));
#9655=CARTESIAN_POINT('Ctrl Pts',(118.664083003055,-3.16105709947384,0.999999999999996));
#9656=CARTESIAN_POINT('Ctrl Pts',(107.909159591888,1.43748578345959,-2.88749247332735E-15));
#9657=CARTESIAN_POINT('Ctrl Pts',(107.909159591888,1.43748578345956,0.999999999999997));
#9658=CARTESIAN_POINT('Ctrl Pts',(108.21069132136,1.74849134048405,-2.92410196745663E-15));
#9659=CARTESIAN_POINT('Ctrl Pts',(108.21069132136,1.74849134048402,0.999999999999997));
#9660=CARTESIAN_POINT('Ctrl Pts',(108.860949526145,2.41918001242897,-3.00305095226917E-15));
#9661=CARTESIAN_POINT('Ctrl Pts',(108.860949526145,2.41918001242894,0.999999999999997));
#9662=CARTESIAN_POINT('Ctrl Pts',(109.799918589565,2.46788376560449,-3.11798801442614E-15));
#9663=CARTESIAN_POINT('Ctrl Pts',(109.799918589565,2.46788376560446,0.999999999999997));
#9664=CARTESIAN_POINT('Ctrl Pts',(110.303477590443,2.49400306414533,-3.17962752358401E-15));
#9665=CARTESIAN_POINT('Ctrl Pts',(110.303477590443,2.49400306414531,0.999999999999997));
#9666=CARTESIAN_POINT('',(107.909159591888,1.43748578345959,-2.88749247332735E-15));
#9667=CARTESIAN_POINT('Ctrl Pts',(107.909159591888,1.43748578345959,-2.88749247332735E-15));
#9668=CARTESIAN_POINT('Ctrl Pts',(108.21069132136,1.74849134048405,-2.92410196745663E-15));
#9669=CARTESIAN_POINT('Ctrl Pts',(108.860949526145,2.41918001242897,-3.00305095226917E-15));
#9670=CARTESIAN_POINT('Ctrl Pts',(109.799918589565,2.46788376560449,-3.11798801442614E-15));
#9671=CARTESIAN_POINT('Ctrl Pts',(110.303477590443,2.49400306414533,-3.17962752358401E-15));
#9672=CARTESIAN_POINT('',(107.909159591888,1.43748578345956,0.999999999999997));
#9673=CARTESIAN_POINT('',(107.909159591888,1.43748578345959,-2.88749247332735E-15));
#9674=CARTESIAN_POINT('Ctrl Pts',(107.909159591888,1.43748578345956,0.999999999999997));
#9675=CARTESIAN_POINT('Ctrl Pts',(108.21069132136,1.74849134048402,0.999999999999997));
#9676=CARTESIAN_POINT('Ctrl Pts',(108.860949526145,2.41918001242894,0.999999999999997));
#9677=CARTESIAN_POINT('Ctrl Pts',(109.799918589565,2.46788376560446,0.999999999999997));
#9678=CARTESIAN_POINT('Ctrl Pts',(110.303477590443,2.49400306414531,0.999999999999997));
#9679=CARTESIAN_POINT('Ctrl Pts',(107.579996663014,0.33472430596432,-2.84830428029357E-15));
#9680=CARTESIAN_POINT('Ctrl Pts',(107.579996663014,0.334724305964292,0.999999999999997));
#9681=CARTESIAN_POINT('Ctrl Pts',(107.593141817016,0.537898059729498,-2.84970746173235E-15));
#9682=CARTESIAN_POINT('Ctrl Pts',(107.593141817016,0.53789805972947,0.999999999999997));
#9683=CARTESIAN_POINT('Ctrl Pts',(107.618582727087,0.931117127189411,-2.85242315549992E-15));
#9684=CARTESIAN_POINT('Ctrl Pts',(107.618582727087,0.931117127189383,0.999999999999997));
#9685=CARTESIAN_POINT('Ctrl Pts',(107.814480792345,1.27249544076879,-2.87606582064134E-15));
#9686=CARTESIAN_POINT('Ctrl Pts',(107.814480792345,1.27249544076876,0.999999999999997));
#9687=CARTESIAN_POINT('Ctrl Pts',(107.909159591888,1.43748578345959,-2.88749247332735E-15));
#9688=CARTESIAN_POINT('Ctrl Pts',(107.909159591888,1.43748578345956,0.999999999999997));
#9689=CARTESIAN_POINT('',(107.579996663014,0.334724305964316,-2.84830428029357E-15));
#9690=CARTESIAN_POINT('Ctrl Pts',(107.579996663014,0.33472430596432,-2.84830428029357E-15));
#9691=CARTESIAN_POINT('Ctrl Pts',(107.593141817016,0.537898059729498,-2.84970746173235E-15));
#9692=CARTESIAN_POINT('Ctrl Pts',(107.618582727087,0.931117127189411,-2.85242315549992E-15));
#9693=CARTESIAN_POINT('Ctrl Pts',(107.814480792345,1.27249544076879,-2.87606582064134E-15));
#9694=CARTESIAN_POINT('Ctrl Pts',(107.909159591888,1.43748578345959,-2.88749247332735E-15));
#9695=CARTESIAN_POINT('',(107.579996663014,0.334724305964288,0.999999999999997));
#9696=CARTESIAN_POINT('',(107.579996663014,0.334724305964316,-2.84830428029357E-15));
#9697=CARTESIAN_POINT('Ctrl Pts',(107.579996663014,0.334724305964292,0.999999999999997));
#9698=CARTESIAN_POINT('Ctrl Pts',(107.593141817016,0.53789805972947,0.999999999999997));
#9699=CARTESIAN_POINT('Ctrl Pts',(107.618582727087,0.931117127189383,0.999999999999997));
#9700=CARTESIAN_POINT('Ctrl Pts',(107.814480792345,1.27249544076876,0.999999999999997));
#9701=CARTESIAN_POINT('Ctrl Pts',(107.909159591888,1.43748578345956,0.999999999999997));
#9702=CARTESIAN_POINT('Origin',(107.575649139928,-0.188896371298028,-2.84830428029357E-15));
#9703=CARTESIAN_POINT('',(107.514627737811,-7.53838417634789,0.));
#9704=CARTESIAN_POINT('',(107.575649139928,-0.188896371298057,0.999999999999997));
#9705=CARTESIAN_POINT('Origin',(84.2227577766376,-12.4298780003451,1.00000000000249));
#9706=CARTESIAN_POINT('Origin',(140.952156225262,0.784938701156763,-6.93461649478098E-15));
#9707=CARTESIAN_POINT('',(140.952156225262,0.784938701156763,-6.93461649478098E-15));
#9708=CARTESIAN_POINT('',(140.580520510883,1.57350709856078,-6.8883040251332E-15));
#9709=CARTESIAN_POINT('',(139.138437810312,4.6334413301607,0.));
#9710=CARTESIAN_POINT('',(140.952156225262,0.784938701156734,0.999999999999993));
#9711=CARTESIAN_POINT('',(140.952156225262,0.784938701156763,-6.93461649478098E-15));
#9712=CARTESIAN_POINT('',(140.580520510883,1.57350709856075,0.999999999999993));
#9713=CARTESIAN_POINT('',(140.952156225262,0.784938701156734,0.999999999999993));
#9714=CARTESIAN_POINT('',(140.580520510883,1.57350709856078,-6.8883040251332E-15));
#9715=CARTESIAN_POINT('Ctrl Pts',(142.439480908241,-2.28206286655287,-7.11987338085729E-15));
#9716=CARTESIAN_POINT('Ctrl Pts',(142.439480908241,-2.2820628665529,0.999999999999993));
#9717=CARTESIAN_POINT('Ctrl Pts',(142.167520284548,-1.75609884729952,-7.08603417575239E-15));
#9718=CARTESIAN_POINT('Ctrl Pts',(142.167520284548,-1.75609884729955,0.999999999999993));
#9719=CARTESIAN_POINT('Ctrl Pts',(141.645476144259,-0.746480504300973,-7.02107786517644E-15));
#9720=CARTESIAN_POINT('Ctrl Pts',(141.645476144259,-0.746480504301001,0.999999999999993));
#9721=CARTESIAN_POINT('Ctrl Pts',(141.176714796533,0.288929139955041,-6.96262036611674E-15));
#9722=CARTESIAN_POINT('Ctrl Pts',(141.176714796533,0.288929139955012,0.999999999999993));
#9723=CARTESIAN_POINT('Ctrl Pts',(140.952156225262,0.784938701156763,-6.93461649478098E-15));
#9724=CARTESIAN_POINT('Ctrl Pts',(140.952156225262,0.784938701156734,0.999999999999993));
#9725=CARTESIAN_POINT('',(142.439480908241,-2.28206286655287,-7.11987338085729E-15));
#9726=CARTESIAN_POINT('Ctrl Pts',(142.439480908241,-2.28206286655287,-7.11987338085729E-15));
#9727=CARTESIAN_POINT('Ctrl Pts',(142.167520284548,-1.75609884729952,-7.08603417575239E-15));
#9728=CARTESIAN_POINT('Ctrl Pts',(141.645476144259,-0.746480504300973,-7.02107786517644E-15));
#9729=CARTESIAN_POINT('Ctrl Pts',(141.176714796533,0.288929139955041,-6.96262036611674E-15));
#9730=CARTESIAN_POINT('Ctrl Pts',(140.952156225262,0.784938701156763,-6.93461649478098E-15));
#9731=CARTESIAN_POINT('',(142.439480908241,-2.2820628665529,0.999999999999993));
#9732=CARTESIAN_POINT('',(142.439480908241,-2.28206286655287,-7.11987338085729E-15));
#9733=CARTESIAN_POINT('Ctrl Pts',(142.439480908241,-2.2820628665529,0.999999999999993));
#9734=CARTESIAN_POINT('Ctrl Pts',(142.167520284548,-1.75609884729955,0.999999999999993));
#9735=CARTESIAN_POINT('Ctrl Pts',(141.645476144259,-0.746480504301001,0.999999999999993));
#9736=CARTESIAN_POINT('Ctrl Pts',(141.176714796533,0.288929139955012,0.999999999999993));
#9737=CARTESIAN_POINT('Ctrl Pts',(140.952156225262,0.784938701156734,0.999999999999993));
#9738=CARTESIAN_POINT('Ctrl Pts',(146.119759511855,-7.52007057996474,-7.57588781569147E-15));
#9739=CARTESIAN_POINT('Ctrl Pts',(146.119759511854,-7.52007057996477,0.999999999999992));
#9740=CARTESIAN_POINT('Ctrl Pts',(145.4732083558,-6.79979300219699,-7.49597851065514E-15));
#9741=CARTESIAN_POINT('Ctrl Pts',(145.4732083558,-6.79979300219702,0.999999999999993));
#9742=CARTESIAN_POINT('Ctrl Pts',(144.038928825343,-5.2019621478766,-7.31871136105145E-15));
#9743=CARTESIAN_POINT('Ctrl Pts',(144.038928825342,-5.20196214787663,0.999999999999993));
#9744=CARTESIAN_POINT('Ctrl Pts',(143.00650432203,-3.31720207972446,-7.19036382266236E-15));
#9745=CARTESIAN_POINT('Ctrl Pts',(143.00650432203,-3.31720207972449,0.999999999999993));
#9746=CARTESIAN_POINT('Ctrl Pts',(142.439480908241,-2.28206286655287,-7.11987338085729E-15));
#9747=CARTESIAN_POINT('Ctrl Pts',(142.439480908241,-2.2820628665529,0.999999999999993));
#9748=CARTESIAN_POINT('',(146.119759511855,-7.52007057996474,-7.57588781569147E-15));
#9749=CARTESIAN_POINT('Ctrl Pts',(146.119759511855,-7.52007057996474,-7.57588781569147E-15));
#9750=CARTESIAN_POINT('Ctrl Pts',(145.4732083558,-6.79979300219699,-7.49597851065514E-15));
#9751=CARTESIAN_POINT('Ctrl Pts',(144.038928825343,-5.2019621478766,-7.31871136105145E-15));
#9752=CARTESIAN_POINT('Ctrl Pts',(143.00650432203,-3.31720207972446,-7.19036382266236E-15));
#9753=CARTESIAN_POINT('Ctrl Pts',(142.439480908241,-2.28206286655287,-7.11987338085729E-15));
#9754=CARTESIAN_POINT('',(146.119759511854,-7.52007057996477,0.999999999999992));
#9755=CARTESIAN_POINT('',(146.119759511855,-7.52007057996474,-7.57588781569147E-15));
#9756=CARTESIAN_POINT('Ctrl Pts',(146.119759511854,-7.52007057996477,0.999999999999992));
#9757=CARTESIAN_POINT('Ctrl Pts',(145.4732083558,-6.79979300219702,0.999999999999993));
#9758=CARTESIAN_POINT('Ctrl Pts',(144.038928825342,-5.20196214787663,0.999999999999993));
#9759=CARTESIAN_POINT('Ctrl Pts',(143.00650432203,-3.31720207972449,0.999999999999993));
#9760=CARTESIAN_POINT('Ctrl Pts',(142.439480908241,-2.2820628665529,0.999999999999993));
#9761=CARTESIAN_POINT('Ctrl Pts',(149.333515979751,-9.37954296151339,-7.97133655599307E-15));
#9762=CARTESIAN_POINT('Ctrl Pts',(149.333515979751,-9.37954296151342,0.999999999999992));
#9763=CARTESIAN_POINT('Ctrl Pts',(148.824647771376,-9.25643684934257,-7.90889515153268E-15));
#9764=CARTESIAN_POINT('Ctrl Pts',(148.824647771376,-9.2564368493426,0.999999999999992));
#9765=CARTESIAN_POINT('Ctrl Pts',(147.582538746286,-8.95594408824135,-7.75648037941062E-15));
#9766=CARTESIAN_POINT('Ctrl Pts',(147.582538746286,-8.95594408824137,0.999999999999992));
#9767=CARTESIAN_POINT('Ctrl Pts',(146.662736466027,-8.05306025178233,-7.64292294846225E-15));
#9768=CARTESIAN_POINT('Ctrl Pts',(146.662736466027,-8.05306025178236,0.999999999999992));
#9769=CARTESIAN_POINT('Ctrl Pts',(146.119759511855,-7.52007057996474,-7.57588781569147E-15));
#9770=CARTESIAN_POINT('Ctrl Pts',(146.119759511854,-7.52007057996477,0.999999999999992));
#9771=CARTESIAN_POINT('',(149.333515979751,-9.37954296151339,-7.97133655599307E-15));
#9772=CARTESIAN_POINT('Ctrl Pts',(149.333515979751,-9.37954296151339,-7.97133655599307E-15));
#9773=CARTESIAN_POINT('Ctrl Pts',(148.824647771376,-9.25643684934257,-7.90889515153268E-15));
#9774=CARTESIAN_POINT('Ctrl Pts',(147.582538746286,-8.95594408824135,-7.75648037941062E-15));
#9775=CARTESIAN_POINT('Ctrl Pts',(146.662736466027,-8.05306025178233,-7.64292294846225E-15));
#9776=CARTESIAN_POINT('Ctrl Pts',(146.119759511855,-7.52007057996474,-7.57588781569147E-15));
#9777=CARTESIAN_POINT('',(149.333515979751,-9.37954296151342,0.999999999999992));
#9778=CARTESIAN_POINT('',(149.333515979751,-9.37954296151339,-7.97133655599307E-15));
#9779=CARTESIAN_POINT('Ctrl Pts',(149.333515979751,-9.37954296151342,0.999999999999992));
#9780=CARTESIAN_POINT('Ctrl Pts',(148.824647771376,-9.2564368493426,0.999999999999992));
#9781=CARTESIAN_POINT('Ctrl Pts',(147.582538746286,-8.95594408824137,0.999999999999992));
#9782=CARTESIAN_POINT('Ctrl Pts',(146.662736466027,-8.05306025178236,0.999999999999992));
#9783=CARTESIAN_POINT('Ctrl Pts',(146.119759511854,-7.52007057996477,0.999999999999992));
#9784=CARTESIAN_POINT('Ctrl Pts',(150.150334721652,-9.10995243090492,-8.07109044355943E-15));
#9785=CARTESIAN_POINT('Ctrl Pts',(150.150334721652,-9.10995243090495,0.999999999999992));
#9786=CARTESIAN_POINT('Ctrl Pts',(150.042260510736,-9.18943766577615,-8.05793644396661E-15));
#9787=CARTESIAN_POINT('Ctrl Pts',(150.042260510736,-9.18943766577618,0.999999999999992));
#9788=CARTESIAN_POINT('Ctrl Pts',(149.801013553962,-9.36686733062006,-8.02857363535327E-15));
#9789=CARTESIAN_POINT('Ctrl Pts',(149.801013553962,-9.36686733062009,0.999999999999992));
#9790=CARTESIAN_POINT('Ctrl Pts',(149.49979445068,-9.37503452202776,-7.9916945098339E-15));
#9791=CARTESIAN_POINT('Ctrl Pts',(149.49979445068,-9.37503452202779,0.999999999999992));
#9792=CARTESIAN_POINT('Ctrl Pts',(149.333515979751,-9.37954296151339,-7.97133655599307E-15));
#9793=CARTESIAN_POINT('Ctrl Pts',(149.333515979751,-9.37954296151342,0.999999999999992));
#9794=CARTESIAN_POINT('',(150.150334721652,-9.10995243090492,-8.07109044355943E-15));
#9795=CARTESIAN_POINT('Ctrl Pts',(150.150334721652,-9.10995243090492,-8.07109044355943E-15));
#9796=CARTESIAN_POINT('Ctrl Pts',(150.042260510736,-9.18943766577615,-8.05793644396661E-15));
#9797=CARTESIAN_POINT('Ctrl Pts',(149.801013553962,-9.36686733062006,-8.02857363535327E-15));
#9798=CARTESIAN_POINT('Ctrl Pts',(149.49979445068,-9.37503452202776,-7.9916945098339E-15));
#9799=CARTESIAN_POINT('Ctrl Pts',(149.333515979751,-9.37954296151339,-7.97133655599307E-15));
#9800=CARTESIAN_POINT('',(150.150334721652,-9.10995243090495,0.999999999999992));
#9801=CARTESIAN_POINT('',(150.150334721652,-9.10995243090492,-8.07109044355943E-15));
#9802=CARTESIAN_POINT('Ctrl Pts',(150.150334721652,-9.10995243090495,0.999999999999992));
#9803=CARTESIAN_POINT('Ctrl Pts',(150.042260510736,-9.18943766577618,0.999999999999992));
#9804=CARTESIAN_POINT('Ctrl Pts',(149.801013553962,-9.36686733062009,0.999999999999992));
#9805=CARTESIAN_POINT('Ctrl Pts',(149.49979445068,-9.37503452202779,0.999999999999992));
#9806=CARTESIAN_POINT('Ctrl Pts',(149.333515979751,-9.37954296151342,0.999999999999992));
#9807=CARTESIAN_POINT('Ctrl Pts',(150.419253455744,-8.25397272538115,-8.10315202415081E-15));
#9808=CARTESIAN_POINT('Ctrl Pts',(150.419253455744,-8.25397272538118,0.999999999999992));
#9809=CARTESIAN_POINT('Ctrl Pts',(150.412959174542,-8.42800254111674,-8.10255817117579E-15));
#9810=CARTESIAN_POINT('Ctrl Pts',(150.412959174542,-8.42800254111677,0.999999999999992));
#9811=CARTESIAN_POINT('Ctrl Pts',(150.401679341739,-8.7398772669386,-8.1014939412737E-15));
#9812=CARTESIAN_POINT('Ctrl Pts',(150.401679341738,-8.73987726693863,0.999999999999992));
#9813=CARTESIAN_POINT('Ctrl Pts',(150.227375112576,-8.99651958601905,-8.08040951053828E-15));
#9814=CARTESIAN_POINT('Ctrl Pts',(150.227375112576,-8.99651958601908,0.999999999999992));
#9815=CARTESIAN_POINT('Ctrl Pts',(150.150334721652,-9.10995243090492,-8.07109044355943E-15));
#9816=CARTESIAN_POINT('Ctrl Pts',(150.150334721652,-9.10995243090495,0.999999999999992));
#9817=CARTESIAN_POINT('',(150.419253455744,-8.25397272538115,-8.10315202415081E-15));
#9818=CARTESIAN_POINT('Ctrl Pts',(150.419253455744,-8.25397272538115,-8.10315202415081E-15));
#9819=CARTESIAN_POINT('Ctrl Pts',(150.412959174542,-8.42800254111674,-8.10255817117579E-15));
#9820=CARTESIAN_POINT('Ctrl Pts',(150.401679341739,-8.7398772669386,-8.1014939412737E-15));
#9821=CARTESIAN_POINT('Ctrl Pts',(150.227375112576,-8.99651958601905,-8.08040951053828E-15));
#9822=CARTESIAN_POINT('Ctrl Pts',(150.150334721652,-9.10995243090492,-8.07109044355943E-15));
#9823=CARTESIAN_POINT('',(150.419253455744,-8.25397272538118,0.999999999999992));
#9824=CARTESIAN_POINT('',(150.419253455744,-8.25397272538115,-8.10315202415081E-15));
#9825=CARTESIAN_POINT('Ctrl Pts',(150.419253455744,-8.25397272538118,0.999999999999992));
#9826=CARTESIAN_POINT('Ctrl Pts',(150.412959174542,-8.42800254111677,0.999999999999992));
#9827=CARTESIAN_POINT('Ctrl Pts',(150.401679341738,-8.73987726693863,0.999999999999992));
#9828=CARTESIAN_POINT('Ctrl Pts',(150.227375112576,-8.99651958601908,0.999999999999992));
#9829=CARTESIAN_POINT('Ctrl Pts',(150.150334721652,-9.10995243090495,0.999999999999992));
#9830=CARTESIAN_POINT('Ctrl Pts',(149.771693670475,-5.65941704889339,-8.02121349977625E-15));
#9831=CARTESIAN_POINT('Ctrl Pts',(149.771693670475,-5.65941704889342,0.999999999999992));
#9832=CARTESIAN_POINT('Ctrl Pts',(149.960099166333,-6.16155478114446,-8.04479627981908E-15));
#9833=CARTESIAN_POINT('Ctrl Pts',(149.960099166333,-6.16155478114449,0.999999999999992));
#9834=CARTESIAN_POINT('Ctrl Pts',(150.275869621426,-7.00314520031181,-8.08432137515976E-15));
#9835=CARTESIAN_POINT('Ctrl Pts',(150.275869621426,-7.00314520031184,0.999999999999992));
#9836=CARTESIAN_POINT('Ctrl Pts',(150.378042404624,-7.89446276163257,-8.09773976242771E-15));
#9837=CARTESIAN_POINT('Ctrl Pts',(150.378042404624,-7.8944627616326,0.999999999999992));
#9838=CARTESIAN_POINT('Ctrl Pts',(150.419253455744,-8.25397272538115,-8.10315202415081E-15));
#9839=CARTESIAN_POINT('Ctrl Pts',(150.419253455744,-8.25397272538118,0.999999999999992));
#9840=CARTESIAN_POINT('',(149.771693670475,-5.65941704889339,-8.02121349977625E-15));
#9841=CARTESIAN_POINT('Ctrl Pts',(149.771693670475,-5.65941704889339,-8.02121349977625E-15));
#9842=CARTESIAN_POINT('Ctrl Pts',(149.960099166333,-6.16155478114446,-8.04479627981908E-15));
#9843=CARTESIAN_POINT('Ctrl Pts',(150.275869621426,-7.00314520031181,-8.08432137515976E-15));
#9844=CARTESIAN_POINT('Ctrl Pts',(150.378042404624,-7.89446276163257,-8.09773976242771E-15));
#9845=CARTESIAN_POINT('Ctrl Pts',(150.419253455744,-8.25397272538115,-8.10315202415081E-15));
#9846=CARTESIAN_POINT('',(149.771693670475,-5.65941704889342,0.999999999999992));
#9847=CARTESIAN_POINT('',(149.771693670475,-5.65941704889339,-8.02121349977625E-15));
#9848=CARTESIAN_POINT('Ctrl Pts',(149.771693670475,-5.65941704889342,0.999999999999992));
#9849=CARTESIAN_POINT('Ctrl Pts',(149.960099166333,-6.16155478114449,0.999999999999992));
#9850=CARTESIAN_POINT('Ctrl Pts',(150.275869621426,-7.00314520031184,0.999999999999992));
#9851=CARTESIAN_POINT('Ctrl Pts',(150.378042404624,-7.8944627616326,0.999999999999992));
#9852=CARTESIAN_POINT('Ctrl Pts',(150.419253455744,-8.25397272538118,0.999999999999992));
#9853=CARTESIAN_POINT('Ctrl Pts',(147.738922363162,-1.7151326043374,-7.76826897838177E-15));
#9854=CARTESIAN_POINT('Ctrl Pts',(147.738922363162,-1.71513260433743,0.999999999999992));
#9855=CARTESIAN_POINT('Ctrl Pts',(148.142545347006,-2.36567659944296,-7.81835828521798E-15));
#9856=CARTESIAN_POINT('Ctrl Pts',(148.142545347006,-2.36567659944299,0.999999999999992));
#9857=CARTESIAN_POINT('Ctrl Pts',(148.92491218172,-3.62666536040481,-7.91544941731671E-15));
#9858=CARTESIAN_POINT('Ctrl Pts',(148.92491218172,-3.62666536040484,0.999999999999992));
#9859=CARTESIAN_POINT('Ctrl Pts',(149.495481173356,-4.99635175122653,-7.98671420838929E-15));
#9860=CARTESIAN_POINT('Ctrl Pts',(149.495481173356,-4.99635175122656,0.999999999999992));
#9861=CARTESIAN_POINT('Ctrl Pts',(149.771693670475,-5.65941704889339,-8.02121349977625E-15));
#9862=CARTESIAN_POINT('Ctrl Pts',(149.771693670475,-5.65941704889342,0.999999999999992));
#9863=CARTESIAN_POINT('',(147.738922363162,-1.7151326043374,-7.76826897838177E-15));
#9864=CARTESIAN_POINT('Ctrl Pts',(147.738922363162,-1.7151326043374,-7.76826897838177E-15));
#9865=CARTESIAN_POINT('Ctrl Pts',(148.142545347006,-2.36567659944296,-7.81835828521798E-15));
#9866=CARTESIAN_POINT('Ctrl Pts',(148.92491218172,-3.62666536040481,-7.91544941731671E-15));
#9867=CARTESIAN_POINT('Ctrl Pts',(149.495481173356,-4.99635175122653,-7.98671420838929E-15));
#9868=CARTESIAN_POINT('Ctrl Pts',(149.771693670475,-5.65941704889339,-8.02121349977625E-15));
#9869=CARTESIAN_POINT('',(147.738922363162,-1.71513260433743,0.999999999999992));
#9870=CARTESIAN_POINT('',(147.738922363162,-1.7151326043374,-7.76826897838177E-15));
#9871=CARTESIAN_POINT('Ctrl Pts',(147.738922363162,-1.71513260433743,0.999999999999992));
#9872=CARTESIAN_POINT('Ctrl Pts',(148.142545347006,-2.36567659944299,0.999999999999992));
#9873=CARTESIAN_POINT('Ctrl Pts',(148.92491218172,-3.62666536040484,0.999999999999992));
#9874=CARTESIAN_POINT('Ctrl Pts',(149.495481173356,-4.99635175122656,0.999999999999992));
#9875=CARTESIAN_POINT('Ctrl Pts',(149.771693670475,-5.65941704889342,0.999999999999992));
#9876=CARTESIAN_POINT('Ctrl Pts',(142.422851606826,2.7218859349719,-7.11274910424329E-15));
#9877=CARTESIAN_POINT('Ctrl Pts',(142.422851606826,2.72188593497187,0.999999999999993));
#9878=CARTESIAN_POINT('Ctrl Pts',(143.340740849946,2.4190988387673,-7.22546210585666E-15));
#9879=CARTESIAN_POINT('Ctrl Pts',(143.340740849946,2.41909883876727,0.999999999999993));
#9880=CARTESIAN_POINT('Ctrl Pts',(145.652427215507,1.65653537350159,-7.50932762776353E-15));
#9881=CARTESIAN_POINT('Ctrl Pts',(145.652427215507,1.65653537350156,0.999999999999993));
#9882=CARTESIAN_POINT('Ctrl Pts',(146.954098751829,-0.446898340022406,-7.67086962130968E-15));
#9883=CARTESIAN_POINT('Ctrl Pts',(146.954098751829,-0.446898340022435,0.999999999999992));
#9884=CARTESIAN_POINT('Ctrl Pts',(147.738922363162,-1.7151326043374,-7.76826897838177E-15));
#9885=CARTESIAN_POINT('Ctrl Pts',(147.738922363162,-1.71513260433743,0.999999999999992));
#9886=CARTESIAN_POINT('',(142.422851606826,2.7218859349719,-7.11274910424329E-15));
#9887=CARTESIAN_POINT('Ctrl Pts',(142.422851606826,2.7218859349719,-7.11274910424329E-15));
#9888=CARTESIAN_POINT('Ctrl Pts',(143.340740849946,2.4190988387673,-7.22546210585666E-15));
#9889=CARTESIAN_POINT('Ctrl Pts',(145.652427215507,1.65653537350159,-7.50932762776353E-15));
#9890=CARTESIAN_POINT('Ctrl Pts',(146.954098751829,-0.446898340022406,-7.67086962130968E-15));
#9891=CARTESIAN_POINT('Ctrl Pts',(147.738922363162,-1.7151326043374,-7.76826897838177E-15));
#9892=CARTESIAN_POINT('',(142.422851606826,2.72188593497187,0.999999999999993));
#9893=CARTESIAN_POINT('',(142.422851606826,2.7218859349719,-7.11274910424329E-15));
#9894=CARTESIAN_POINT('Ctrl Pts',(142.422851606826,2.72188593497187,0.999999999999993));
#9895=CARTESIAN_POINT('Ctrl Pts',(143.340740849946,2.41909883876727,0.999999999999993));
#9896=CARTESIAN_POINT('Ctrl Pts',(145.652427215507,1.65653537350156,0.999999999999993));
#9897=CARTESIAN_POINT('Ctrl Pts',(146.954098751829,-0.446898340022435,0.999999999999992));
#9898=CARTESIAN_POINT('Ctrl Pts',(147.738922363162,-1.71513260433743,0.999999999999992));
#9899=CARTESIAN_POINT('Ctrl Pts',(141.474996199313,2.43883695804794,-6.99696209055285E-15));
#9900=CARTESIAN_POINT('Ctrl Pts',(141.474996199313,2.43883695804791,0.999999999999993));
#9901=CARTESIAN_POINT('Ctrl Pts',(141.625953801454,2.52242325595754,-7.0153634400965E-15));
#9902=CARTESIAN_POINT('Ctrl Pts',(141.625953801454,2.52242325595751,0.999999999999993));
#9903=CARTESIAN_POINT('Ctrl Pts',(141.92145948939,2.68604685699066,-7.05138483536701E-15));
#9904=CARTESIAN_POINT('Ctrl Pts',(141.92145948939,2.68604685699063,0.999999999999993));
#9905=CARTESIAN_POINT('Ctrl Pts',(142.258155210307,2.71011357798267,-7.09259227766497E-15));
#9906=CARTESIAN_POINT('Ctrl Pts',(142.258155210307,2.71011357798264,0.999999999999993));
#9907=CARTESIAN_POINT('Ctrl Pts',(142.422851606826,2.7218859349719,-7.11274910424329E-15));
#9908=CARTESIAN_POINT('Ctrl Pts',(142.422851606826,2.72188593497187,0.999999999999993));
#9909=CARTESIAN_POINT('',(141.474996199313,2.43883695804794,-6.99696209055285E-15));
#9910=CARTESIAN_POINT('Ctrl Pts',(141.474996199313,2.43883695804794,-6.99696209055285E-15));
#9911=CARTESIAN_POINT('Ctrl Pts',(141.625953801454,2.52242325595754,-7.0153634400965E-15));
#9912=CARTESIAN_POINT('Ctrl Pts',(141.92145948939,2.68604685699066,-7.05138483536701E-15));
#9913=CARTESIAN_POINT('Ctrl Pts',(142.258155210307,2.71011357798267,-7.09259227766497E-15));
#9914=CARTESIAN_POINT('Ctrl Pts',(142.422851606826,2.7218859349719,-7.11274910424329E-15));
#9915=CARTESIAN_POINT('',(141.474996199313,2.43883695804791,0.999999999999993));
#9916=CARTESIAN_POINT('',(141.474996199313,2.43883695804794,-6.99696209055285E-15));
#9917=CARTESIAN_POINT('Ctrl Pts',(141.474996199313,2.43883695804791,0.999999999999993));
#9918=CARTESIAN_POINT('Ctrl Pts',(141.625953801454,2.52242325595751,0.999999999999993));
#9919=CARTESIAN_POINT('Ctrl Pts',(141.92145948939,2.68604685699063,0.999999999999993));
#9920=CARTESIAN_POINT('Ctrl Pts',(142.258155210307,2.71011357798264,0.999999999999993));
#9921=CARTESIAN_POINT('Ctrl Pts',(142.422851606826,2.72188593497187,0.999999999999993));
#9922=CARTESIAN_POINT('Ctrl Pts',(140.580520510883,1.57350709856078,-6.8883040251332E-15));
#9923=CARTESIAN_POINT('Ctrl Pts',(140.580520510883,1.57350709856075,0.999999999999993));
#9924=CARTESIAN_POINT('Ctrl Pts',(140.721287092878,1.74963577547285,-6.90536328373275E-15));
#9925=CARTESIAN_POINT('Ctrl Pts',(140.721287092878,1.74963577547282,0.999999999999993));
#9926=CARTESIAN_POINT('Ctrl Pts',(140.982640688195,2.07664423371098,-6.93703627390749E-15));
#9927=CARTESIAN_POINT('Ctrl Pts',(140.982640688195,2.07664423371096,0.999999999999993));
#9928=CARTESIAN_POINT('Ctrl Pts',(141.319548783574,2.32448478420977,-6.97804219807028E-15));
#9929=CARTESIAN_POINT('Ctrl Pts',(141.319548783574,2.32448478420974,0.999999999999993));
#9930=CARTESIAN_POINT('Ctrl Pts',(141.474996199313,2.43883695804794,-6.99696209055285E-15));
#9931=CARTESIAN_POINT('Ctrl Pts',(141.474996199313,2.43883695804791,0.999999999999993));
#9932=CARTESIAN_POINT('Ctrl Pts',(140.580520510883,1.57350709856078,-6.8883040251332E-15));
#9933=CARTESIAN_POINT('Ctrl Pts',(140.721287092878,1.74963577547285,-6.90536328373275E-15));
#9934=CARTESIAN_POINT('Ctrl Pts',(140.982640688195,2.07664423371098,-6.93703627390749E-15));
#9935=CARTESIAN_POINT('Ctrl Pts',(141.319548783574,2.32448478420977,-6.97804219807028E-15));
#9936=CARTESIAN_POINT('Ctrl Pts',(141.474996199313,2.43883695804794,-6.99696209055285E-15));
#9937=CARTESIAN_POINT('Ctrl Pts',(140.580520510883,1.57350709856075,0.999999999999993));
#9938=CARTESIAN_POINT('Ctrl Pts',(140.721287092878,1.74963577547282,0.999999999999993));
#9939=CARTESIAN_POINT('Ctrl Pts',(140.982640688195,2.07664423371096,0.999999999999993));
#9940=CARTESIAN_POINT('Ctrl Pts',(141.319548783574,2.32448478420974,0.999999999999993));
#9941=CARTESIAN_POINT('Ctrl Pts',(141.474996199313,2.43883695804791,0.999999999999993));
#9942=CARTESIAN_POINT('Ctrl Pts',(153.840220277732,-23.7010892126675,-8.5377912933146E-15));
#9943=CARTESIAN_POINT('Ctrl Pts',(153.840220277732,-23.7010892126675,0.999999999999991));
#9944=CARTESIAN_POINT('Ctrl Pts',(152.293520911745,-21.2385951371213,-8.34587799893665E-15));
#9945=CARTESIAN_POINT('Ctrl Pts',(152.293520911745,-21.2385951371213,0.999999999999992));
#9946=CARTESIAN_POINT('Ctrl Pts',(149.545034067175,-16.8627398673063,-8.00484781783255E-15));
#9947=CARTESIAN_POINT('Ctrl Pts',(149.545034067175,-16.8627398673063,0.999999999999992));
#9948=CARTESIAN_POINT('Ctrl Pts',(147.267803209712,-12.2254604623383,-7.72126205404905E-15));
#9949=CARTESIAN_POINT('Ctrl Pts',(147.267803209712,-12.2254604623384,0.999999999999992));
#9950=CARTESIAN_POINT('Ctrl Pts',(146.272074401422,-10.1977904610811,-7.59726298136186E-15));
#9951=CARTESIAN_POINT('Ctrl Pts',(146.272074401422,-10.1977904610811,0.999999999999992));
#9952=CARTESIAN_POINT('',(153.840220277732,-23.7010892126675,-8.5377912933146E-15));
#9953=CARTESIAN_POINT('',(146.272074401422,-10.1977904610811,-7.59726298136186E-15));
#9954=CARTESIAN_POINT('Ctrl Pts',(153.840220277732,-23.7010892126675,-8.5377912933146E-15));
#9955=CARTESIAN_POINT('Ctrl Pts',(152.293520911745,-21.2385951371213,-8.34587799893665E-15));
#9956=CARTESIAN_POINT('Ctrl Pts',(149.545034067175,-16.8627398673063,-8.00484781783255E-15));
#9957=CARTESIAN_POINT('Ctrl Pts',(147.267803209712,-12.2254604623383,-7.72126205404905E-15));
#9958=CARTESIAN_POINT('Ctrl Pts',(146.272074401422,-10.1977904610811,-7.59726298136186E-15));
#9959=CARTESIAN_POINT('',(153.840220277732,-23.7010892126675,0.999999999999991));
#9960=CARTESIAN_POINT('',(153.840220277732,-23.7010892126675,-8.5377912933146E-15));
#9961=CARTESIAN_POINT('',(146.272074401422,-10.1977904610811,0.999999999999992));
#9962=CARTESIAN_POINT('Ctrl Pts',(153.840220277732,-23.7010892126675,0.999999999999991));
#9963=CARTESIAN_POINT('Ctrl Pts',(152.293520911745,-21.2385951371213,0.999999999999992));
#9964=CARTESIAN_POINT('Ctrl Pts',(149.545034067175,-16.8627398673063,0.999999999999992));
#9965=CARTESIAN_POINT('Ctrl Pts',(147.267803209712,-12.2254604623384,0.999999999999992));
#9966=CARTESIAN_POINT('Ctrl Pts',(146.272074401422,-10.1977904610811,0.999999999999992));
#9967=CARTESIAN_POINT('',(146.272074401422,-10.1977904610811,-7.59726298136186E-15));
#9968=CARTESIAN_POINT('Ctrl Pts',(155.648012883002,-26.7125658891993,-8.76223637242469E-15));
#9969=CARTESIAN_POINT('Ctrl Pts',(155.648012883002,-26.7125658891994,0.999999999999991));
#9970=CARTESIAN_POINT('Ctrl Pts',(155.478445237409,-26.4273919516641,-8.74118108556919E-15));
#9971=CARTESIAN_POINT('Ctrl Pts',(155.478445237409,-26.4273919516641,0.999999999999991));
#9972=CARTESIAN_POINT('Ctrl Pts',(154.880059453524,-25.4210441336078,-8.66687926763759E-15));
#9973=CARTESIAN_POINT('Ctrl Pts',(154.880059453524,-25.4210441336079,0.999999999999991));
#9974=CARTESIAN_POINT('Ctrl Pts',(154.274313148543,-24.4191042544915,-8.5916805587564E-15));
#9975=CARTESIAN_POINT('Ctrl Pts',(154.274313148543,-24.4191042544915,0.999999999999991));
#9976=CARTESIAN_POINT('Ctrl Pts',(153.840220277732,-23.7010892126675,-8.5377912933146E-15));
#9977=CARTESIAN_POINT('Ctrl Pts',(153.840220277732,-23.7010892126675,0.999999999999991));
#9978=CARTESIAN_POINT('',(155.648012883002,-26.7125658891993,-8.76223637242469E-15));
#9979=CARTESIAN_POINT('Ctrl Pts',(155.648012883002,-26.7125658891993,-8.76223637242469E-15));
#9980=CARTESIAN_POINT('Ctrl Pts',(155.478445237409,-26.4273919516641,-8.74118108556919E-15));
#9981=CARTESIAN_POINT('Ctrl Pts',(154.880059453524,-25.4210441336078,-8.66687926763759E-15));
#9982=CARTESIAN_POINT('Ctrl Pts',(154.274313148543,-24.4191042544915,-8.5916805587564E-15));
#9983=CARTESIAN_POINT('Ctrl Pts',(153.840220277732,-23.7010892126675,-8.5377912933146E-15));
#9984=CARTESIAN_POINT('',(155.648012883002,-26.7125658891994,0.999999999999991));
#9985=CARTESIAN_POINT('',(155.648012883002,-26.7125658891993,-8.76223637242469E-15));
#9986=CARTESIAN_POINT('Ctrl Pts',(155.648012883002,-26.7125658891994,0.999999999999991));
#9987=CARTESIAN_POINT('Ctrl Pts',(155.478445237409,-26.4273919516641,0.999999999999991));
#9988=CARTESIAN_POINT('Ctrl Pts',(154.880059453524,-25.4210441336079,0.999999999999991));
#9989=CARTESIAN_POINT('Ctrl Pts',(154.274313148543,-24.4191042544915,0.999999999999991));
#9990=CARTESIAN_POINT('Ctrl Pts',(153.840220277732,-23.7010892126675,0.999999999999991));
#9991=CARTESIAN_POINT('Ctrl Pts',(156.187923418376,-28.2589189950933,-8.82992634357126E-15));
#9992=CARTESIAN_POINT('Ctrl Pts',(156.187923418376,-28.2589189950934,0.999999999999991));
#9993=CARTESIAN_POINT('Ctrl Pts',(156.155927716027,-28.024253400895,-8.82576953519173E-15));
#9994=CARTESIAN_POINT('Ctrl Pts',(156.155927716027,-28.024253400895,0.999999999999991));
#9995=CARTESIAN_POINT('Ctrl Pts',(156.08095063452,-27.4743501297744,-8.81602868445847E-15));
#9996=CARTESIAN_POINT('Ctrl Pts',(156.08095063452,-27.4743501297744,0.999999999999991));
#9997=CARTESIAN_POINT('Ctrl Pts',(155.805765549026,-26.9901427335946,-8.78183706699378E-15));
#9998=CARTESIAN_POINT('Ctrl Pts',(155.805765549026,-26.9901427335946,0.999999999999991));
#9999=CARTESIAN_POINT('Ctrl Pts',(155.648012883002,-26.7125658891993,-8.76223637242469E-15));
#10000=CARTESIAN_POINT('Ctrl Pts',(155.648012883002,-26.7125658891994,0.999999999999991));
#10001=CARTESIAN_POINT('',(156.187923418376,-28.2589189950933,-8.82992634357126E-15));
#10002=CARTESIAN_POINT('Ctrl Pts',(156.187923418376,-28.2589189950933,-8.82992634357126E-15));
#10003=CARTESIAN_POINT('Ctrl Pts',(156.155927716027,-28.024253400895,-8.82576953519173E-15));
#10004=CARTESIAN_POINT('Ctrl Pts',(156.08095063452,-27.4743501297744,-8.81602868445847E-15));
#10005=CARTESIAN_POINT('Ctrl Pts',(155.805765549026,-26.9901427335946,-8.78183706699378E-15));
#10006=CARTESIAN_POINT('Ctrl Pts',(155.648012883002,-26.7125658891993,-8.76223637242469E-15));
#10007=CARTESIAN_POINT('',(156.187923418376,-28.2589189950934,0.999999999999991));
#10008=CARTESIAN_POINT('',(156.187923418376,-28.2589189950933,-8.82992634357126E-15));
#10009=CARTESIAN_POINT('Ctrl Pts',(156.187923418376,-28.2589189950934,0.999999999999991));
#10010=CARTESIAN_POINT('Ctrl Pts',(156.155927716027,-28.024253400895,0.999999999999991));
#10011=CARTESIAN_POINT('Ctrl Pts',(156.08095063452,-27.4743501297744,0.999999999999991));
#10012=CARTESIAN_POINT('Ctrl Pts',(155.805765549026,-26.9901427335946,0.999999999999991));
#10013=CARTESIAN_POINT('Ctrl Pts',(155.648012883002,-26.7125658891994,0.999999999999991));
#10014=CARTESIAN_POINT('Ctrl Pts',(155.859949075171,-29.2162285366997,-8.79073581470907E-15));
#10015=CARTESIAN_POINT('Ctrl Pts',(155.859949075171,-29.2162285366997,0.999999999999991));
#10016=CARTESIAN_POINT('Ctrl Pts',(155.954465894645,-29.0736173684498,-8.80216538562404E-15));
#10017=CARTESIAN_POINT('Ctrl Pts',(155.954465894645,-29.0736173684499,0.999999999999991));
#10018=CARTESIAN_POINT('Ctrl Pts',(156.146896367401,-28.7832697384805,-8.82543529405724E-15));
#10019=CARTESIAN_POINT('Ctrl Pts',(156.146896367401,-28.7832697384805,0.999999999999991));
#10020=CARTESIAN_POINT('Ctrl Pts',(156.174087738284,-28.4357474282587,-8.82841181296584E-15));
#10021=CARTESIAN_POINT('Ctrl Pts',(156.174087738284,-28.4357474282587,0.999999999999991));
#10022=CARTESIAN_POINT('Ctrl Pts',(156.187923418376,-28.2589189950933,-8.82992634357126E-15));
#10023=CARTESIAN_POINT('Ctrl Pts',(156.187923418376,-28.2589189950934,0.999999999999991));
#10024=CARTESIAN_POINT('',(155.859949075171,-29.2162285366997,-8.79073581470907E-15));
#10025=CARTESIAN_POINT('Ctrl Pts',(155.859949075171,-29.2162285366997,-8.79073581470907E-15));
#10026=CARTESIAN_POINT('Ctrl Pts',(155.954465894645,-29.0736173684498,-8.80216538562404E-15));
#10027=CARTESIAN_POINT('Ctrl Pts',(156.146896367401,-28.7832697384805,-8.82543529405724E-15));
#10028=CARTESIAN_POINT('Ctrl Pts',(156.174087738284,-28.4357474282587,-8.82841181296584E-15));
#10029=CARTESIAN_POINT('Ctrl Pts',(156.187923418376,-28.2589189950933,-8.82992634357126E-15));
#10030=CARTESIAN_POINT('',(155.859949075171,-29.2162285366997,0.999999999999991));
#10031=CARTESIAN_POINT('',(155.859949075171,-29.2162285366997,-8.79073581470907E-15));
#10032=CARTESIAN_POINT('Ctrl Pts',(155.859949075171,-29.2162285366997,0.999999999999991));
#10033=CARTESIAN_POINT('Ctrl Pts',(155.954465894645,-29.0736173684499,0.999999999999991));
#10034=CARTESIAN_POINT('Ctrl Pts',(156.146896367401,-28.7832697384805,0.999999999999991));
#10035=CARTESIAN_POINT('Ctrl Pts',(156.174087738284,-28.4357474282587,0.999999999999991));
#10036=CARTESIAN_POINT('Ctrl Pts',(156.187923418376,-28.2589189950934,0.999999999999991));
#10037=CARTESIAN_POINT('Ctrl Pts',(154.720145438571,-29.8467883198619,-8.65179606993734E-15));
#10038=CARTESIAN_POINT('Ctrl Pts',(154.720145438571,-29.846788319862,0.999999999999991));
#10039=CARTESIAN_POINT('Ctrl Pts',(154.932527785473,-29.8153157851362,-8.67777250941678E-15));
#10040=CARTESIAN_POINT('Ctrl Pts',(154.932527785473,-29.8153157851362,0.999999999999991));
#10041=CARTESIAN_POINT('Ctrl Pts',(155.388325673698,-29.7477719658202,-8.73352105175578E-15));
#10042=CARTESIAN_POINT('Ctrl Pts',(155.388325673698,-29.7477719658202,0.999999999999991));
#10043=CARTESIAN_POINT('Ctrl Pts',(155.695763919797,-29.4012735116219,-8.77081777265296E-15));
#10044=CARTESIAN_POINT('Ctrl Pts',(155.695763919797,-29.4012735116219,0.999999999999991));
#10045=CARTESIAN_POINT('Ctrl Pts',(155.859949075171,-29.2162285366997,-8.79073581470907E-15));
#10046=CARTESIAN_POINT('Ctrl Pts',(155.859949075171,-29.2162285366997,0.999999999999991));
#10047=CARTESIAN_POINT('',(154.720145438571,-29.8467883198619,-8.65179606993734E-15));
#10048=CARTESIAN_POINT('Ctrl Pts',(154.720145438571,-29.8467883198619,-8.65179606993734E-15));
#10049=CARTESIAN_POINT('Ctrl Pts',(154.932527785473,-29.8153157851362,-8.67777250941678E-15));
#10050=CARTESIAN_POINT('Ctrl Pts',(155.388325673698,-29.7477719658202,-8.73352105175578E-15));
#10051=CARTESIAN_POINT('Ctrl Pts',(155.695763919797,-29.4012735116219,-8.77081777265296E-15));
#10052=CARTESIAN_POINT('Ctrl Pts',(155.859949075171,-29.2162285366997,-8.79073581470907E-15));
#10053=CARTESIAN_POINT('',(154.720145438571,-29.846788319862,0.999999999999991));
#10054=CARTESIAN_POINT('',(154.720145438571,-29.8467883198619,-8.65179606993734E-15));
#10055=CARTESIAN_POINT('Ctrl Pts',(154.720145438571,-29.846788319862,0.999999999999991));
#10056=CARTESIAN_POINT('Ctrl Pts',(154.932527785473,-29.8153157851362,0.999999999999991));
#10057=CARTESIAN_POINT('Ctrl Pts',(155.388325673698,-29.7477719658202,0.999999999999991));
#10058=CARTESIAN_POINT('Ctrl Pts',(155.695763919797,-29.4012735116219,0.999999999999991));
#10059=CARTESIAN_POINT('Ctrl Pts',(155.859949075171,-29.2162285366997,0.999999999999991));
#10060=CARTESIAN_POINT('Ctrl Pts',(153.592882207288,-28.9646699616365,-8.51285398933721E-15));
#10061=CARTESIAN_POINT('Ctrl Pts',(153.592882207288,-28.9646699616365,0.999999999999992));
#10062=CARTESIAN_POINT('Ctrl Pts',(153.764307734454,-29.217025686788,-8.53410342478219E-15));
#10063=CARTESIAN_POINT('Ctrl Pts',(153.764307734454,-29.217025686788,0.999999999999992));
#10064=CARTESIAN_POINT('Ctrl Pts',(154.05009783506,-29.6377376383375,-8.56952917725925E-15));
#10065=CARTESIAN_POINT('Ctrl Pts',(154.05009783506,-29.6377376383376,0.999999999999991));
#10066=CARTESIAN_POINT('Ctrl Pts',(154.528645217956,-29.7870414430403,-8.62828411643642E-15));
#10067=CARTESIAN_POINT('Ctrl Pts',(154.528645217956,-29.7870414430403,0.999999999999991));
#10068=CARTESIAN_POINT('Ctrl Pts',(154.720145438571,-29.8467883198619,-8.65179606993734E-15));
#10069=CARTESIAN_POINT('Ctrl Pts',(154.720145438571,-29.846788319862,0.999999999999991));
#10070=CARTESIAN_POINT('',(153.592882207288,-28.9646699616365,-8.51285398933721E-15));
#10071=CARTESIAN_POINT('Ctrl Pts',(153.592882207288,-28.9646699616365,-8.51285398933721E-15));
#10072=CARTESIAN_POINT('Ctrl Pts',(153.764307734454,-29.217025686788,-8.53410342478219E-15));
#10073=CARTESIAN_POINT('Ctrl Pts',(154.05009783506,-29.6377376383375,-8.56952917725925E-15));
#10074=CARTESIAN_POINT('Ctrl Pts',(154.528645217956,-29.7870414430403,-8.62828411643642E-15));
#10075=CARTESIAN_POINT('Ctrl Pts',(154.720145438571,-29.8467883198619,-8.65179606993734E-15));
#10076=CARTESIAN_POINT('',(153.592882207288,-28.9646699616365,0.999999999999991));
#10077=CARTESIAN_POINT('',(153.592882207288,-28.9646699616365,-8.51285398933721E-15));
#10078=CARTESIAN_POINT('Ctrl Pts',(153.592882207288,-28.9646699616365,0.999999999999992));
#10079=CARTESIAN_POINT('Ctrl Pts',(153.764307734454,-29.217025686788,0.999999999999992));
#10080=CARTESIAN_POINT('Ctrl Pts',(154.05009783506,-29.6377376383376,0.999999999999991));
#10081=CARTESIAN_POINT('Ctrl Pts',(154.528645217956,-29.7870414430403,0.999999999999991));
#10082=CARTESIAN_POINT('Ctrl Pts',(154.720145438571,-29.846788319862,0.999999999999991));
#10083=CARTESIAN_POINT('Ctrl Pts',(150.579263165164,-24.0231162364581,-8.13878041470599E-15));
#10084=CARTESIAN_POINT('Ctrl Pts',(150.579263165164,-24.0231162364582,0.999999999999992));
#10085=CARTESIAN_POINT('Ctrl Pts',(151.229143966565,-25.1441995903602,-8.21950499530332E-15));
#10086=CARTESIAN_POINT('Ctrl Pts',(151.229143966565,-25.1441995903602,0.999999999999992));
#10087=CARTESIAN_POINT('Ctrl Pts',(152.197101123122,-26.8139837310304,-8.33973925261747E-15));
#10088=CARTESIAN_POINT('Ctrl Pts',(152.197101123122,-26.8139837310304,0.999999999999992));
#10089=CARTESIAN_POINT('Ctrl Pts',(153.247661841098,-28.4327379154776,-8.47003729445483E-15));
#10090=CARTESIAN_POINT('Ctrl Pts',(153.247661841098,-28.4327379154776,0.999999999999992));
#10091=CARTESIAN_POINT('Ctrl Pts',(153.592882207288,-28.9646699616365,-8.51285398933721E-15));
#10092=CARTESIAN_POINT('Ctrl Pts',(153.592882207288,-28.9646699616365,0.999999999999992));
#10093=CARTESIAN_POINT('',(150.579263165164,-24.0231162364581,-8.13878041470599E-15));
#10094=CARTESIAN_POINT('Ctrl Pts',(150.579263165164,-24.0231162364581,-8.13878041470599E-15));
#10095=CARTESIAN_POINT('Ctrl Pts',(151.229143966565,-25.1441995903602,-8.21950499530332E-15));
#10096=CARTESIAN_POINT('Ctrl Pts',(152.197101123122,-26.8139837310304,-8.33973925261747E-15));
#10097=CARTESIAN_POINT('Ctrl Pts',(153.247661841098,-28.4327379154776,-8.47003729445483E-15));
#10098=CARTESIAN_POINT('Ctrl Pts',(153.592882207288,-28.9646699616365,-8.51285398933721E-15));
#10099=CARTESIAN_POINT('',(150.579263165164,-24.0231162364582,0.999999999999992));
#10100=CARTESIAN_POINT('',(150.579263165164,-24.0231162364581,-8.13878041470599E-15));
#10101=CARTESIAN_POINT('Ctrl Pts',(150.579263165164,-24.0231162364582,0.999999999999992));
#10102=CARTESIAN_POINT('Ctrl Pts',(151.229143966565,-25.1441995903602,0.999999999999992));
#10103=CARTESIAN_POINT('Ctrl Pts',(152.197101123122,-26.8139837310304,0.999999999999992));
#10104=CARTESIAN_POINT('Ctrl Pts',(153.247661841098,-28.4327379154776,0.999999999999992));
#10105=CARTESIAN_POINT('Ctrl Pts',(153.592882207288,-28.9646699616365,0.999999999999992));
#10106=CARTESIAN_POINT('Ctrl Pts',(139.899713516258,-3.33737250853516,-6.80992530323724E-15));
#10107=CARTESIAN_POINT('Ctrl Pts',(139.899713516258,-3.33737250853519,0.999999999999993));
#10108=CARTESIAN_POINT('Ctrl Pts',(141.506571383476,-6.81912325034109,-7.01024198075462E-15));
#10109=CARTESIAN_POINT('Ctrl Pts',(141.506571383476,-6.81912325034111,0.999999999999993));
#10110=CARTESIAN_POINT('Ctrl Pts',(144.761397991897,-13.871704060082,-7.41600036511194E-15));
#10111=CARTESIAN_POINT('Ctrl Pts',(144.761397991897,-13.871704060082,0.999999999999993));
#10112=CARTESIAN_POINT('Ctrl Pts',(148.623713471087,-20.6109383353304,-7.89583351532384E-15));
#10113=CARTESIAN_POINT('Ctrl Pts',(148.623713471087,-20.6109383353305,0.999999999999992));
#10114=CARTESIAN_POINT('Ctrl Pts',(150.579263165164,-24.0231162364581,-8.13878041470599E-15));
#10115=CARTESIAN_POINT('Ctrl Pts',(150.579263165164,-24.0231162364582,0.999999999999992));
#10116=CARTESIAN_POINT('',(139.899713516258,-3.33737250853516,-6.80992530323724E-15));
#10117=CARTESIAN_POINT('Ctrl Pts',(139.899713516258,-3.33737250853516,-6.80992530323724E-15));
#10118=CARTESIAN_POINT('Ctrl Pts',(141.506571383476,-6.81912325034109,-7.01024198075462E-15));
#10119=CARTESIAN_POINT('Ctrl Pts',(144.761397991897,-13.871704060082,-7.41600036511194E-15));
#10120=CARTESIAN_POINT('Ctrl Pts',(148.623713471087,-20.6109383353304,-7.89583351532384E-15));
#10121=CARTESIAN_POINT('Ctrl Pts',(150.579263165164,-24.0231162364581,-8.13878041470599E-15));
#10122=CARTESIAN_POINT('',(139.899713516258,-3.33737250853519,0.999999999999993));
#10123=CARTESIAN_POINT('',(139.899713516258,-3.33737250853516,-6.80992530323724E-15));
#10124=CARTESIAN_POINT('Ctrl Pts',(139.899713516258,-3.33737250853519,0.999999999999993));
#10125=CARTESIAN_POINT('Ctrl Pts',(141.506571383476,-6.81912325034111,0.999999999999993));
#10126=CARTESIAN_POINT('Ctrl Pts',(144.761397991897,-13.871704060082,0.999999999999993));
#10127=CARTESIAN_POINT('Ctrl Pts',(148.623713471087,-20.6109383353305,0.999999999999992));
#10128=CARTESIAN_POINT('Ctrl Pts',(150.579263165164,-24.0231162364582,0.999999999999992));
#10129=CARTESIAN_POINT('Ctrl Pts',(136.62272988139,4.92284647875656,-6.40022567387924E-15));
#10130=CARTESIAN_POINT('Ctrl Pts',(136.62272988139,4.92284647875653,0.999999999999994));
#10131=CARTESIAN_POINT('Ctrl Pts',(136.884785027841,4.09501163497519,-6.43315878166868E-15));
#10132=CARTESIAN_POINT('Ctrl Pts',(136.884785027841,4.09501163497516,0.999999999999994));
#10133=CARTESIAN_POINT('Ctrl Pts',(137.779914433568,1.26728883773159,-6.54565187178181E-15));
#10134=CARTESIAN_POINT('Ctrl Pts',(137.779914433568,1.26728883773157,0.999999999999994));
#10135=CARTESIAN_POINT('Ctrl Pts',(139.021564703492,-1.42984366420452,-6.70044728620561E-15));
#10136=CARTESIAN_POINT('Ctrl Pts',(139.021564703492,-1.42984366420454,0.999999999999993));
#10137=CARTESIAN_POINT('Ctrl Pts',(139.899713516258,-3.33737250853516,-6.80992530323724E-15));
#10138=CARTESIAN_POINT('Ctrl Pts',(139.899713516258,-3.33737250853519,0.999999999999993));
#10139=CARTESIAN_POINT('',(136.62272988139,4.92284647875656,-6.40022567387924E-15));
#10140=CARTESIAN_POINT('Ctrl Pts',(136.62272988139,4.92284647875656,-6.40022567387924E-15));
#10141=CARTESIAN_POINT('Ctrl Pts',(136.884785027841,4.09501163497519,-6.43315878166868E-15));
#10142=CARTESIAN_POINT('Ctrl Pts',(137.779914433568,1.26728883773159,-6.54565187178181E-15));
#10143=CARTESIAN_POINT('Ctrl Pts',(139.021564703492,-1.42984366420452,-6.70044728620561E-15));
#10144=CARTESIAN_POINT('Ctrl Pts',(139.899713516258,-3.33737250853516,-6.80992530323724E-15));
#10145=CARTESIAN_POINT('',(136.62272988139,4.92284647875653,0.999999999999994));
#10146=CARTESIAN_POINT('',(136.62272988139,4.92284647875656,-6.40022567387924E-15));
#10147=CARTESIAN_POINT('Ctrl Pts',(136.62272988139,4.92284647875653,0.999999999999994));
#10148=CARTESIAN_POINT('Ctrl Pts',(136.884785027841,4.09501163497516,0.999999999999994));
#10149=CARTESIAN_POINT('Ctrl Pts',(137.779914433568,1.26728883773157,0.999999999999994));
#10150=CARTESIAN_POINT('Ctrl Pts',(139.021564703492,-1.42984366420454,0.999999999999993));
#10151=CARTESIAN_POINT('Ctrl Pts',(139.899713516258,-3.33737250853519,0.999999999999993));
#10152=CARTESIAN_POINT('Ctrl Pts',(136.949960564585,5.79288606584393,-6.43941386691302E-15));
#10153=CARTESIAN_POINT('Ctrl Pts',(136.949960564585,5.7928860658439,0.999999999999994));
#10154=CARTESIAN_POINT('Ctrl Pts',(136.855524842605,5.65786566304451,-6.42798650920266E-15));
#10155=CARTESIAN_POINT('Ctrl Pts',(136.855524842605,5.65786566304448,0.999999999999994));
#10156=CARTESIAN_POINT('Ctrl Pts',(136.671977435168,5.39543695105439,-6.40577603802051E-15));
#10157=CARTESIAN_POINT('Ctrl Pts',(136.671977435168,5.39543695105436,0.999999999999994));
#10158=CARTESIAN_POINT('Ctrl Pts',(136.638825191014,5.07730064740558,-6.40203966914447E-15));
#10159=CARTESIAN_POINT('Ctrl Pts',(136.638825191014,5.07730064740555,0.999999999999994));
#10160=CARTESIAN_POINT('Ctrl Pts',(136.62272988139,4.92284647875656,-6.40022567387924E-15));
#10161=CARTESIAN_POINT('Ctrl Pts',(136.62272988139,4.92284647875653,0.999999999999994));
#10162=CARTESIAN_POINT('',(136.949960564585,5.79288606584393,-6.43941386691302E-15));
#10163=CARTESIAN_POINT('Ctrl Pts',(136.949960564585,5.79288606584393,-6.43941386691302E-15));
#10164=CARTESIAN_POINT('Ctrl Pts',(136.855524842605,5.65786566304451,-6.42798650920266E-15));
#10165=CARTESIAN_POINT('Ctrl Pts',(136.671977435168,5.39543695105439,-6.40577603802051E-15));
#10166=CARTESIAN_POINT('Ctrl Pts',(136.638825191014,5.07730064740558,-6.40203966914447E-15));
#10167=CARTESIAN_POINT('Ctrl Pts',(136.62272988139,4.92284647875656,-6.40022567387924E-15));
#10168=CARTESIAN_POINT('',(136.949960564585,5.7928860658439,0.999999999999994));
#10169=CARTESIAN_POINT('',(136.949960564585,5.79288606584393,-6.43941386691302E-15));
#10170=CARTESIAN_POINT('Ctrl Pts',(136.949960564585,5.7928860658439,0.999999999999994));
#10171=CARTESIAN_POINT('Ctrl Pts',(136.855524842605,5.65786566304448,0.999999999999994));
#10172=CARTESIAN_POINT('Ctrl Pts',(136.671977435168,5.39543695105436,0.999999999999994));
#10173=CARTESIAN_POINT('Ctrl Pts',(136.638825191014,5.07730064740555,0.999999999999994));
#10174=CARTESIAN_POINT('Ctrl Pts',(136.62272988139,4.92284647875653,0.999999999999994));
#10175=CARTESIAN_POINT('Ctrl Pts',(137.944092344928,6.39556249702466,-6.56054292014976E-15));
#10176=CARTESIAN_POINT('Ctrl Pts',(137.944092344928,6.39556249702464,0.999999999999994));
#10177=CARTESIAN_POINT('Ctrl Pts',(137.764873412654,6.36202274736939,-6.53862978952075E-15));
#10178=CARTESIAN_POINT('Ctrl Pts',(137.764873412654,6.36202274736936,0.999999999999994));
#10179=CARTESIAN_POINT('Ctrl Pts',(137.361902128191,6.28660908527662,-6.48935841911291E-15));
#10180=CARTESIAN_POINT('Ctrl Pts',(137.361902128191,6.28660908527659,0.999999999999994));
#10181=CARTESIAN_POINT('Ctrl Pts',(137.097031599457,5.96915464814603,-6.45724502945453E-15));
#10182=CARTESIAN_POINT('Ctrl Pts',(137.097031599457,5.969154648146,0.999999999999994));
#10183=CARTESIAN_POINT('Ctrl Pts',(136.949960564585,5.79288606584393,-6.43941386691302E-15));
#10184=CARTESIAN_POINT('Ctrl Pts',(136.949960564585,5.7928860658439,0.999999999999994));
#10185=CARTESIAN_POINT('',(137.944092344928,6.39556249702466,-6.56054292014976E-15));
#10186=CARTESIAN_POINT('Ctrl Pts',(137.944092344928,6.39556249702466,-6.56054292014976E-15));
#10187=CARTESIAN_POINT('Ctrl Pts',(137.764873412654,6.36202274736939,-6.53862978952075E-15));
#10188=CARTESIAN_POINT('Ctrl Pts',(137.361902128191,6.28660908527662,-6.48935841911291E-15));
#10189=CARTESIAN_POINT('Ctrl Pts',(137.097031599457,5.96915464814603,-6.45724502945453E-15));
#10190=CARTESIAN_POINT('Ctrl Pts',(136.949960564585,5.79288606584393,-6.43941386691302E-15));
#10191=CARTESIAN_POINT('',(137.944092344928,6.39556249702464,0.999999999999993));
#10192=CARTESIAN_POINT('',(137.944092344928,6.39556249702466,-6.56054292014976E-15));
#10193=CARTESIAN_POINT('Ctrl Pts',(137.944092344928,6.39556249702464,0.999999999999994));
#10194=CARTESIAN_POINT('Ctrl Pts',(137.764873412654,6.36202274736936,0.999999999999994));
#10195=CARTESIAN_POINT('Ctrl Pts',(137.361902128191,6.28660908527659,0.999999999999994));
#10196=CARTESIAN_POINT('Ctrl Pts',(137.097031599457,5.969154648146,0.999999999999994));
#10197=CARTESIAN_POINT('Ctrl Pts',(136.949960564585,5.7928860658439,0.999999999999994));
#10198=CARTESIAN_POINT('Ctrl Pts',(138.538510241432,6.1578892245894,-6.63357726667102E-15));
#10199=CARTESIAN_POINT('Ctrl Pts',(138.538510241432,6.15788922458937,0.999999999999993));
#10200=CARTESIAN_POINT('Ctrl Pts',(138.46182165714,6.22626942518024,-6.62411642078082E-15));
#10201=CARTESIAN_POINT('Ctrl Pts',(138.46182165714,6.22626942518021,0.999999999999993));
#10202=CARTESIAN_POINT('Ctrl Pts',(138.293656091269,6.3762160597787,-6.60337032776803E-15));
#10203=CARTESIAN_POINT('Ctrl Pts',(138.293656091269,6.37621605977867,0.999999999999993));
#10204=CARTESIAN_POINT('Ctrl Pts',(138.067250266073,6.38874638117251,-6.57563182609466E-15));
#10205=CARTESIAN_POINT('Ctrl Pts',(138.067250266073,6.38874638117248,0.999999999999994));
#10206=CARTESIAN_POINT('Ctrl Pts',(137.944092344928,6.39556249702466,-6.56054292014976E-15));
#10207=CARTESIAN_POINT('Ctrl Pts',(137.944092344928,6.39556249702464,0.999999999999994));
#10208=CARTESIAN_POINT('',(138.538510241432,6.1578892245894,-6.63357726667102E-15));
#10209=CARTESIAN_POINT('Ctrl Pts',(138.538510241432,6.1578892245894,-6.63357726667102E-15));
#10210=CARTESIAN_POINT('Ctrl Pts',(138.46182165714,6.22626942518024,-6.62411642078082E-15));
#10211=CARTESIAN_POINT('Ctrl Pts',(138.293656091269,6.3762160597787,-6.60337032776803E-15));
#10212=CARTESIAN_POINT('Ctrl Pts',(138.067250266073,6.38874638117251,-6.57563182609466E-15));
#10213=CARTESIAN_POINT('Ctrl Pts',(137.944092344928,6.39556249702466,-6.56054292014976E-15));
#10214=CARTESIAN_POINT('',(138.538510241432,6.15788922458937,0.999999999999993));
#10215=CARTESIAN_POINT('',(138.538510241432,6.1578892245894,-6.63357726667102E-15));
#10216=CARTESIAN_POINT('Ctrl Pts',(138.538510241432,6.15788922458937,0.999999999999993));
#10217=CARTESIAN_POINT('Ctrl Pts',(138.46182165714,6.22626942518021,0.999999999999993));
#10218=CARTESIAN_POINT('Ctrl Pts',(138.293656091269,6.37621605977867,0.999999999999993));
#10219=CARTESIAN_POINT('Ctrl Pts',(138.067250266073,6.38874638117248,0.999999999999994));
#10220=CARTESIAN_POINT('Ctrl Pts',(137.944092344928,6.39556249702464,0.999999999999994));
#10221=CARTESIAN_POINT('Ctrl Pts',(139.211249827644,4.8431688135098,-6.71729802811329E-15));
#10222=CARTESIAN_POINT('Ctrl Pts',(139.211249827644,4.84316881350978,0.999999999999993));
#10223=CARTESIAN_POINT('Ctrl Pts',(139.082455475394,5.13713713845781,-6.70122691564109E-15));
#10224=CARTESIAN_POINT('Ctrl Pts',(139.082455475394,5.13713713845778,0.999999999999993));
#10225=CARTESIAN_POINT('Ctrl Pts',(138.884388086043,5.58921859744292,-6.67651183120052E-15));
#10226=CARTESIAN_POINT('Ctrl Pts',(138.884388086043,5.5892185974429,0.999999999999993));
#10227=CARTESIAN_POINT('Ctrl Pts',(138.6281338314,6.01053574731973,-6.64470243663141E-15));
#10228=CARTESIAN_POINT('Ctrl Pts',(138.6281338314,6.0105357473197,0.999999999999993));
#10229=CARTESIAN_POINT('Ctrl Pts',(138.538510241432,6.1578892245894,-6.63357726667102E-15));
#10230=CARTESIAN_POINT('Ctrl Pts',(138.538510241432,6.15788922458937,0.999999999999993));
#10231=CARTESIAN_POINT('',(139.211249827644,4.8431688135098,-6.71729802811329E-15));
#10232=CARTESIAN_POINT('Ctrl Pts',(139.211249827644,4.8431688135098,-6.71729802811329E-15));
#10233=CARTESIAN_POINT('Ctrl Pts',(139.082455475394,5.13713713845781,-6.70122691564109E-15));
#10234=CARTESIAN_POINT('Ctrl Pts',(138.884388086043,5.58921859744292,-6.67651183120052E-15));
#10235=CARTESIAN_POINT('Ctrl Pts',(138.6281338314,6.01053574731973,-6.64470243663141E-15));
#10236=CARTESIAN_POINT('Ctrl Pts',(138.538510241432,6.1578892245894,-6.63357726667102E-15));
#10237=CARTESIAN_POINT('',(139.211249827644,4.84316881350978,0.999999999999993));
#10238=CARTESIAN_POINT('',(139.211249827644,4.8431688135098,-6.71729802811329E-15));
#10239=CARTESIAN_POINT('Ctrl Pts',(139.211249827644,4.84316881350978,0.999999999999993));
#10240=CARTESIAN_POINT('Ctrl Pts',(139.082455475394,5.13713713845778,0.999999999999993));
#10241=CARTESIAN_POINT('Ctrl Pts',(138.884388086043,5.5892185974429,0.999999999999993));
#10242=CARTESIAN_POINT('Ctrl Pts',(138.6281338314,6.0105357473197,0.999999999999993));
#10243=CARTESIAN_POINT('Ctrl Pts',(138.538510241432,6.15788922458937,0.999999999999993));
#10244=CARTESIAN_POINT('Ctrl Pts',(139.497801131001,4.3171376270478,-6.75292408284007E-15));
#10245=CARTESIAN_POINT('Ctrl Pts',(139.497801131001,4.31713762704777,0.999999999999993));
#10246=CARTESIAN_POINT('Ctrl Pts',(139.434966418577,4.42877274485369,-6.74511580833065E-15));
#10247=CARTESIAN_POINT('Ctrl Pts',(139.434966418577,4.42877274485366,0.999999999999993));
#10248=CARTESIAN_POINT('Ctrl Pts',(139.337014292558,4.60279911826198,-6.73294360193038E-15));
#10249=CARTESIAN_POINT('Ctrl Pts',(139.337014292558,4.60279911826195,0.999999999999993));
#10250=CARTESIAN_POINT('Ctrl Pts',(139.244439412147,4.77973459687361,-6.72142693761615E-15));
#10251=CARTESIAN_POINT('Ctrl Pts',(139.244439412147,4.77973459687358,0.999999999999993));
#10252=CARTESIAN_POINT('Ctrl Pts',(139.211249827644,4.8431688135098,-6.71729802811329E-15));
#10253=CARTESIAN_POINT('Ctrl Pts',(139.211249827644,4.84316881350978,0.999999999999993));
#10254=CARTESIAN_POINT('',(139.497801131001,4.3171376270478,-6.75292408284007E-15));
#10255=CARTESIAN_POINT('Ctrl Pts',(139.497801131001,4.3171376270478,-6.75292408284007E-15));
#10256=CARTESIAN_POINT('Ctrl Pts',(139.434966418577,4.42877274485369,-6.74511580833065E-15));
#10257=CARTESIAN_POINT('Ctrl Pts',(139.337014292558,4.60279911826198,-6.73294360193038E-15));
#10258=CARTESIAN_POINT('Ctrl Pts',(139.244439412147,4.77973459687361,-6.72142693761615E-15));
#10259=CARTESIAN_POINT('Ctrl Pts',(139.211249827644,4.8431688135098,-6.71729802811329E-15));
#10260=CARTESIAN_POINT('',(139.497801131001,4.31713762704777,0.999999999999993));
#10261=CARTESIAN_POINT('',(139.497801131001,4.3171376270478,-6.75292408284007E-15));
#10262=CARTESIAN_POINT('Ctrl Pts',(139.497801131001,4.31713762704777,0.999999999999993));
#10263=CARTESIAN_POINT('Ctrl Pts',(139.434966418577,4.42877274485366,0.999999999999993));
#10264=CARTESIAN_POINT('Ctrl Pts',(139.337014292558,4.60279911826195,0.999999999999993));
#10265=CARTESIAN_POINT('Ctrl Pts',(139.244439412147,4.77973459687358,0.999999999999993));
#10266=CARTESIAN_POINT('Ctrl Pts',(139.211249827644,4.84316881350978,0.999999999999993));
#10267=CARTESIAN_POINT('Ctrl Pts',(140.771177438859,5.2665952913362,-6.90789695373589E-15));
#10268=CARTESIAN_POINT('Ctrl Pts',(140.771177438859,5.26659529133617,0.999999999999993));
#10269=CARTESIAN_POINT('Ctrl Pts',(140.537457223915,5.14642122969977,-6.87939765783415E-15));
#10270=CARTESIAN_POINT('Ctrl Pts',(140.537457223915,5.14642122969974,0.999999999999993));
#10271=CARTESIAN_POINT('Ctrl Pts',(140.060230970052,4.90104143976625,-6.82120580556259E-15));
#10272=CARTESIAN_POINT('Ctrl Pts',(140.060230970052,4.90104143976622,0.999999999999993));
#10273=CARTESIAN_POINT('Ctrl Pts',(139.687823228871,4.51441490457316,-6.77599369134413E-15));
#10274=CARTESIAN_POINT('Ctrl Pts',(139.687823228871,4.51441490457313,0.999999999999993));
#10275=CARTESIAN_POINT('Ctrl Pts',(139.497801131001,4.3171376270478,-6.75292408284007E-15));
#10276=CARTESIAN_POINT('Ctrl Pts',(139.497801131001,4.31713762704777,0.999999999999993));
#10277=CARTESIAN_POINT('',(140.771177438859,5.2665952913362,-6.90789695373589E-15));
#10278=CARTESIAN_POINT('Ctrl Pts',(140.771177438859,5.2665952913362,-6.90789695373589E-15));
#10279=CARTESIAN_POINT('Ctrl Pts',(140.537457223915,5.14642122969977,-6.87939765783415E-15));
#10280=CARTESIAN_POINT('Ctrl Pts',(140.060230970052,4.90104143976625,-6.82120580556259E-15));
#10281=CARTESIAN_POINT('Ctrl Pts',(139.687823228871,4.51441490457316,-6.77599369134413E-15));
#10282=CARTESIAN_POINT('Ctrl Pts',(139.497801131001,4.3171376270478,-6.75292408284007E-15));
#10283=CARTESIAN_POINT('',(140.771177438859,5.26659529133617,0.999999999999993));
#10284=CARTESIAN_POINT('',(140.771177438859,5.2665952913362,-6.90789695373589E-15));
#10285=CARTESIAN_POINT('Ctrl Pts',(140.771177438859,5.26659529133617,0.999999999999993));
#10286=CARTESIAN_POINT('Ctrl Pts',(140.537457223915,5.14642122969974,0.999999999999993));
#10287=CARTESIAN_POINT('Ctrl Pts',(140.060230970052,4.90104143976622,0.999999999999993));
#10288=CARTESIAN_POINT('Ctrl Pts',(139.687823228871,4.51441490457313,0.999999999999993));
#10289=CARTESIAN_POINT('Ctrl Pts',(139.497801131001,4.31713762704777,0.999999999999993));
#10290=CARTESIAN_POINT('Ctrl Pts',(142.359244083979,5.57342155363513,-7.1020603534939E-15));
#10291=CARTESIAN_POINT('Ctrl Pts',(142.359244083979,5.5734215536351,0.999999999999993));
#10292=CARTESIAN_POINT('Ctrl Pts',(142.07851994344,5.56401086799833,-7.06769231486136E-15));
#10293=CARTESIAN_POINT('Ctrl Pts',(142.07851994344,5.5640108679983,0.999999999999993));
#10294=CARTESIAN_POINT('Ctrl Pts',(141.532673226793,5.54571250631708,-7.0008662805589E-15));
#10295=CARTESIAN_POINT('Ctrl Pts',(141.532673226793,5.54571250631706,0.999999999999993));
#10296=CARTESIAN_POINT('Ctrl Pts',(141.020126106578,5.35784446159823,-6.93829054279847E-15));
#10297=CARTESIAN_POINT('Ctrl Pts',(141.020126106578,5.35784446159821,0.999999999999993));
#10298=CARTESIAN_POINT('Ctrl Pts',(140.771177438859,5.2665952913362,-6.90789695373589E-15));
#10299=CARTESIAN_POINT('Ctrl Pts',(140.771177438859,5.26659529133617,0.999999999999993));
#10300=CARTESIAN_POINT('',(142.359244083979,5.57342155363513,-7.1020603534939E-15));
#10301=CARTESIAN_POINT('Ctrl Pts',(142.359244083979,5.57342155363513,-7.1020603534939E-15));
#10302=CARTESIAN_POINT('Ctrl Pts',(142.07851994344,5.56401086799833,-7.06769231486136E-15));
#10303=CARTESIAN_POINT('Ctrl Pts',(141.532673226793,5.54571250631708,-7.0008662805589E-15));
#10304=CARTESIAN_POINT('Ctrl Pts',(141.020126106578,5.35784446159823,-6.93829054279847E-15));
#10305=CARTESIAN_POINT('Ctrl Pts',(140.771177438859,5.2665952913362,-6.90789695373589E-15));
#10306=CARTESIAN_POINT('',(142.359244083979,5.5734215536351,0.999999999999993));
#10307=CARTESIAN_POINT('',(142.359244083979,5.57342155363513,-7.1020603534939E-15));
#10308=CARTESIAN_POINT('Ctrl Pts',(142.359244083979,5.5734215536351,0.999999999999993));
#10309=CARTESIAN_POINT('Ctrl Pts',(142.07851994344,5.5640108679983,0.999999999999993));
#10310=CARTESIAN_POINT('Ctrl Pts',(141.532673226793,5.54571250631706,0.999999999999993));
#10311=CARTESIAN_POINT('Ctrl Pts',(141.020126106578,5.35784446159821,0.999999999999993));
#10312=CARTESIAN_POINT('Ctrl Pts',(140.771177438859,5.26659529133617,0.999999999999993));
#10313=CARTESIAN_POINT('Ctrl Pts',(147.28326899557,2.97244965247445,-7.7077032838492E-15));
#10314=CARTESIAN_POINT('Ctrl Pts',(147.28326899557,2.97244965247442,0.999999999999992));
#10315=CARTESIAN_POINT('Ctrl Pts',(146.496194233316,3.72220831607225,-7.61055541813606E-15));
#10316=CARTESIAN_POINT('Ctrl Pts',(146.496194233316,3.72220831607222,0.999999999999992));
#10317=CARTESIAN_POINT('Ctrl Pts',(145.090240470947,5.06150423115876,-7.4370199246152E-15));
#10318=CARTESIAN_POINT('Ctrl Pts',(145.090240470947,5.06150423115873,0.999999999999993));
#10319=CARTESIAN_POINT('Ctrl Pts',(143.193958113009,5.41695683884694,-7.20443890459965E-15));
#10320=CARTESIAN_POINT('Ctrl Pts',(143.193958113009,5.41695683884692,0.999999999999993));
#10321=CARTESIAN_POINT('Ctrl Pts',(142.359244083979,5.57342155363513,-7.1020603534939E-15));
#10322=CARTESIAN_POINT('Ctrl Pts',(142.359244083979,5.5734215536351,0.999999999999993));
#10323=CARTESIAN_POINT('',(147.28326899557,2.97244965247445,-7.7077032838492E-15));
#10324=CARTESIAN_POINT('Ctrl Pts',(147.28326899557,2.97244965247445,-7.7077032838492E-15));
#10325=CARTESIAN_POINT('Ctrl Pts',(146.496194233316,3.72220831607225,-7.61055541813606E-15));
#10326=CARTESIAN_POINT('Ctrl Pts',(145.090240470947,5.06150423115876,-7.4370199246152E-15));
#10327=CARTESIAN_POINT('Ctrl Pts',(143.193958113009,5.41695683884694,-7.20443890459965E-15));
#10328=CARTESIAN_POINT('Ctrl Pts',(142.359244083979,5.57342155363513,-7.1020603534939E-15));
#10329=CARTESIAN_POINT('',(147.28326899557,2.97244965247442,0.999999999999992));
#10330=CARTESIAN_POINT('',(147.28326899557,2.97244965247445,-7.7077032838492E-15));
#10331=CARTESIAN_POINT('Ctrl Pts',(147.28326899557,2.97244965247442,0.999999999999992));
#10332=CARTESIAN_POINT('Ctrl Pts',(146.496194233316,3.72220831607222,0.999999999999992));
#10333=CARTESIAN_POINT('Ctrl Pts',(145.090240470947,5.06150423115873,0.999999999999993));
#10334=CARTESIAN_POINT('Ctrl Pts',(143.193958113009,5.41695683884692,0.999999999999993));
#10335=CARTESIAN_POINT('Ctrl Pts',(142.359244083979,5.5734215536351,0.999999999999993));
#10336=CARTESIAN_POINT('Ctrl Pts',(152.027789074584,-3.72899084237555,-8.29553318684112E-15));
#10337=CARTESIAN_POINT('Ctrl Pts',(152.027789074584,-3.72899084237558,0.999999999999992));
#10338=CARTESIAN_POINT('Ctrl Pts',(151.409080602997,-2.53804990824068,-8.21855495525166E-15));
#10339=CARTESIAN_POINT('Ctrl Pts',(151.409080602997,-2.53804990824071,0.999999999999992));
#10340=CARTESIAN_POINT('Ctrl Pts',(150.135824715382,-0.0871822931628508,
-8.06013949612931E-15));
#10341=CARTESIAN_POINT('Ctrl Pts',(150.135824715382,-0.0871822931628796,
0.999999999999992));
#10342=CARTESIAN_POINT('Ctrl Pts',(148.251797772313,1.9336122460713,-7.82736601688141E-15));
#10343=CARTESIAN_POINT('Ctrl Pts',(148.251797772312,1.93361224607127,0.999999999999992));
#10344=CARTESIAN_POINT('Ctrl Pts',(147.28326899557,2.97244965247445,-7.7077032838492E-15));
#10345=CARTESIAN_POINT('Ctrl Pts',(147.28326899557,2.97244965247442,0.999999999999992));
#10346=CARTESIAN_POINT('',(152.027789074584,-3.72899084237555,-8.29553318684112E-15));
#10347=CARTESIAN_POINT('Ctrl Pts',(152.027789074584,-3.72899084237555,-8.29553318684112E-15));
#10348=CARTESIAN_POINT('Ctrl Pts',(151.409080602997,-2.53804990824068,-8.21855495525166E-15));
#10349=CARTESIAN_POINT('Ctrl Pts',(150.135824715382,-0.0871822931628508,
-8.06013949612931E-15));
#10350=CARTESIAN_POINT('Ctrl Pts',(148.251797772313,1.9336122460713,-7.82736601688141E-15));
#10351=CARTESIAN_POINT('Ctrl Pts',(147.28326899557,2.97244965247445,-7.7077032838492E-15));
#10352=CARTESIAN_POINT('',(152.027789074584,-3.72899084237558,0.999999999999992));
#10353=CARTESIAN_POINT('',(152.027789074584,-3.72899084237555,-8.29553318684112E-15));
#10354=CARTESIAN_POINT('Ctrl Pts',(152.027789074584,-3.72899084237558,0.999999999999992));
#10355=CARTESIAN_POINT('Ctrl Pts',(151.409080602997,-2.53804990824071,0.999999999999992));
#10356=CARTESIAN_POINT('Ctrl Pts',(150.135824715382,-0.0871822931628796,
0.999999999999992));
#10357=CARTESIAN_POINT('Ctrl Pts',(148.251797772312,1.93361224607127,0.999999999999992));
#10358=CARTESIAN_POINT('Ctrl Pts',(147.28326899557,2.97244965247442,0.999999999999992));
#10359=CARTESIAN_POINT('Ctrl Pts',(153.465739351349,-9.23930215405564,-8.47722793461043E-15));
#10360=CARTESIAN_POINT('Ctrl Pts',(153.465739351348,-9.23930215405566,0.999999999999992));
#10361=CARTESIAN_POINT('Ctrl Pts',(153.387078667685,-8.39250370813792,-8.46673411536353E-15));
#10362=CARTESIAN_POINT('Ctrl Pts',(153.387078667685,-8.39250370813794,0.999999999999992));
#10363=CARTESIAN_POINT('Ctrl Pts',(153.209501369638,-6.48084755395906,-8.44304421106472E-15));
#10364=CARTESIAN_POINT('Ctrl Pts',(153.209501369637,-6.48084755395909,0.999999999999992));
#10365=CARTESIAN_POINT('Ctrl Pts',(152.450550568227,-4.71347670966384,-8.34830574509463E-15));
#10366=CARTESIAN_POINT('Ctrl Pts',(152.450550568227,-4.71347670966386,0.999999999999992));
#10367=CARTESIAN_POINT('Ctrl Pts',(152.027789074584,-3.72899084237555,-8.29553318684112E-15));
#10368=CARTESIAN_POINT('Ctrl Pts',(152.027789074584,-3.72899084237558,0.999999999999992));
#10369=CARTESIAN_POINT('',(153.465739351349,-9.23930215405564,-8.47722793461043E-15));
#10370=CARTESIAN_POINT('Ctrl Pts',(153.465739351349,-9.23930215405564,-8.47722793461043E-15));
#10371=CARTESIAN_POINT('Ctrl Pts',(153.387078667685,-8.39250370813792,-8.46673411536353E-15));
#10372=CARTESIAN_POINT('Ctrl Pts',(153.209501369638,-6.48084755395906,-8.44304421106472E-15));
#10373=CARTESIAN_POINT('Ctrl Pts',(152.450550568227,-4.71347670966384,-8.34830574509463E-15));
#10374=CARTESIAN_POINT('Ctrl Pts',(152.027789074584,-3.72899084237555,-8.29553318684112E-15));
#10375=CARTESIAN_POINT('',(153.465739351348,-9.23930215405566,0.999999999999992));
#10376=CARTESIAN_POINT('',(153.465739351349,-9.23930215405564,-8.47722793461043E-15));
#10377=CARTESIAN_POINT('Ctrl Pts',(153.465739351348,-9.23930215405566,0.999999999999992));
#10378=CARTESIAN_POINT('Ctrl Pts',(153.387078667685,-8.39250370813794,0.999999999999992));
#10379=CARTESIAN_POINT('Ctrl Pts',(153.209501369637,-6.48084755395909,0.999999999999992));
#10380=CARTESIAN_POINT('Ctrl Pts',(152.450550568227,-4.71347670966386,0.999999999999992));
#10381=CARTESIAN_POINT('Ctrl Pts',(152.027789074584,-3.72899084237558,0.999999999999992));
#10382=CARTESIAN_POINT('Ctrl Pts',(152.721102371047,-11.3277371331733,-8.38816279779347E-15));
#10383=CARTESIAN_POINT('Ctrl Pts',(152.721102371047,-11.3277371331733,0.999999999999992));
#10384=CARTESIAN_POINT('Ctrl Pts',(152.935816867841,-11.0152280964534,-8.41413908507461E-15));
#10385=CARTESIAN_POINT('Ctrl Pts',(152.935816867841,-11.0152280964534,0.999999999999992));
#10386=CARTESIAN_POINT('Ctrl Pts',(153.368679698037,-10.3852122003849,-8.46650708722818E-15));
#10387=CARTESIAN_POINT('Ctrl Pts',(153.368679698037,-10.3852122003849,0.999999999999992));
#10388=CARTESIAN_POINT('Ctrl Pts',(153.433215482643,-9.62328691624301,-8.47363546935043E-15));
#10389=CARTESIAN_POINT('Ctrl Pts',(153.433215482643,-9.62328691624304,0.999999999999992));
#10390=CARTESIAN_POINT('Ctrl Pts',(153.465739351349,-9.23930215405564,-8.47722793461043E-15));
#10391=CARTESIAN_POINT('Ctrl Pts',(153.465739351348,-9.23930215405566,0.999999999999992));
#10392=CARTESIAN_POINT('',(152.721102371047,-11.3277371331733,-8.38816279779347E-15));
#10393=CARTESIAN_POINT('Ctrl Pts',(152.721102371047,-11.3277371331733,-8.38816279779347E-15));
#10394=CARTESIAN_POINT('Ctrl Pts',(152.935816867841,-11.0152280964534,-8.41413908507461E-15));
#10395=CARTESIAN_POINT('Ctrl Pts',(153.368679698037,-10.3852122003849,-8.46650708722818E-15));
#10396=CARTESIAN_POINT('Ctrl Pts',(153.433215482643,-9.62328691624301,-8.47363546935043E-15));
#10397=CARTESIAN_POINT('Ctrl Pts',(153.465739351349,-9.23930215405564,-8.47722793461043E-15));
#10398=CARTESIAN_POINT('',(152.721102371047,-11.3277371331733,0.999999999999992));
#10399=CARTESIAN_POINT('',(152.721102371047,-11.3277371331733,-8.38816279779347E-15));
#10400=CARTESIAN_POINT('Ctrl Pts',(152.721102371047,-11.3277371331733,0.999999999999992));
#10401=CARTESIAN_POINT('Ctrl Pts',(152.935816867841,-11.0152280964534,0.999999999999992));
#10402=CARTESIAN_POINT('Ctrl Pts',(153.368679698037,-10.3852122003849,0.999999999999992));
#10403=CARTESIAN_POINT('Ctrl Pts',(153.433215482643,-9.62328691624304,0.999999999999992));
#10404=CARTESIAN_POINT('Ctrl Pts',(153.465739351348,-9.23930215405566,0.999999999999992));
#10405=CARTESIAN_POINT('Ctrl Pts',(150.705443456261,-12.3292174413847,-8.14234255301299E-15));
#10406=CARTESIAN_POINT('Ctrl Pts',(150.705443456261,-12.3292174413847,0.999999999999992));
#10407=CARTESIAN_POINT('Ctrl Pts',(151.096787550472,-12.2875572234246,-8.19022437171831E-15));
#10408=CARTESIAN_POINT('Ctrl Pts',(151.096787550472,-12.2875572234246,0.999999999999992));
#10409=CARTESIAN_POINT('Ctrl Pts',(151.891368485563,-12.2029707548089,-8.28744311308578E-15));
#10410=CARTESIAN_POINT('Ctrl Pts',(151.891368485563,-12.2029707548089,0.999999999999992));
#10411=CARTESIAN_POINT('Ctrl Pts',(152.44177835577,-11.6223783112395,-8.35425623179425E-15));
#10412=CARTESIAN_POINT('Ctrl Pts',(152.44177835577,-11.6223783112395,0.999999999999992));
#10413=CARTESIAN_POINT('Ctrl Pts',(152.721102371047,-11.3277371331733,-8.38816279779347E-15));
#10414=CARTESIAN_POINT('Ctrl Pts',(152.721102371047,-11.3277371331733,0.999999999999992));
#10415=CARTESIAN_POINT('',(150.705443456261,-12.3292174413847,-8.14234255301299E-15));
#10416=CARTESIAN_POINT('Ctrl Pts',(150.705443456261,-12.3292174413847,-8.14234255301299E-15));
#10417=CARTESIAN_POINT('Ctrl Pts',(151.096787550472,-12.2875572234246,-8.19022437171831E-15));
#10418=CARTESIAN_POINT('Ctrl Pts',(151.891368485563,-12.2029707548089,-8.28744311308578E-15));
#10419=CARTESIAN_POINT('Ctrl Pts',(152.44177835577,-11.6223783112395,-8.35425623179425E-15));
#10420=CARTESIAN_POINT('Ctrl Pts',(152.721102371047,-11.3277371331733,-8.38816279779347E-15));
#10421=CARTESIAN_POINT('',(150.705443456261,-12.3292174413847,0.999999999999992));
#10422=CARTESIAN_POINT('',(150.705443456261,-12.3292174413847,-8.14234255301299E-15));
#10423=CARTESIAN_POINT('Ctrl Pts',(150.705443456261,-12.3292174413847,0.999999999999992));
#10424=CARTESIAN_POINT('Ctrl Pts',(151.096787550472,-12.2875572234246,0.999999999999992));
#10425=CARTESIAN_POINT('Ctrl Pts',(151.891368485563,-12.2029707548089,0.999999999999992));
#10426=CARTESIAN_POINT('Ctrl Pts',(152.44177835577,-11.6223783112395,0.999999999999992));
#10427=CARTESIAN_POINT('Ctrl Pts',(152.721102371047,-11.3277371331733,0.999999999999992));
#10428=CARTESIAN_POINT('Ctrl Pts',(146.272074401422,-10.1977904610811,-7.59726298136186E-15));
#10429=CARTESIAN_POINT('Ctrl Pts',(146.272074401422,-10.1977904610811,0.999999999999992));
#10430=CARTESIAN_POINT('Ctrl Pts',(147.012953156297,-10.8113573622118,-7.6886151876623E-15));
#10431=CARTESIAN_POINT('Ctrl Pts',(147.012953156297,-10.8113573622119,0.999999999999992));
#10432=CARTESIAN_POINT('Ctrl Pts',(148.321709932256,-11.895218701298,-7.84998817643793E-15));
#10433=CARTESIAN_POINT('Ctrl Pts',(148.321709932256,-11.895218701298,0.999999999999992));
#10434=CARTESIAN_POINT('Ctrl Pts',(149.984115109085,-12.1978874958557,-8.05387482072627E-15));
#10435=CARTESIAN_POINT('Ctrl Pts',(149.984115109085,-12.1978874958557,0.999999999999992));
#10436=CARTESIAN_POINT('Ctrl Pts',(150.705443456261,-12.3292174413847,-8.14234255301299E-15));
#10437=CARTESIAN_POINT('Ctrl Pts',(150.705443456261,-12.3292174413847,0.999999999999992));
#10438=CARTESIAN_POINT('Ctrl Pts',(146.272074401422,-10.1977904610811,-7.59726298136186E-15));
#10439=CARTESIAN_POINT('Ctrl Pts',(147.012953156297,-10.8113573622118,-7.6886151876623E-15));
#10440=CARTESIAN_POINT('Ctrl Pts',(148.321709932256,-11.895218701298,-7.84998817643793E-15));
#10441=CARTESIAN_POINT('Ctrl Pts',(149.984115109085,-12.1978874958557,-8.05387482072627E-15));
#10442=CARTESIAN_POINT('Ctrl Pts',(150.705443456261,-12.3292174413847,-8.14234255301299E-15));
#10443=CARTESIAN_POINT('Ctrl Pts',(146.272074401422,-10.1977904610811,0.999999999999992));
#10444=CARTESIAN_POINT('Ctrl Pts',(147.012953156297,-10.8113573622119,0.999999999999992));
#10445=CARTESIAN_POINT('Ctrl Pts',(148.321709932256,-11.895218701298,0.999999999999992));
#10446=CARTESIAN_POINT('Ctrl Pts',(149.984115109085,-12.1978874958557,0.999999999999992));
#10447=CARTESIAN_POINT('Ctrl Pts',(150.705443456261,-12.3292174413847,0.999999999999992));
#10448=CARTESIAN_POINT('Origin',(84.2227577766376,-12.4298780003451,1.00000000000249));
#10449=CARTESIAN_POINT('Origin',(88.078,-14.727,0.));
#10450=CARTESIAN_POINT('',(266.156,-74.454,0.));
#10451=CARTESIAN_POINT('',(-90.,-74.454,0.));
#10452=CARTESIAN_POINT('',(266.156,-74.454,0.));
#10453=CARTESIAN_POINT('',(-90.,45.,0.));
#10454=CARTESIAN_POINT('',(-90.,-74.454,0.));
#10455=CARTESIAN_POINT('',(266.156,45.,0.));
#10456=CARTESIAN_POINT('',(-90.,45.,0.));
#10457=CARTESIAN_POINT('',(266.156,45.,0.));
#10458=CARTESIAN_POINT('Origin',(88.078,-14.727,0.));
#10459=CARTESIAN_POINT('Origin',(88.078,-14.727,0.));
#10460=CARTESIAN_POINT('Origin',(88.078,-14.727,0.));
#10461=CARTESIAN_POINT('Origin',(88.078,-14.727,3.));
#10462=CARTESIAN_POINT('',(256.156,35.,3.));
#10463=CARTESIAN_POINT('',(256.156,10.1365,3.));
#10464=CARTESIAN_POINT('',(-80.,35.,3.));
#10465=CARTESIAN_POINT('',(4.039,35.,3.));
#10466=CARTESIAN_POINT('',(-80.,-39.5905,3.));
#10467=CARTESIAN_POINT('',(-77.95,-74.454,3.));
#10468=CARTESIAN_POINT('Origin',(-80.,35.,0.));
#10469=CARTESIAN_POINT('',(256.156,35.,0.));
#10470=CARTESIAN_POINT('',(-80.,35.,0.));
#10471=CARTESIAN_POINT('Origin',(256.156,35.,0.));
#10472=CARTESIAN_POINT('Origin',(-80.,-64.454,0.));
#10473=CARTESIAN_POINT('Origin',(-90.,45.,0.));
#10474=CARTESIAN_POINT('',(-90.,-74.454,0.));
#10475=CARTESIAN_POINT('',(-90.,45.,0.));
#10476=CARTESIAN_POINT('Origin',(266.156,45.,0.));
#10477=CARTESIAN_POINT('',(266.156,45.,0.));
#10478=CARTESIAN_POINT('Origin',(266.156,-74.454,0.));
#10479=CARTESIAN_POINT('',(266.156,-74.454,0.));
#10480=CARTESIAN_POINT('Origin',(-90.,-74.454,0.));
#10481=CARTESIAN_POINT('Origin',(88.078,-14.727,0.));
#10482=UNCERTAINTY_MEASURE_WITH_UNIT(LENGTH_MEASURE(0.01),#10486,
'DISTANCE_ACCURACY_VALUE',
'Maximum model space distance between geometric entities at asserted c
onnectivities');
#10483=UNCERTAINTY_MEASURE_WITH_UNIT(LENGTH_MEASURE(0.01),#10486,
'DISTANCE_ACCURACY_VALUE',
'Maximum model space distance between geometric entities at asserted c
onnectivities');
#10484=(
GEOMETRIC_REPRESENTATION_CONTEXT(3)
GLOBAL_UNCERTAINTY_ASSIGNED_CONTEXT((#10482))
GLOBAL_UNIT_ASSIGNED_CONTEXT((#10486,#10488,#10489))
REPRESENTATION_CONTEXT('','3D')
);
#10485=(
GEOMETRIC_REPRESENTATION_CONTEXT(3)
GLOBAL_UNCERTAINTY_ASSIGNED_CONTEXT((#10483))
GLOBAL_UNIT_ASSIGNED_CONTEXT((#10486,#10488,#10489))
REPRESENTATION_CONTEXT('','3D')
);
#10486=(
LENGTH_UNIT()
NAMED_UNIT(*)
SI_UNIT(.MILLI.,.METRE.)
);
#10487=(
LENGTH_UNIT()
NAMED_UNIT(*)
SI_UNIT($,.METRE.)
);
#10488=(
NAMED_UNIT(*)
PLANE_ANGLE_UNIT()
SI_UNIT($,.RADIAN.)
);
#10489=(
NAMED_UNIT(*)
SI_UNIT($,.STERADIAN.)
SOLID_ANGLE_UNIT()
);
#10490=SHAPE_DEFINITION_REPRESENTATION(#10491,#10492);
#10491=PRODUCT_DEFINITION_SHAPE('',$,#10494);
#10492=SHAPE_REPRESENTATION('',(#4770),#10484);
#10493=PRODUCT_DEFINITION_CONTEXT('part definition',#10498,'design');
#10494=PRODUCT_DEFINITION('2026-04-11-01-11-41-874','FluxKeeb Case',#10495,
#10493);
#10495=PRODUCT_DEFINITION_FORMATION('',$,#10500);
#10496=PRODUCT_RELATED_PRODUCT_CATEGORY('FluxKeeb Case','FluxKeeb Case',
(#10500));
#10497=APPLICATION_PROTOCOL_DEFINITION('international standard',
'automotive_design',2009,#10498);
#10498=APPLICATION_CONTEXT(
'Core Data for Automotive Mechanical Design Process');
#10499=PRODUCT_CONTEXT('part definition',#10498,'mechanical');
#10500=PRODUCT('2026-04-11-01-11-41-874','FluxKeeb Case',$,(#10499));
#10501=PRESENTATION_STYLE_ASSIGNMENT((#10502));
#10502=SURFACE_STYLE_USAGE(.BOTH.,#10503);
#10503=SURFACE_SIDE_STYLE('',(#10504));
#10504=SURFACE_STYLE_FILL_AREA(#10505);
#10505=FILL_AREA_STYLE('Steel - Satin',(#10506));
#10506=FILL_AREA_STYLE_COLOUR('Steel - Satin',#10507);
#10507=COLOUR_RGB('Steel - Satin',0.627450980392157,0.627450980392157,0.627450980392157);
ENDSEC;
END-ISO-10303-21;
